STN code,Monitoring Location,Type Water Body,State Name,Date,latitude,longitude,Temperature (C),Dissolved Oxygen (mg/L),pH,Conductivity (µmho/cm),BOD (mg/L),NitrateN (mg/L),Fecal Coliform (MPN/100ml),Total Coliform (MPN/100ml)
4085,"RIVER JUMAR AT BIT MESRA, RANCHI",RIVER,JHARKHAND,2023-01-01,23.411517,85.402979,20.15,4.11,6.57,,2.54,,,
4085,"RIVER JUMAR AT BIT MESRA, RANCHI",RIVER,JHARKHAND,2023-01-31,23.411517,85.402979,20.74,4.38,6.49,,2.59,,,
4085,"RIVER JUMAR AT BIT MESRA, RANCHI",RIVER,JHARKHAND,2023-03-02,23.411517,85.402979,20.97,4.13,6.71,,2.57,,,
4085,"RIVER JUMAR AT BIT MESRA, RANCHI",RIVER,JHARKHAND,2023-04-01,23.411517,85.402979,21.61,4.36,6.84,,2.43,,,
4085,"RIVER JUMAR AT BIT MESRA, RANCHI",RIVER,JHARKHAND,2023-05-01,23.411517,85.402979,21.14,4.28,6.92,,2.63,,,
4085,"RIVER JUMAR AT BIT MESRA, RANCHI",RIVER,JHARKHAND,2023-05-31,23.411517,85.402979,21.4,4.42,6.71,,2.51,,,
4085,"RIVER JUMAR AT BIT MESRA, RANCHI",RIVER,JHARKHAND,2023-06-30,23.411517,85.402979,21.51,4.28,6.91,,2.55,,,
4085,"RIVER JUMAR AT BIT MESRA, RANCHI",RIVER,JHARKHAND,2023-07-30,23.411517,85.402979,22.37,4.42,6.85,,2.49,,,
4085,"RIVER JUMAR AT BIT MESRA, RANCHI",RIVER,JHARKHAND,2023-08-29,23.411517,85.402979,21.48,4.34,7.29,,2.61,,,
4085,"RIVER JUMAR AT BIT MESRA, RANCHI",RIVER,JHARKHAND,2023-09-28,23.411517,85.402979,21.94,4.37,7.24,,2.55,,,
4085,"RIVER JUMAR AT BIT MESRA, RANCHI",RIVER,JHARKHAND,2023-10-28,23.411517,85.402979,21.45,4.53,6.97,,2.64,,,
4085,"RIVER JUMAR AT BIT MESRA, RANCHI",RIVER,JHARKHAND,2023-11-27,23.411517,85.402979,21.45,4.78,7.44,,2.73,,,
4085,"RIVER JUMAR AT BIT MESRA, RANCHI",RIVER,JHARKHAND,2023-12-27,23.411517,85.402979,22.21,4.85,7.11,,2.59,,,
4085,"RIVER JUMAR AT BIT MESRA, RANCHI",RIVER,JHARKHAND,2024-01-26,23.411517,85.402979,22.07,4.92,7.34,,2.63,,,
4085,"RIVER JUMAR AT BIT MESRA, RANCHI",RIVER,JHARKHAND,2024-02-25,23.411517,85.402979,23.08,4.73,7.3,,2.67,,,
4085,"RIVER JUMAR AT BIT MESRA, RANCHI",RIVER,JHARKHAND,2024-03-26,23.411517,85.402979,23.0,4.71,7.65,,2.79,,,
4085,"RIVER JUMAR AT BIT MESRA, RANCHI",RIVER,JHARKHAND,2024-04-25,23.411517,85.402979,22.63,4.8,7.34,,2.75,,,
4085,"RIVER JUMAR AT BIT MESRA, RANCHI",RIVER,JHARKHAND,2024-05-25,23.411517,85.402979,23.5,4.94,7.29,,2.74,,,
4085,"RIVER JUMAR AT BIT MESRA, RANCHI",RIVER,JHARKHAND,2024-06-24,23.411517,85.402979,22.96,4.87,7.34,,2.92,,,
4085,"RIVER JUMAR AT BIT MESRA, RANCHI",RIVER,JHARKHAND,2024-07-24,23.411517,85.402979,23.84,4.96,7.71,,2.83,,,
4085,"RIVER JUMAR AT BIT MESRA, RANCHI",RIVER,JHARKHAND,2024-08-23,23.411517,85.402979,23.01,4.82,7.66,,2.87,,,
4085,"RIVER JUMAR AT BIT MESRA, RANCHI",RIVER,JHARKHAND,2024-09-22,23.411517,85.402979,24.44,4.85,7.91,,2.76,,,
4085,"RIVER JUMAR AT BIT MESRA, RANCHI",RIVER,JHARKHAND,2024-10-22,23.411517,85.402979,24.55,5.04,7.75,,2.92,,,
4085,"RIVER JUMAR AT BIT MESRA, RANCHI",RIVER,JHARKHAND,2024-11-21,23.411517,85.402979,24.03,5.21,7.84,,2.87,,,
2396,RIVER JUMAR AT KANKE DAM,RIVER,JHARKHAND,2023-01-01,23.455233,85.310539,19.57,6.86,7.46,,2.62,,,
2396,RIVER JUMAR AT KANKE DAM,RIVER,JHARKHAND,2023-01-31,23.455233,85.310539,19.28,6.88,7.93,,2.53,,,
2396,RIVER JUMAR AT KANKE DAM,RIVER,JHARKHAND,2023-03-02,23.455233,85.310539,19.05,6.42,7.9,,2.51,,,
2396,RIVER JUMAR AT KANKE DAM,RIVER,JHARKHAND,2023-04-01,23.455233,85.310539,18.54,6.71,7.94,,2.55,,,
2396,RIVER JUMAR AT KANKE DAM,RIVER,JHARKHAND,2023-05-01,23.455233,85.310539,19.08,6.7,7.61,,2.72,,,
2396,RIVER JUMAR AT KANKE DAM,RIVER,JHARKHAND,2023-05-31,23.455233,85.310539,19.52,6.63,8.05,,2.67,,,
2396,RIVER JUMAR AT KANKE DAM,RIVER,JHARKHAND,2023-06-30,23.455233,85.310539,19.58,6.94,8.21,,2.6,,,
2396,RIVER JUMAR AT KANKE DAM,RIVER,JHARKHAND,2023-07-30,23.455233,85.310539,19.16,7.18,8.36,,2.76,,,
2396,RIVER JUMAR AT KANKE DAM,RIVER,JHARKHAND,2023-08-29,23.455233,85.310539,20.47,6.77,8.1,,2.67,,,
2396,RIVER JUMAR AT KANKE DAM,RIVER,JHARKHAND,2023-09-28,23.455233,85.310539,20.73,7.0,8.33,,2.62,,,
2396,RIVER JUMAR AT KANKE DAM,RIVER,JHARKHAND,2023-10-28,23.455233,85.310539,20.13,7.34,8.38,,2.66,,,
2396,RIVER JUMAR AT KANKE DAM,RIVER,JHARKHAND,2023-11-27,23.455233,85.310539,19.92,7.44,7.96,,2.8,,,
2396,RIVER JUMAR AT KANKE DAM,RIVER,JHARKHAND,2023-12-27,23.455233,85.310539,20.5,7.5,8.26,,2.81,,,
2396,RIVER JUMAR AT KANKE DAM,RIVER,JHARKHAND,2024-01-26,23.455233,85.310539,20.47,7.31,8.53,,2.82,,,
2396,RIVER JUMAR AT KANKE DAM,RIVER,JHARKHAND,2024-02-25,23.455233,85.310539,21.95,7.35,8.72,,2.92,,,
2396,RIVER JUMAR AT KANKE DAM,RIVER,JHARKHAND,2024-03-26,23.455233,85.310539,20.95,7.54,8.53,,2.87,,,
2396,RIVER JUMAR AT KANKE DAM,RIVER,JHARKHAND,2024-04-25,23.455233,85.310539,22.14,7.54,8.27,,2.87,,,
2396,RIVER JUMAR AT KANKE DAM,RIVER,JHARKHAND,2024-05-25,23.455233,85.310539,20.84,7.38,8.84,,2.95,,,
2396,RIVER JUMAR AT KANKE DAM,RIVER,JHARKHAND,2024-06-24,23.455233,85.310539,22.05,7.83,8.32,,3.04,,,
2396,RIVER JUMAR AT KANKE DAM,RIVER,JHARKHAND,2024-07-24,23.455233,85.310539,21.06,7.38,8.93,,2.97,,,
2396,RIVER JUMAR AT KANKE DAM,RIVER,JHARKHAND,2024-08-23,23.455233,85.310539,21.77,7.84,8.69,,3.09,,,
2396,RIVER JUMAR AT KANKE DAM,RIVER,JHARKHAND,2024-09-22,23.455233,85.310539,21.49,7.85,9.06,,2.92,,,
2396,RIVER JUMAR AT KANKE DAM,RIVER,JHARKHAND,2024-10-22,23.455233,85.310539,22.72,7.56,9.19,,2.99,,,
2396,RIVER JUMAR AT KANKE DAM,RIVER,JHARKHAND,2024-11-21,23.455233,85.310539,23.39,7.88,8.65,,2.94,,,
2401,RIVER AJAY AT MASANJORE DAM,RIVER,JHARKHAND,2023-01-01,24.112461,87.310836,27.47,5.94,7.36,203.21,1.4,,,
2401,RIVER AJAY AT MASANJORE DAM,RIVER,JHARKHAND,2023-01-31,24.112461,87.310836,26.9,6.16,7.65,204.16,1.51,,,
2401,RIVER AJAY AT MASANJORE DAM,RIVER,JHARKHAND,2023-03-02,24.112461,87.310836,25.72,6.2,7.6,203.59,1.46,,,
2401,RIVER AJAY AT MASANJORE DAM,RIVER,JHARKHAND,2023-04-01,24.112461,87.310836,26.92,6.6,7.9,211.48,1.53,,,
2401,RIVER AJAY AT MASANJORE DAM,RIVER,JHARKHAND,2023-05-01,24.112461,87.310836,26.19,6.61,8.15,211.27,1.51,,,
2401,RIVER AJAY AT MASANJORE DAM,RIVER,JHARKHAND,2023-05-31,24.112461,87.310836,28.56,6.64,8.04,222.78,1.45,,,
2401,RIVER AJAY AT MASANJORE DAM,RIVER,JHARKHAND,2023-06-30,24.112461,87.310836,28.55,6.73,7.67,216.69,1.53,,,
2401,RIVER AJAY AT MASANJORE DAM,RIVER,JHARKHAND,2023-07-30,24.112461,87.310836,28.91,6.58,7.88,227.39,1.57,,,
2401,RIVER AJAY AT MASANJORE DAM,RIVER,JHARKHAND,2023-08-29,24.112461,87.310836,28.2,6.68,8.38,214.41,1.61,,,
2401,RIVER AJAY AT MASANJORE DAM,RIVER,JHARKHAND,2023-09-28,24.112461,87.310836,27.79,6.58,7.92,216.98,1.54,,,
2401,RIVER AJAY AT MASANJORE DAM,RIVER,JHARKHAND,2023-10-28,24.112461,87.310836,29.8,6.83,8.23,218.22,1.53,,,
2401,RIVER AJAY AT MASANJORE DAM,RIVER,JHARKHAND,2023-11-27,24.112461,87.310836,29.03,6.86,8.45,229.52,1.61,,,
2401,RIVER AJAY AT MASANJORE DAM,RIVER,JHARKHAND,2023-12-27,24.112461,87.310836,27.83,7.08,8.3,230.47,1.66,,,
2401,RIVER AJAY AT MASANJORE DAM,RIVER,JHARKHAND,2024-01-26,24.112461,87.310836,28.45,6.7,8.36,237.02,1.63,,,
2401,RIVER AJAY AT MASANJORE DAM,RIVER,JHARKHAND,2024-02-25,24.112461,87.310836,29.43,7.03,8.5,230.95,1.63,,,
2401,RIVER AJAY AT MASANJORE DAM,RIVER,JHARKHAND,2024-03-26,24.112461,87.310836,30.07,6.92,8.32,229.69,1.57,,,
2401,RIVER AJAY AT MASANJORE DAM,RIVER,JHARKHAND,2024-04-25,24.112461,87.310836,30.93,7.14,8.37,235.47,1.69,,,
2401,RIVER AJAY AT MASANJORE DAM,RIVER,JHARKHAND,2024-05-25,24.112461,87.310836,28.97,7.13,8.82,229.32,1.68,,,
2401,RIVER AJAY AT MASANJORE DAM,RIVER,JHARKHAND,2024-06-24,24.112461,87.310836,31.3,7.02,9.06,235.9,1.69,,,
2401,RIVER AJAY AT MASANJORE DAM,RIVER,JHARKHAND,2024-07-24,24.112461,87.310836,31.3,7.36,8.99,239.11,1.63,,,
2401,RIVER AJAY AT MASANJORE DAM,RIVER,JHARKHAND,2024-08-23,24.112461,87.310836,31.96,7.51,9.04,238.71,1.63,,,
2401,RIVER AJAY AT MASANJORE DAM,RIVER,JHARKHAND,2024-09-22,24.112461,87.310836,32.19,7.08,8.61,249.3,1.68,,,
2401,RIVER AJAY AT MASANJORE DAM,RIVER,JHARKHAND,2024-10-22,24.112461,87.310836,30.81,7.62,8.96,238.47,1.74,,,
2401,RIVER AJAY AT MASANJORE DAM,RIVER,JHARKHAND,2024-11-21,24.112461,87.310836,31.53,7.32,8.76,249.53,1.76,,,
3554,"RIVER KONAR NEAR SWANG COAL WASHERY, BOKARO",RIVER,JHARKHAND,2023-01-01,23.79413,85.863369,26.41,7.87,7.65,,2.14,,,
3554,"RIVER KONAR NEAR SWANG COAL WASHERY, BOKARO",RIVER,JHARKHAND,2023-01-31,23.79413,85.863369,26.26,7.25,7.53,,2.32,,,
3554,"RIVER KONAR NEAR SWANG COAL WASHERY, BOKARO",RIVER,JHARKHAND,2023-03-02,23.79413,85.863369,26.14,7.9,7.31,,2.2,,,
3554,"RIVER KONAR NEAR SWANG COAL WASHERY, BOKARO",RIVER,JHARKHAND,2023-04-01,23.79413,85.863369,26.81,7.57,7.64,,2.35,,,
3554,"RIVER KONAR NEAR SWANG COAL WASHERY, BOKARO",RIVER,JHARKHAND,2023-05-01,23.79413,85.863369,25.57,7.74,7.21,,2.26,,,
3554,"RIVER KONAR NEAR SWANG COAL WASHERY, BOKARO",RIVER,JHARKHAND,2023-05-31,23.79413,85.863369,27.57,7.9,7.27,,2.35,,,
3554,"RIVER KONAR NEAR SWANG COAL WASHERY, BOKARO",RIVER,JHARKHAND,2023-06-30,23.79413,85.863369,25.57,7.93,7.68,,2.32,,,
3554,"RIVER KONAR NEAR SWANG COAL WASHERY, BOKARO",RIVER,JHARKHAND,2023-07-30,23.79413,85.863369,27.66,7.93,7.35,,2.2,,,
3554,"RIVER KONAR NEAR SWANG COAL WASHERY, BOKARO",RIVER,JHARKHAND,2023-08-29,23.79413,85.863369,26.38,7.37,7.11,,2.2,,,
3554,"RIVER KONAR NEAR SWANG COAL WASHERY, BOKARO",RIVER,JHARKHAND,2023-09-28,23.79413,85.863369,25.26,7.5,7.48,,2.27,,,
3554,"RIVER KONAR NEAR SWANG COAL WASHERY, BOKARO",RIVER,JHARKHAND,2023-10-28,23.79413,85.863369,26.05,7.23,7.81,,2.25,,,
3554,"RIVER KONAR NEAR SWANG COAL WASHERY, BOKARO",RIVER,JHARKHAND,2023-11-27,23.79413,85.863369,26.87,7.28,7.38,,2.33,,,
3554,"RIVER KONAR NEAR SWANG COAL WASHERY, BOKARO",RIVER,JHARKHAND,2023-12-27,23.79413,85.863369,25.19,7.53,7.54,,2.34,,,
3554,"RIVER KONAR NEAR SWANG COAL WASHERY, BOKARO",RIVER,JHARKHAND,2024-01-26,23.79413,85.863369,27.17,7.47,7.08,,2.18,,,
3554,"RIVER KONAR NEAR SWANG COAL WASHERY, BOKARO",RIVER,JHARKHAND,2024-02-25,23.79413,85.863369,26.4,7.62,7.42,,2.34,,,
3554,"RIVER KONAR NEAR SWANG COAL WASHERY, BOKARO",RIVER,JHARKHAND,2024-03-26,23.79413,85.863369,27.21,7.39,7.14,,2.3,,,
3554,"RIVER KONAR NEAR SWANG COAL WASHERY, BOKARO",RIVER,JHARKHAND,2024-04-25,23.79413,85.863369,25.84,7.41,7.23,,2.31,,,
3554,"RIVER KONAR NEAR SWANG COAL WASHERY, BOKARO",RIVER,JHARKHAND,2024-05-25,23.79413,85.863369,25.71,7.62,7.32,,2.3,,,
3554,"RIVER KONAR NEAR SWANG COAL WASHERY, BOKARO",RIVER,JHARKHAND,2024-06-24,23.79413,85.863369,27.34,7.34,7.29,,2.25,,,
3554,"RIVER KONAR NEAR SWANG COAL WASHERY, BOKARO",RIVER,JHARKHAND,2024-07-24,23.79413,85.863369,25.53,7.7,7.71,,2.35,,,
3554,"RIVER KONAR NEAR SWANG COAL WASHERY, BOKARO",RIVER,JHARKHAND,2024-08-23,23.79413,85.863369,25.26,7.4,7.27,,2.34,,,
3554,"RIVER KONAR NEAR SWANG COAL WASHERY, BOKARO",RIVER,JHARKHAND,2024-09-22,23.79413,85.863369,25.88,7.28,7.08,,2.15,,,
3554,"RIVER KONAR NEAR SWANG COAL WASHERY, BOKARO",RIVER,JHARKHAND,2024-10-22,23.79413,85.863369,27.12,7.97,7.52,,2.24,,,
3554,"RIVER KONAR NEAR SWANG COAL WASHERY, BOKARO",RIVER,JHARKHAND,2024-11-21,23.79413,85.863369,26.57,7.28,7.72,,2.22,,,
2390,RIVER KONAR AT TENUGHAT DAM,RIVER,JHARKHAND,2023-01-01,23.780586,85.876131,25.41,7.9,7.26,,1.71,,,
2390,RIVER KONAR AT TENUGHAT DAM,RIVER,JHARKHAND,2023-01-31,23.780586,85.876131,24.02,7.66,7.66,,1.67,,,
2390,RIVER KONAR AT TENUGHAT DAM,RIVER,JHARKHAND,2023-03-02,23.780586,85.876131,25.83,7.67,7.55,,1.6,,,
2390,RIVER KONAR AT TENUGHAT DAM,RIVER,JHARKHAND,2023-04-01,23.780586,85.876131,24.05,7.79,7.48,,1.69,,,
2390,RIVER KONAR AT TENUGHAT DAM,RIVER,JHARKHAND,2023-05-01,23.780586,85.876131,25.27,7.62,8.07,,1.75,,,
2390,RIVER KONAR AT TENUGHAT DAM,RIVER,JHARKHAND,2023-05-31,23.780586,85.876131,25.0,7.9,7.68,,1.67,,,
2390,RIVER KONAR AT TENUGHAT DAM,RIVER,JHARKHAND,2023-06-30,23.780586,85.876131,25.89,7.9,7.89,,1.79,,,
2390,RIVER KONAR AT TENUGHAT DAM,RIVER,JHARKHAND,2023-07-30,23.780586,85.876131,26.92,8.32,8.41,,1.7,,,
2390,RIVER KONAR AT TENUGHAT DAM,RIVER,JHARKHAND,2023-08-29,23.780586,85.876131,26.51,8.56,7.92,,1.81,,,
2390,RIVER KONAR AT TENUGHAT DAM,RIVER,JHARKHAND,2023-09-28,23.780586,85.876131,27.31,8.41,8.37,,1.85,,,
2390,RIVER KONAR AT TENUGHAT DAM,RIVER,JHARKHAND,2023-10-28,23.780586,85.876131,27.34,8.5,8.05,,1.73,,,
2390,RIVER KONAR AT TENUGHAT DAM,RIVER,JHARKHAND,2023-11-27,23.780586,85.876131,26.29,8.42,8.56,,1.85,,,
2390,RIVER KONAR AT TENUGHAT DAM,RIVER,JHARKHAND,2023-12-27,23.780586,85.876131,26.46,8.35,7.98,,1.76,,,
2390,RIVER KONAR AT TENUGHAT DAM,RIVER,JHARKHAND,2024-01-26,23.780586,85.876131,26.21,8.27,8.2,,1.83,,,
2390,RIVER KONAR AT TENUGHAT DAM,RIVER,JHARKHAND,2024-02-25,23.780586,85.876131,28.19,8.39,8.2,,1.83,,,
2390,RIVER KONAR AT TENUGHAT DAM,RIVER,JHARKHAND,2024-03-26,23.780586,85.876131,26.91,8.93,8.77,,1.93,,,
2390,RIVER KONAR AT TENUGHAT DAM,RIVER,JHARKHAND,2024-04-25,23.780586,85.876131,28.16,8.49,8.49,,1.84,,,
2390,RIVER KONAR AT TENUGHAT DAM,RIVER,JHARKHAND,2024-05-25,23.780586,85.876131,27.71,9.17,8.71,,1.86,,,
2390,RIVER KONAR AT TENUGHAT DAM,RIVER,JHARKHAND,2024-06-24,23.780586,85.876131,28.34,8.68,8.45,,1.87,,,
2390,RIVER KONAR AT TENUGHAT DAM,RIVER,JHARKHAND,2024-07-24,23.780586,85.876131,28.64,8.94,9.04,,1.88,,,
2390,RIVER KONAR AT TENUGHAT DAM,RIVER,JHARKHAND,2024-08-23,23.780586,85.876131,27.59,9.21,9.16,,1.86,,,
2390,RIVER KONAR AT TENUGHAT DAM,RIVER,JHARKHAND,2024-09-22,23.780586,85.876131,27.98,8.96,8.6,,2.0,,,
2390,RIVER KONAR AT TENUGHAT DAM,RIVER,JHARKHAND,2024-10-22,23.780586,85.876131,30.19,9.03,9.2,,1.96,,,
2390,RIVER KONAR AT TENUGHAT DAM,RIVER,JHARKHAND,2024-11-21,23.780586,85.876131,29.13,8.99,9.29,,1.9,,,
4000,RIVER GARGA NEAR TELMUCHO BRIDGE,RIVER,JHARKHAND,2023-01-01,23.7127,86.192737,23.22,7.19,7.52,,2.82,,,
4000,RIVER GARGA NEAR TELMUCHO BRIDGE,RIVER,JHARKHAND,2023-01-31,23.7127,86.192737,22.45,6.72,7.32,,2.9,,,
4000,RIVER GARGA NEAR TELMUCHO BRIDGE,RIVER,JHARKHAND,2023-03-02,23.7127,86.192737,23.35,7.24,7.27,,2.92,,,
4000,RIVER GARGA NEAR TELMUCHO BRIDGE,RIVER,JHARKHAND,2023-04-01,23.7127,86.192737,22.27,7.51,7.72,,2.86,,,
4000,RIVER GARGA NEAR TELMUCHO BRIDGE,RIVER,JHARKHAND,2023-05-01,23.7127,86.192737,23.54,7.33,7.92,,2.97,,,
4000,RIVER GARGA NEAR TELMUCHO BRIDGE,RIVER,JHARKHAND,2023-05-31,23.7127,86.192737,24.26,7.55,7.38,,2.97,,,
4000,RIVER GARGA NEAR TELMUCHO BRIDGE,RIVER,JHARKHAND,2023-06-30,23.7127,86.192737,23.11,7.04,7.94,,3.1,,,
4000,RIVER GARGA NEAR TELMUCHO BRIDGE,RIVER,JHARKHAND,2023-07-30,23.7127,86.192737,24.49,7.39,7.62,,3.18,,,
4000,RIVER GARGA NEAR TELMUCHO BRIDGE,RIVER,JHARKHAND,2023-08-29,23.7127,86.192737,24.54,7.38,7.8,,3.03,,,
4000,RIVER GARGA NEAR TELMUCHO BRIDGE,RIVER,JHARKHAND,2023-09-28,23.7127,86.192737,23.65,7.43,8.25,,3.14,,,
4000,RIVER GARGA NEAR TELMUCHO BRIDGE,RIVER,JHARKHAND,2023-10-28,23.7127,86.192737,24.97,7.26,7.8,,3.07,,,
4000,RIVER GARGA NEAR TELMUCHO BRIDGE,RIVER,JHARKHAND,2023-11-27,23.7127,86.192737,24.67,7.39,7.74,,3.27,,,
4000,RIVER GARGA NEAR TELMUCHO BRIDGE,RIVER,JHARKHAND,2023-12-27,23.7127,86.192737,24.47,7.4,8.4,,3.26,,,
4000,RIVER GARGA NEAR TELMUCHO BRIDGE,RIVER,JHARKHAND,2024-01-26,23.7127,86.192737,24.26,7.53,8.35,,3.12,,,
4000,RIVER GARGA NEAR TELMUCHO BRIDGE,RIVER,JHARKHAND,2024-02-25,23.7127,86.192737,25.1,8.06,8.31,,3.21,,,
4000,RIVER GARGA NEAR TELMUCHO BRIDGE,RIVER,JHARKHAND,2024-03-26,23.7127,86.192737,25.85,7.65,7.93,,3.26,,,
4000,RIVER GARGA NEAR TELMUCHO BRIDGE,RIVER,JHARKHAND,2024-04-25,23.7127,86.192737,26.1,8.26,8.28,,3.3,,,
4000,RIVER GARGA NEAR TELMUCHO BRIDGE,RIVER,JHARKHAND,2024-05-25,23.7127,86.192737,25.15,7.87,8.05,,3.45,,,
4000,RIVER GARGA NEAR TELMUCHO BRIDGE,RIVER,JHARKHAND,2024-06-24,23.7127,86.192737,25.18,7.96,8.68,,3.33,,,
4000,RIVER GARGA NEAR TELMUCHO BRIDGE,RIVER,JHARKHAND,2024-07-24,23.7127,86.192737,26.56,8.43,8.8,,3.49,,,
4000,RIVER GARGA NEAR TELMUCHO BRIDGE,RIVER,JHARKHAND,2024-08-23,23.7127,86.192737,25.83,7.9,8.22,,3.38,,,
4000,RIVER GARGA NEAR TELMUCHO BRIDGE,RIVER,JHARKHAND,2024-09-22,23.7127,86.192737,27.49,8.56,8.48,,3.42,,,
4000,RIVER GARGA NEAR TELMUCHO BRIDGE,RIVER,JHARKHAND,2024-10-22,23.7127,86.192737,27.66,8.56,8.52,,3.45,,,
4000,RIVER GARGA NEAR TELMUCHO BRIDGE,RIVER,JHARKHAND,2024-11-21,23.7127,86.192737,27.43,8.66,8.46,,3.48,,,
2381,RIVER BOKARO AT ZARANGDIH BRIDGE,RIVER,JHARKHAND,2023-01-01,23.770609,85.922067,24.99,7.75,7.23,,2.11,,,
2381,RIVER BOKARO AT ZARANGDIH BRIDGE,RIVER,JHARKHAND,2023-01-31,23.770609,85.922067,26.75,7.97,7.43,,2.12,,,
2381,RIVER BOKARO AT ZARANGDIH BRIDGE,RIVER,JHARKHAND,2023-03-02,23.770609,85.922067,26.78,7.7,7.51,,2.09,,,
2381,RIVER BOKARO AT ZARANGDIH BRIDGE,RIVER,JHARKHAND,2023-04-01,23.770609,85.922067,24.77,7.86,7.23,,2.11,,,
2381,RIVER BOKARO AT ZARANGDIH BRIDGE,RIVER,JHARKHAND,2023-05-01,23.770609,85.922067,26.14,7.34,7.2,,2.12,,,
2381,RIVER BOKARO AT ZARANGDIH BRIDGE,RIVER,JHARKHAND,2023-05-31,23.770609,85.922067,23.92,7.3,6.92,,2.03,,,
2381,RIVER BOKARO AT ZARANGDIH BRIDGE,RIVER,JHARKHAND,2023-06-30,23.770609,85.922067,23.95,7.39,7.25,,2.15,,,
2381,RIVER BOKARO AT ZARANGDIH BRIDGE,RIVER,JHARKHAND,2023-07-30,23.770609,85.922067,23.52,7.03,6.71,,2.17,,,
2381,RIVER BOKARO AT ZARANGDIH BRIDGE,RIVER,JHARKHAND,2023-08-29,23.770609,85.922067,24.35,6.96,6.9,,1.98,,,
2381,RIVER BOKARO AT ZARANGDIH BRIDGE,RIVER,JHARKHAND,2023-09-28,23.770609,85.922067,23.61,6.98,7.06,,2.13,,,
2381,RIVER BOKARO AT ZARANGDIH BRIDGE,RIVER,JHARKHAND,2023-10-28,23.770609,85.922067,22.77,7.17,6.8,,1.94,,,
2381,RIVER BOKARO AT ZARANGDIH BRIDGE,RIVER,JHARKHAND,2023-11-27,23.770609,85.922067,23.46,7.02,6.3,,1.9,,,
2381,RIVER BOKARO AT ZARANGDIH BRIDGE,RIVER,JHARKHAND,2023-12-27,23.770609,85.922067,24.38,6.89,6.32,,1.93,,,
2381,RIVER BOKARO AT ZARANGDIH BRIDGE,RIVER,JHARKHAND,2024-01-26,23.770609,85.922067,22.46,6.82,6.2,,2.01,,,
2381,RIVER BOKARO AT ZARANGDIH BRIDGE,RIVER,JHARKHAND,2024-02-25,23.770609,85.922067,23.44,6.58,6.1,,1.96,,,
2381,RIVER BOKARO AT ZARANGDIH BRIDGE,RIVER,JHARKHAND,2024-03-26,23.770609,85.922067,23.47,6.77,6.09,,2.01,,,
2381,RIVER BOKARO AT ZARANGDIH BRIDGE,RIVER,JHARKHAND,2024-04-25,23.770609,85.922067,22.92,6.64,6.03,,1.98,,,
2381,RIVER BOKARO AT ZARANGDIH BRIDGE,RIVER,JHARKHAND,2024-05-25,23.770609,85.922067,22.87,6.49,6.18,,1.83,,,
2381,RIVER BOKARO AT ZARANGDIH BRIDGE,RIVER,JHARKHAND,2024-06-24,23.770609,85.922067,23.15,6.26,6.25,,1.8,,,
2381,RIVER BOKARO AT ZARANGDIH BRIDGE,RIVER,JHARKHAND,2024-07-24,23.770609,85.922067,22.24,6.73,6.5,,1.8,,,
2381,RIVER BOKARO AT ZARANGDIH BRIDGE,RIVER,JHARKHAND,2024-08-23,23.770609,85.922067,20.61,6.79,5.75,,1.81,,,
2381,RIVER BOKARO AT ZARANGDIH BRIDGE,RIVER,JHARKHAND,2024-09-22,23.770609,85.922067,20.74,6.36,5.77,,1.76,,,
2381,RIVER BOKARO AT ZARANGDIH BRIDGE,RIVER,JHARKHAND,2024-10-22,23.770609,85.922067,20.14,5.92,5.61,,1.8,,,
2381,RIVER BOKARO AT ZARANGDIH BRIDGE,RIVER,JHARKHAND,2024-11-21,23.770609,85.922067,21.67,6.35,5.78,,1.73,,,
1034,"RIVER SANKH AT BOLBA, JHARKHAND",RIVER,JHARKHAND,2023-01-01,22.460644,84.331716,19.67,8.4,7.24,,1.47,,,
1034,"RIVER SANKH AT BOLBA, JHARKHAND",RIVER,JHARKHAND,2023-01-31,22.460644,84.331716,19.65,8.06,7.62,,1.43,,,
1034,"RIVER SANKH AT BOLBA, JHARKHAND",RIVER,JHARKHAND,2023-03-02,22.460644,84.331716,19.94,7.97,7.59,,1.49,,,
1034,"RIVER SANKH AT BOLBA, JHARKHAND",RIVER,JHARKHAND,2023-04-01,22.460644,84.331716,19.75,8.42,7.56,,1.5,,,
1034,"RIVER SANKH AT BOLBA, JHARKHAND",RIVER,JHARKHAND,2023-05-01,22.460644,84.331716,20.62,8.78,7.5,,1.45,,,
1034,"RIVER SANKH AT BOLBA, JHARKHAND",RIVER,JHARKHAND,2023-05-31,22.460644,84.331716,19.67,8.49,7.9,,1.47,,,
1034,"RIVER SANKH AT BOLBA, JHARKHAND",RIVER,JHARKHAND,2023-06-30,22.460644,84.331716,21.25,8.59,7.51,,1.58,,,
1034,"RIVER SANKH AT BOLBA, JHARKHAND",RIVER,JHARKHAND,2023-07-30,22.460644,84.331716,19.91,8.54,7.89,,1.58,,,
1034,"RIVER SANKH AT BOLBA, JHARKHAND",RIVER,JHARKHAND,2023-08-29,22.460644,84.331716,20.31,8.72,8.09,,1.49,,,
1034,"RIVER SANKH AT BOLBA, JHARKHAND",RIVER,JHARKHAND,2023-09-28,22.460644,84.331716,20.43,8.97,8.23,,1.53,,,
1034,"RIVER SANKH AT BOLBA, JHARKHAND",RIVER,JHARKHAND,2023-10-28,22.460644,84.331716,20.5,9.04,7.94,,1.59,,,
1034,"RIVER SANKH AT BOLBA, JHARKHAND",RIVER,JHARKHAND,2023-11-27,22.460644,84.331716,22.24,9.19,7.73,,1.55,,,
1034,"RIVER SANKH AT BOLBA, JHARKHAND",RIVER,JHARKHAND,2023-12-27,22.460644,84.331716,22.13,8.73,8.3,,1.56,,,
1034,"RIVER SANKH AT BOLBA, JHARKHAND",RIVER,JHARKHAND,2024-01-26,22.460644,84.331716,22.14,9.07,8.37,,1.66,,,
1034,"RIVER SANKH AT BOLBA, JHARKHAND",RIVER,JHARKHAND,2024-02-25,22.460644,84.331716,22.66,8.86,7.91,,1.67,,,
1034,"RIVER SANKH AT BOLBA, JHARKHAND",RIVER,JHARKHAND,2024-03-26,22.460644,84.331716,22.17,9.05,8.45,,1.59,,,
1034,"RIVER SANKH AT BOLBA, JHARKHAND",RIVER,JHARKHAND,2024-04-25,22.460644,84.331716,21.97,9.21,8.59,,1.7,,,
1034,"RIVER SANKH AT BOLBA, JHARKHAND",RIVER,JHARKHAND,2024-05-25,22.460644,84.331716,22.67,8.98,8.5,,1.72,,,
1034,"RIVER SANKH AT BOLBA, JHARKHAND",RIVER,JHARKHAND,2024-06-24,22.460644,84.331716,22.88,8.99,8.18,,1.69,,,
1034,"RIVER SANKH AT BOLBA, JHARKHAND",RIVER,JHARKHAND,2024-07-24,22.460644,84.331716,21.73,9.08,8.69,,1.65,,,
1034,"RIVER SANKH AT BOLBA, JHARKHAND",RIVER,JHARKHAND,2024-08-23,22.460644,84.331716,22.47,9.68,8.35,,1.64,,,
1034,"RIVER SANKH AT BOLBA, JHARKHAND",RIVER,JHARKHAND,2024-09-22,22.460644,84.331716,23.37,9.53,8.92,,1.65,,,
1034,"RIVER SANKH AT BOLBA, JHARKHAND",RIVER,JHARKHAND,2024-10-22,22.460644,84.331716,23.63,9.95,8.57,,1.78,,,
1034,"RIVER SANKH AT BOLBA, JHARKHAND",RIVER,JHARKHAND,2024-11-21,22.460644,84.331716,22.6,9.93,8.62,,1.7,,,
2392,RIVER BARAKAR AT MAITHAN DAM,RIVER,JHARKHAND,2023-01-01,23.785806,86.813612,19.28,7.69,7.18,,1.89,,,
2392,RIVER BARAKAR AT MAITHAN DAM,RIVER,JHARKHAND,2023-01-31,23.785806,86.813612,20.14,7.5,7.59,,1.73,,,
2392,RIVER BARAKAR AT MAITHAN DAM,RIVER,JHARKHAND,2023-03-02,23.785806,86.813612,18.69,7.44,7.82,,1.72,,,
2392,RIVER BARAKAR AT MAITHAN DAM,RIVER,JHARKHAND,2023-04-01,23.785806,86.813612,19.02,7.35,7.4,,1.72,,,
2392,RIVER BARAKAR AT MAITHAN DAM,RIVER,JHARKHAND,2023-05-01,23.785806,86.813612,19.58,7.47,7.54,,1.82,,,
2392,RIVER BARAKAR AT MAITHAN DAM,RIVER,JHARKHAND,2023-05-31,23.785806,86.813612,20.09,7.88,7.4,,1.76,,,
2392,RIVER BARAKAR AT MAITHAN DAM,RIVER,JHARKHAND,2023-06-30,23.785806,86.813612,18.8,7.28,7.54,,1.86,,,
2392,RIVER BARAKAR AT MAITHAN DAM,RIVER,JHARKHAND,2023-07-30,23.785806,86.813612,19.09,7.19,7.5,,1.85,,,
2392,RIVER BARAKAR AT MAITHAN DAM,RIVER,JHARKHAND,2023-08-29,23.785806,86.813612,19.3,7.38,7.32,,1.81,,,
2392,RIVER BARAKAR AT MAITHAN DAM,RIVER,JHARKHAND,2023-09-28,23.785806,86.813612,19.9,7.75,7.79,,1.75,,,
2392,RIVER BARAKAR AT MAITHAN DAM,RIVER,JHARKHAND,2023-10-28,23.785806,86.813612,19.53,7.27,7.72,,1.72,,,
2392,RIVER BARAKAR AT MAITHAN DAM,RIVER,JHARKHAND,2023-11-27,23.785806,86.813612,19.64,7.56,7.39,,1.75,,,
2392,RIVER BARAKAR AT MAITHAN DAM,RIVER,JHARKHAND,2023-12-27,23.785806,86.813612,18.57,7.91,7.46,,1.75,,,
2392,RIVER BARAKAR AT MAITHAN DAM,RIVER,JHARKHAND,2024-01-26,23.785806,86.813612,19.21,7.38,7.27,,1.85,,,
2392,RIVER BARAKAR AT MAITHAN DAM,RIVER,JHARKHAND,2024-02-25,23.785806,86.813612,20.19,7.42,7.23,,1.73,,,
2392,RIVER BARAKAR AT MAITHAN DAM,RIVER,JHARKHAND,2024-03-26,23.785806,86.813612,18.53,7.79,7.81,,1.75,,,
2392,RIVER BARAKAR AT MAITHAN DAM,RIVER,JHARKHAND,2024-04-25,23.785806,86.813612,20.18,7.5,7.62,,1.72,,,
2392,RIVER BARAKAR AT MAITHAN DAM,RIVER,JHARKHAND,2024-05-25,23.785806,86.813612,19.86,7.3,7.78,,1.87,,,
2392,RIVER BARAKAR AT MAITHAN DAM,RIVER,JHARKHAND,2024-06-24,23.785806,86.813612,20.21,7.82,7.57,,1.76,,,
2392,RIVER BARAKAR AT MAITHAN DAM,RIVER,JHARKHAND,2024-07-24,23.785806,86.813612,20.47,7.36,7.23,,1.82,,,
2392,RIVER BARAKAR AT MAITHAN DAM,RIVER,JHARKHAND,2024-08-23,23.785806,86.813612,19.6,7.86,7.31,,1.89,,,
2392,RIVER BARAKAR AT MAITHAN DAM,RIVER,JHARKHAND,2024-09-22,23.785806,86.813612,20.17,7.5,7.4,,1.83,,,
2392,RIVER BARAKAR AT MAITHAN DAM,RIVER,JHARKHAND,2024-10-22,23.785806,86.813612,19.49,7.2,7.65,,1.81,,,
2392,RIVER BARAKAR AT MAITHAN DAM,RIVER,JHARKHAND,2024-11-21,23.785806,86.813612,19.96,7.81,7.21,,1.72,,,
3555,"RIVER DAMODAR NEAR ZARANGDIH BRIDGE, BOKARO",RIVER,JHARKHAND,2023-01-01,23.771032,85.913316,25.8,7.7,7.33,,2.21,,,
3555,"RIVER DAMODAR NEAR ZARANGDIH BRIDGE, BOKARO",RIVER,JHARKHAND,2023-01-31,23.771032,85.913316,24.15,8.01,7.74,,2.15,,,
3555,"RIVER DAMODAR NEAR ZARANGDIH BRIDGE, BOKARO",RIVER,JHARKHAND,2023-03-02,23.771032,85.913316,25.97,8.37,7.27,,2.18,,,
3555,"RIVER DAMODAR NEAR ZARANGDIH BRIDGE, BOKARO",RIVER,JHARKHAND,2023-04-01,23.771032,85.913316,23.91,7.86,7.52,,2.29,,,
3555,"RIVER DAMODAR NEAR ZARANGDIH BRIDGE, BOKARO",RIVER,JHARKHAND,2023-05-01,23.771032,85.913316,24.76,7.97,6.89,,2.17,,,
3555,"RIVER DAMODAR NEAR ZARANGDIH BRIDGE, BOKARO",RIVER,JHARKHAND,2023-05-31,23.771032,85.913316,25.27,8.12,7.13,,2.15,,,
3555,"RIVER DAMODAR NEAR ZARANGDIH BRIDGE, BOKARO",RIVER,JHARKHAND,2023-06-30,23.771032,85.913316,23.08,7.72,7.02,,2.04,,,
3555,"RIVER DAMODAR NEAR ZARANGDIH BRIDGE, BOKARO",RIVER,JHARKHAND,2023-07-30,23.771032,85.913316,25.21,7.61,7.05,,2.08,,,
3555,"RIVER DAMODAR NEAR ZARANGDIH BRIDGE, BOKARO",RIVER,JHARKHAND,2023-08-29,23.771032,85.913316,24.52,7.67,6.93,,2.18,,,
3555,"RIVER DAMODAR NEAR ZARANGDIH BRIDGE, BOKARO",RIVER,JHARKHAND,2023-09-28,23.771032,85.913316,24.44,7.67,7.2,,2.0,,,
3555,"RIVER DAMODAR NEAR ZARANGDIH BRIDGE, BOKARO",RIVER,JHARKHAND,2023-10-28,23.771032,85.913316,22.77,7.36,7.2,,2.14,,,
3555,"RIVER DAMODAR NEAR ZARANGDIH BRIDGE, BOKARO",RIVER,JHARKHAND,2023-11-27,23.771032,85.913316,23.15,7.72,7.16,,1.98,,,
3555,"RIVER DAMODAR NEAR ZARANGDIH BRIDGE, BOKARO",RIVER,JHARKHAND,2023-12-27,23.771032,85.913316,22.61,7.66,6.79,,2.07,,,
3555,"RIVER DAMODAR NEAR ZARANGDIH BRIDGE, BOKARO",RIVER,JHARKHAND,2024-01-26,23.771032,85.913316,22.63,7.29,7.03,,2.07,,,
3555,"RIVER DAMODAR NEAR ZARANGDIH BRIDGE, BOKARO",RIVER,JHARKHAND,2024-02-25,23.771032,85.913316,21.59,7.17,6.34,,2.03,,,
3555,"RIVER DAMODAR NEAR ZARANGDIH BRIDGE, BOKARO",RIVER,JHARKHAND,2024-03-26,23.771032,85.913316,21.53,6.93,6.48,,1.91,,,
3555,"RIVER DAMODAR NEAR ZARANGDIH BRIDGE, BOKARO",RIVER,JHARKHAND,2024-04-25,23.771032,85.913316,22.01,6.66,6.84,,2.06,,,
3555,"RIVER DAMODAR NEAR ZARANGDIH BRIDGE, BOKARO",RIVER,JHARKHAND,2024-05-25,23.771032,85.913316,20.95,6.73,6.67,,1.92,,,
3555,"RIVER DAMODAR NEAR ZARANGDIH BRIDGE, BOKARO",RIVER,JHARKHAND,2024-06-24,23.771032,85.913316,22.06,7.01,6.21,,1.83,,,
3555,"RIVER DAMODAR NEAR ZARANGDIH BRIDGE, BOKARO",RIVER,JHARKHAND,2024-07-24,23.771032,85.913316,20.29,6.67,6.53,,1.86,,,
3555,"RIVER DAMODAR NEAR ZARANGDIH BRIDGE, BOKARO",RIVER,JHARKHAND,2024-08-23,23.771032,85.913316,20.73,6.54,6.59,,1.78,,,
3555,"RIVER DAMODAR NEAR ZARANGDIH BRIDGE, BOKARO",RIVER,JHARKHAND,2024-09-22,23.771032,85.913316,21.71,6.76,5.84,,1.8,,,
3555,"RIVER DAMODAR NEAR ZARANGDIH BRIDGE, BOKARO",RIVER,JHARKHAND,2024-10-22,23.771032,85.913316,21.8,6.62,6.25,,1.93,,,
3555,"RIVER DAMODAR NEAR ZARANGDIH BRIDGE, BOKARO",RIVER,JHARKHAND,2024-11-21,23.771032,85.913316,19.99,6.9,6.27,,1.81,,,
4083,"RIVER DAMODAR NEAR ROHINI PROJECT, NK AREA, PO-DAKRA, RANCHI",RIVER,JHARKHAND,2023-01-01,23.68358,85.008402,20.37,7.64,7.56,,2.36,,,
4083,"RIVER DAMODAR NEAR ROHINI PROJECT, NK AREA, PO-DAKRA, RANCHI",RIVER,JHARKHAND,2023-01-31,23.68358,85.008402,19.13,7.76,7.54,,2.35,,,
4083,"RIVER DAMODAR NEAR ROHINI PROJECT, NK AREA, PO-DAKRA, RANCHI",RIVER,JHARKHAND,2023-03-02,23.68358,85.008402,19.43,7.91,6.99,,2.27,,,
4083,"RIVER DAMODAR NEAR ROHINI PROJECT, NK AREA, PO-DAKRA, RANCHI",RIVER,JHARKHAND,2023-04-01,23.68358,85.008402,20.72,7.6,7.5,,2.31,,,
4083,"RIVER DAMODAR NEAR ROHINI PROJECT, NK AREA, PO-DAKRA, RANCHI",RIVER,JHARKHAND,2023-05-01,23.68358,85.008402,20.86,7.43,7.53,,2.32,,,
4083,"RIVER DAMODAR NEAR ROHINI PROJECT, NK AREA, PO-DAKRA, RANCHI",RIVER,JHARKHAND,2023-05-31,23.68358,85.008402,19.94,7.37,7.03,,2.2,,,
4083,"RIVER DAMODAR NEAR ROHINI PROJECT, NK AREA, PO-DAKRA, RANCHI",RIVER,JHARKHAND,2023-06-30,23.68358,85.008402,20.07,7.7,7.63,,2.34,,,
4083,"RIVER DAMODAR NEAR ROHINI PROJECT, NK AREA, PO-DAKRA, RANCHI",RIVER,JHARKHAND,2023-07-30,23.68358,85.008402,20.63,7.33,7.39,,2.29,,,
4083,"RIVER DAMODAR NEAR ROHINI PROJECT, NK AREA, PO-DAKRA, RANCHI",RIVER,JHARKHAND,2023-08-29,23.68358,85.008402,19.2,7.71,6.97,,2.17,,,
4083,"RIVER DAMODAR NEAR ROHINI PROJECT, NK AREA, PO-DAKRA, RANCHI",RIVER,JHARKHAND,2023-09-28,23.68358,85.008402,20.33,7.45,7.15,,2.17,,,
4083,"RIVER DAMODAR NEAR ROHINI PROJECT, NK AREA, PO-DAKRA, RANCHI",RIVER,JHARKHAND,2023-10-28,23.68358,85.008402,19.68,7.82,7.65,,2.21,,,
4083,"RIVER DAMODAR NEAR ROHINI PROJECT, NK AREA, PO-DAKRA, RANCHI",RIVER,JHARKHAND,2023-11-27,23.68358,85.008402,20.84,7.31,7.57,,2.28,,,
4083,"RIVER DAMODAR NEAR ROHINI PROJECT, NK AREA, PO-DAKRA, RANCHI",RIVER,JHARKHAND,2023-12-27,23.68358,85.008402,20.14,7.4,7.17,,2.2,,,
4083,"RIVER DAMODAR NEAR ROHINI PROJECT, NK AREA, PO-DAKRA, RANCHI",RIVER,JHARKHAND,2024-01-26,23.68358,85.008402,20.36,7.89,7.6,,2.18,,,
4083,"RIVER DAMODAR NEAR ROHINI PROJECT, NK AREA, PO-DAKRA, RANCHI",RIVER,JHARKHAND,2024-02-25,23.68358,85.008402,19.72,7.27,7.39,,2.33,,,
4083,"RIVER DAMODAR NEAR ROHINI PROJECT, NK AREA, PO-DAKRA, RANCHI",RIVER,JHARKHAND,2024-03-26,23.68358,85.008402,20.86,7.52,7.5,,2.21,,,
4083,"RIVER DAMODAR NEAR ROHINI PROJECT, NK AREA, PO-DAKRA, RANCHI",RIVER,JHARKHAND,2024-04-25,23.68358,85.008402,20.1,7.34,7.11,,2.26,,,
4083,"RIVER DAMODAR NEAR ROHINI PROJECT, NK AREA, PO-DAKRA, RANCHI",RIVER,JHARKHAND,2024-05-25,23.68358,85.008402,19.54,7.47,6.98,,2.3,,,
4083,"RIVER DAMODAR NEAR ROHINI PROJECT, NK AREA, PO-DAKRA, RANCHI",RIVER,JHARKHAND,2024-06-24,23.68358,85.008402,20.19,7.55,7.13,,2.24,,,
4083,"RIVER DAMODAR NEAR ROHINI PROJECT, NK AREA, PO-DAKRA, RANCHI",RIVER,JHARKHAND,2024-07-24,23.68358,85.008402,19.44,7.64,7.35,,2.18,,,
4083,"RIVER DAMODAR NEAR ROHINI PROJECT, NK AREA, PO-DAKRA, RANCHI",RIVER,JHARKHAND,2024-08-23,23.68358,85.008402,20.86,7.78,7.17,,2.17,,,
4083,"RIVER DAMODAR NEAR ROHINI PROJECT, NK AREA, PO-DAKRA, RANCHI",RIVER,JHARKHAND,2024-09-22,23.68358,85.008402,20.7,7.77,7.57,,2.24,,,
4083,"RIVER DAMODAR NEAR ROHINI PROJECT, NK AREA, PO-DAKRA, RANCHI",RIVER,JHARKHAND,2024-10-22,23.68358,85.008402,20.14,7.56,7.12,,2.35,,,
4083,"RIVER DAMODAR NEAR ROHINI PROJECT, NK AREA, PO-DAKRA, RANCHI",RIVER,JHARKHAND,2024-11-21,23.68358,85.008402,19.12,7.79,7.28,,2.18,,,
3553,RIVER DAMODAR NEAR TELMUCHO BRIDGE,RIVER,JHARKHAND,2023-01-01,23.718122,86.201578,22.34,8.27,7.45,,2.96,,,
3553,RIVER DAMODAR NEAR TELMUCHO BRIDGE,RIVER,JHARKHAND,2023-01-31,23.718122,86.201578,23.14,8.16,7.2,,2.88,,,
3553,RIVER DAMODAR NEAR TELMUCHO BRIDGE,RIVER,JHARKHAND,2023-03-02,23.718122,86.201578,23.07,8.22,7.4,,2.93,,,
3553,RIVER DAMODAR NEAR TELMUCHO BRIDGE,RIVER,JHARKHAND,2023-04-01,23.718122,86.201578,22.83,8.13,7.79,,2.95,,,
3553,RIVER DAMODAR NEAR TELMUCHO BRIDGE,RIVER,JHARKHAND,2023-05-01,23.718122,86.201578,22.0,7.83,7.58,,2.82,,,
3553,RIVER DAMODAR NEAR TELMUCHO BRIDGE,RIVER,JHARKHAND,2023-05-31,23.718122,86.201578,22.04,8.16,7.56,,2.89,,,
3553,RIVER DAMODAR NEAR TELMUCHO BRIDGE,RIVER,JHARKHAND,2023-06-30,23.718122,86.201578,21.64,7.85,7.8,,2.85,,,
3553,RIVER DAMODAR NEAR TELMUCHO BRIDGE,RIVER,JHARKHAND,2023-07-30,23.718122,86.201578,21.81,7.59,7.22,,2.99,,,
3553,RIVER DAMODAR NEAR TELMUCHO BRIDGE,RIVER,JHARKHAND,2023-08-29,23.718122,86.201578,22.88,7.62,7.44,,2.97,,,
3553,RIVER DAMODAR NEAR TELMUCHO BRIDGE,RIVER,JHARKHAND,2023-09-28,23.718122,86.201578,23.12,7.52,7.37,,2.78,,,
3553,RIVER DAMODAR NEAR TELMUCHO BRIDGE,RIVER,JHARKHAND,2023-10-28,23.718122,86.201578,22.38,7.76,7.54,,2.78,,,
3553,RIVER DAMODAR NEAR TELMUCHO BRIDGE,RIVER,JHARKHAND,2023-11-27,23.718122,86.201578,22.57,7.95,7.59,,2.85,,,
3553,RIVER DAMODAR NEAR TELMUCHO BRIDGE,RIVER,JHARKHAND,2023-12-27,23.718122,86.201578,21.32,8.14,7.43,,2.91,,,
3553,RIVER DAMODAR NEAR TELMUCHO BRIDGE,RIVER,JHARKHAND,2024-01-26,23.718122,86.201578,21.4,7.84,7.19,,2.73,,,
3553,RIVER DAMODAR NEAR TELMUCHO BRIDGE,RIVER,JHARKHAND,2024-02-25,23.718122,86.201578,22.54,7.97,7.91,,2.86,,,
3553,RIVER DAMODAR NEAR TELMUCHO BRIDGE,RIVER,JHARKHAND,2024-03-26,23.718122,86.201578,23.26,7.52,7.48,,2.95,,,
3553,RIVER DAMODAR NEAR TELMUCHO BRIDGE,RIVER,JHARKHAND,2024-04-25,23.718122,86.201578,23.1,8.05,7.25,,2.93,,,
3553,RIVER DAMODAR NEAR TELMUCHO BRIDGE,RIVER,JHARKHAND,2024-05-25,23.718122,86.201578,22.2,8.17,7.61,,2.97,,,
3553,RIVER DAMODAR NEAR TELMUCHO BRIDGE,RIVER,JHARKHAND,2024-06-24,23.718122,86.201578,21.19,7.82,7.68,,2.78,,,
3553,RIVER DAMODAR NEAR TELMUCHO BRIDGE,RIVER,JHARKHAND,2024-07-24,23.718122,86.201578,22.42,7.57,7.83,,2.92,,,
3553,RIVER DAMODAR NEAR TELMUCHO BRIDGE,RIVER,JHARKHAND,2024-08-23,23.718122,86.201578,22.16,8.24,7.76,,2.79,,,
3553,RIVER DAMODAR NEAR TELMUCHO BRIDGE,RIVER,JHARKHAND,2024-09-22,23.718122,86.201578,22.71,7.54,7.32,,2.74,,,
3553,RIVER DAMODAR NEAR TELMUCHO BRIDGE,RIVER,JHARKHAND,2024-10-22,23.718122,86.201578,22.7,8.29,7.45,,2.98,,,
3553,RIVER DAMODAR NEAR TELMUCHO BRIDGE,RIVER,JHARKHAND,2024-11-21,23.718122,86.201578,22.15,7.77,7.31,,2.74,,,
1510,RIVER TONS AT TIUNI (HIMACHAL PRADESH/UTTRA KHAND BORDER),RIVER,HIMACHAL PRADESH,2023-01-01,30.556089,77.777152,16.71,7.97,7.45,514.17,,1.12,17.96,468.96
1510,RIVER TONS AT TIUNI (HIMACHAL PRADESH/UTTRA KHAND BORDER),RIVER,HIMACHAL PRADESH,2023-01-31,30.556089,77.777152,15.94,7.94,7.72,512.52,,1.13,18.15,477.21
1510,RIVER TONS AT TIUNI (HIMACHAL PRADESH/UTTRA KHAND BORDER),RIVER,HIMACHAL PRADESH,2023-03-02,30.556089,77.777152,15.38,8.4,8.05,544.11,,1.14,17.59,452.92
1510,RIVER TONS AT TIUNI (HIMACHAL PRADESH/UTTRA KHAND BORDER),RIVER,HIMACHAL PRADESH,2023-04-01,30.556089,77.777152,15.42,8.02,7.76,537.3,,1.15,17.2,451.86
1510,RIVER TONS AT TIUNI (HIMACHAL PRADESH/UTTRA KHAND BORDER),RIVER,HIMACHAL PRADESH,2023-05-01,30.556089,77.777152,16.56,7.95,8.03,532.66,,1.16,17.32,456.72
1510,RIVER TONS AT TIUNI (HIMACHAL PRADESH/UTTRA KHAND BORDER),RIVER,HIMACHAL PRADESH,2023-05-31,30.556089,77.777152,15.92,8.25,7.47,519.98,,1.17,17.9,451.04
1510,RIVER TONS AT TIUNI (HIMACHAL PRADESH/UTTRA KHAND BORDER),RIVER,HIMACHAL PRADESH,2023-06-30,30.556089,77.777152,16.59,7.69,8.19,548.51,,1.12,18.13,461.6
1510,RIVER TONS AT TIUNI (HIMACHAL PRADESH/UTTRA KHAND BORDER),RIVER,HIMACHAL PRADESH,2023-07-30,30.556089,77.777152,16.57,8.01,8.21,539.96,,1.15,16.86,445.75
1510,RIVER TONS AT TIUNI (HIMACHAL PRADESH/UTTRA KHAND BORDER),RIVER,HIMACHAL PRADESH,2023-08-29,30.556089,77.777152,16.67,8.07,7.82,521.35,,1.11,18.06,452.04
1510,RIVER TONS AT TIUNI (HIMACHAL PRADESH/UTTRA KHAND BORDER),RIVER,HIMACHAL PRADESH,2023-09-28,30.556089,77.777152,15.85,7.98,7.97,540.54,,1.12,16.72,480.05
1510,RIVER TONS AT TIUNI (HIMACHAL PRADESH/UTTRA KHAND BORDER),RIVER,HIMACHAL PRADESH,2023-10-28,30.556089,77.777152,16.41,8.32,8.18,505.03,,1.09,17.1,478.02
1510,RIVER TONS AT TIUNI (HIMACHAL PRADESH/UTTRA KHAND BORDER),RIVER,HIMACHAL PRADESH,2023-11-27,30.556089,77.777152,16.35,8.29,7.96,544.26,,1.1,17.12,446.26
1510,RIVER TONS AT TIUNI (HIMACHAL PRADESH/UTTRA KHAND BORDER),RIVER,HIMACHAL PRADESH,2023-12-27,30.556089,77.777152,16.47,7.97,7.47,523.03,,1.17,18.09,476.41
1510,RIVER TONS AT TIUNI (HIMACHAL PRADESH/UTTRA KHAND BORDER),RIVER,HIMACHAL PRADESH,2024-01-26,30.556089,77.777152,15.42,8.28,7.93,507.99,,1.1,18.06,477.26
1510,RIVER TONS AT TIUNI (HIMACHAL PRADESH/UTTRA KHAND BORDER),RIVER,HIMACHAL PRADESH,2024-02-25,30.556089,77.777152,15.92,8.35,8.19,532.55,,1.11,17.36,442.82
1510,RIVER TONS AT TIUNI (HIMACHAL PRADESH/UTTRA KHAND BORDER),RIVER,HIMACHAL PRADESH,2024-03-26,30.556089,77.777152,15.66,8.4,7.98,532.15,,1.16,17.76,458.27
1510,RIVER TONS AT TIUNI (HIMACHAL PRADESH/UTTRA KHAND BORDER),RIVER,HIMACHAL PRADESH,2024-04-25,30.556089,77.777152,15.95,8.18,7.53,529.12,,1.08,17.57,478.0
1510,RIVER TONS AT TIUNI (HIMACHAL PRADESH/UTTRA KHAND BORDER),RIVER,HIMACHAL PRADESH,2024-05-25,30.556089,77.777152,15.34,7.94,8.09,550.25,,1.12,16.86,473.55
1510,RIVER TONS AT TIUNI (HIMACHAL PRADESH/UTTRA KHAND BORDER),RIVER,HIMACHAL PRADESH,2024-06-24,30.556089,77.777152,16.54,8.31,7.9,508.07,,1.13,17.74,447.06
1510,RIVER TONS AT TIUNI (HIMACHAL PRADESH/UTTRA KHAND BORDER),RIVER,HIMACHAL PRADESH,2024-07-24,30.556089,77.777152,15.29,8.15,7.95,502.02,,1.11,16.96,444.48
1510,RIVER TONS AT TIUNI (HIMACHAL PRADESH/UTTRA KHAND BORDER),RIVER,HIMACHAL PRADESH,2024-08-23,30.556089,77.777152,16.48,7.97,7.77,529.5,,1.13,16.88,470.65
1510,RIVER TONS AT TIUNI (HIMACHAL PRADESH/UTTRA KHAND BORDER),RIVER,HIMACHAL PRADESH,2024-09-22,30.556089,77.777152,16.42,8.17,8.08,553.14,,1.1,16.82,481.6
1510,RIVER TONS AT TIUNI (HIMACHAL PRADESH/UTTRA KHAND BORDER),RIVER,HIMACHAL PRADESH,2024-10-22,30.556089,77.777152,16.65,7.9,7.76,518.62,,1.17,17.27,460.63
1510,RIVER TONS AT TIUNI (HIMACHAL PRADESH/UTTRA KHAND BORDER),RIVER,HIMACHAL PRADESH,2024-11-21,30.556089,77.777152,16.6,8.19,7.92,506.6,,1.08,17.94,475.65
30023,RIVER TONS AT HARIPUR (U.K.),RIVER,UTTARAKHAND,2023-01-01,30.517139,77.818659,18.67,9.09,8.43,232.53,,0.42,10984.06,39020.81
30023,RIVER TONS AT HARIPUR (U.K.),RIVER,UTTARAKHAND,2023-01-31,30.517139,77.818659,18.47,9.0,8.01,234.85,,0.4,10750.47,41438.45
30023,RIVER TONS AT HARIPUR (U.K.),RIVER,UTTARAKHAND,2023-03-02,30.517139,77.818659,18.5,9.06,8.06,220.68,,0.4,10595.98,40295.7
30023,RIVER TONS AT HARIPUR (U.K.),RIVER,UTTARAKHAND,2023-04-01,30.517139,77.818659,18.56,9.14,8.14,219.75,,0.43,10263.96,39455.33
30023,RIVER TONS AT HARIPUR (U.K.),RIVER,UTTARAKHAND,2023-05-01,30.517139,77.818659,18.95,8.98,8.27,217.39,,0.42,10389.85,39525.15
30023,RIVER TONS AT HARIPUR (U.K.),RIVER,UTTARAKHAND,2023-05-31,30.517139,77.818659,18.42,9.1,8.25,217.36,,0.43,10635.74,38672.09
30023,RIVER TONS AT HARIPUR (U.K.),RIVER,UTTARAKHAND,2023-06-30,30.517139,77.818659,19.57,9.26,8.21,221.11,,0.42,10059.49,41427.08
30023,RIVER TONS AT HARIPUR (U.K.),RIVER,UTTARAKHAND,2023-07-30,30.517139,77.818659,18.65,8.75,8.41,214.73,,0.4,10155.04,39656.0
30023,RIVER TONS AT HARIPUR (U.K.),RIVER,UTTARAKHAND,2023-08-29,30.517139,77.818659,19.18,8.65,8.22,229.25,,0.43,10037.57,41320.1
30023,RIVER TONS AT HARIPUR (U.K.),RIVER,UTTARAKHAND,2023-09-28,30.517139,77.818659,17.96,8.88,8.36,213.75,,0.4,10535.98,40792.01
30023,RIVER TONS AT HARIPUR (U.K.),RIVER,UTTARAKHAND,2023-10-28,30.517139,77.818659,17.97,8.96,8.18,221.3,,0.43,10833.96,40552.73
30023,RIVER TONS AT HARIPUR (U.K.),RIVER,UTTARAKHAND,2023-11-27,30.517139,77.818659,19.48,9.29,8.02,227.42,,0.42,10226.73,37924.56
30023,RIVER TONS AT HARIPUR (U.K.),RIVER,UTTARAKHAND,2023-12-27,30.517139,77.818659,18.9,9.14,8.14,222.87,,0.43,10067.24,39297.09
30023,RIVER TONS AT HARIPUR (U.K.),RIVER,UTTARAKHAND,2024-01-26,30.517139,77.818659,17.89,8.79,8.43,234.04,,0.43,10973.82,38417.69
30023,RIVER TONS AT HARIPUR (U.K.),RIVER,UTTARAKHAND,2024-02-25,30.517139,77.818659,19.14,8.93,8.62,213.35,,0.41,10892.16,38807.23
30023,RIVER TONS AT HARIPUR (U.K.),RIVER,UTTARAKHAND,2024-03-26,30.517139,77.818659,18.53,8.83,8.4,226.4,,0.4,10320.32,40395.73
30023,RIVER TONS AT HARIPUR (U.K.),RIVER,UTTARAKHAND,2024-04-25,30.517139,77.818659,19.48,9.42,8.0,221.16,,0.44,10722.72,39095.41
30023,RIVER TONS AT HARIPUR (U.K.),RIVER,UTTARAKHAND,2024-05-25,30.517139,77.818659,18.9,8.99,8.11,223.07,,0.44,10373.34,40141.02
30023,RIVER TONS AT HARIPUR (U.K.),RIVER,UTTARAKHAND,2024-06-24,30.517139,77.818659,18.63,8.93,8.26,228.1,,0.43,10464.47,38624.79
30023,RIVER TONS AT HARIPUR (U.K.),RIVER,UTTARAKHAND,2024-07-24,30.517139,77.818659,19.1,9.42,8.51,219.07,,0.43,10344.2,40297.98
30023,RIVER TONS AT HARIPUR (U.K.),RIVER,UTTARAKHAND,2024-08-23,30.517139,77.818659,18.08,8.68,7.99,217.95,,0.43,10049.63,38584.82
30023,RIVER TONS AT HARIPUR (U.K.),RIVER,UTTARAKHAND,2024-09-22,30.517139,77.818659,19.68,9.23,8.54,214.08,,0.41,10209.69,40912.4
30023,RIVER TONS AT HARIPUR (U.K.),RIVER,UTTARAKHAND,2024-10-22,30.517139,77.818659,19.61,8.63,7.89,232.24,,0.41,10951.85,40011.38
30023,RIVER TONS AT HARIPUR (U.K.),RIVER,UTTARAKHAND,2024-11-21,30.517139,77.818659,19.39,9.39,8.65,234.89,,0.43,10120.85,40405.47
4027,RIVER GIRI D/S RAJGARH TOWN,RIVER,HIMACHAL PRADESH,2023-01-01,30.799381,77.282001,22.93,8.06,7.59,412.56,,0.74,33.12,169.4
4027,RIVER GIRI D/S RAJGARH TOWN,RIVER,HIMACHAL PRADESH,2023-01-31,30.799381,77.282001,23.71,8.01,7.83,429.74,,0.75,34.14,172.11
4027,RIVER GIRI D/S RAJGARH TOWN,RIVER,HIMACHAL PRADESH,2023-03-02,30.799381,77.282001,23.89,7.71,7.78,424.06,,0.75,34.0,167.37
4027,RIVER GIRI D/S RAJGARH TOWN,RIVER,HIMACHAL PRADESH,2023-04-01,30.799381,77.282001,21.74,7.66,7.49,386.61,,0.72,33.16,158.35
4027,RIVER GIRI D/S RAJGARH TOWN,RIVER,HIMACHAL PRADESH,2023-05-01,30.799381,77.282001,23.33,7.82,7.73,405.55,,0.7,30.93,156.07
4027,RIVER GIRI D/S RAJGARH TOWN,RIVER,HIMACHAL PRADESH,2023-05-31,30.799381,77.282001,22.52,7.55,7.6,411.57,,0.71,32.36,167.25
4027,RIVER GIRI D/S RAJGARH TOWN,RIVER,HIMACHAL PRADESH,2023-06-30,30.799381,77.282001,21.61,7.25,7.8,391.35,,0.74,31.41,163.74
4027,RIVER GIRI D/S RAJGARH TOWN,RIVER,HIMACHAL PRADESH,2023-07-30,30.799381,77.282001,22.54,7.77,7.69,408.01,,0.69,32.12,159.64
4027,RIVER GIRI D/S RAJGARH TOWN,RIVER,HIMACHAL PRADESH,2023-08-29,30.799381,77.282001,21.06,7.24,7.74,394.07,,0.69,30.7,151.04
4027,RIVER GIRI D/S RAJGARH TOWN,RIVER,HIMACHAL PRADESH,2023-09-28,30.799381,77.282001,22.04,7.62,7.23,382.67,,0.7,29.48,151.44
4027,RIVER GIRI D/S RAJGARH TOWN,RIVER,HIMACHAL PRADESH,2023-10-28,30.799381,77.282001,22.59,7.27,7.08,402.41,,0.66,30.7,150.4
4027,RIVER GIRI D/S RAJGARH TOWN,RIVER,HIMACHAL PRADESH,2023-11-27,30.799381,77.282001,21.56,7.43,7.11,384.01,,0.71,30.36,152.59
4027,RIVER GIRI D/S RAJGARH TOWN,RIVER,HIMACHAL PRADESH,2023-12-27,30.799381,77.282001,22.32,7.04,7.48,380.05,,0.71,29.72,150.71
4027,RIVER GIRI D/S RAJGARH TOWN,RIVER,HIMACHAL PRADESH,2024-01-26,30.799381,77.282001,20.59,6.69,7.22,387.38,,0.68,29.86,151.9
4027,RIVER GIRI D/S RAJGARH TOWN,RIVER,HIMACHAL PRADESH,2024-02-25,30.799381,77.282001,20.33,6.82,7.17,370.43,,0.66,28.11,143.42
4027,RIVER GIRI D/S RAJGARH TOWN,RIVER,HIMACHAL PRADESH,2024-03-26,30.799381,77.282001,21.53,6.82,6.63,371.51,,0.64,27.32,156.51
4027,RIVER GIRI D/S RAJGARH TOWN,RIVER,HIMACHAL PRADESH,2024-04-25,30.799381,77.282001,20.5,7.24,6.65,341.5,,0.66,30.15,146.97
4027,RIVER GIRI D/S RAJGARH TOWN,RIVER,HIMACHAL PRADESH,2024-05-25,30.799381,77.282001,20.41,6.98,7.08,340.96,,0.63,28.49,140.69
4027,RIVER GIRI D/S RAJGARH TOWN,RIVER,HIMACHAL PRADESH,2024-06-24,30.799381,77.282001,20.18,6.84,6.98,357.92,,0.62,29.34,147.99
4027,RIVER GIRI D/S RAJGARH TOWN,RIVER,HIMACHAL PRADESH,2024-07-24,30.799381,77.282001,19.19,6.33,7.04,342.27,,0.62,26.32,150.32
4027,RIVER GIRI D/S RAJGARH TOWN,RIVER,HIMACHAL PRADESH,2024-08-23,30.799381,77.282001,20.14,6.3,6.4,360.26,,0.65,27.23,142.08
4027,RIVER GIRI D/S RAJGARH TOWN,RIVER,HIMACHAL PRADESH,2024-09-22,30.799381,77.282001,18.64,6.75,6.51,323.36,,0.63,28.58,136.85
4027,RIVER GIRI D/S RAJGARH TOWN,RIVER,HIMACHAL PRADESH,2024-10-22,30.799381,77.282001,19.68,6.19,6.08,350.24,,0.6,27.4,139.54
4027,RIVER GIRI D/S RAJGARH TOWN,RIVER,HIMACHAL PRADESH,2024-11-21,30.799381,77.282001,19.87,6.43,6.56,320.9,,0.6,25.16,132.24
4028,"RIVER GIRI D/S KALGIDHAR TRUST, BARU SAHIB",RIVER,HIMACHAL PRADESH,2023-01-01,30.760455,77.303572,24.55,7.89,7.84,472.8,,0.74,33.67,201.26
4028,"RIVER GIRI D/S KALGIDHAR TRUST, BARU SAHIB",RIVER,HIMACHAL PRADESH,2023-01-31,30.760455,77.303572,23.71,7.9,7.97,492.16,,0.76,33.08,206.22
4028,"RIVER GIRI D/S KALGIDHAR TRUST, BARU SAHIB",RIVER,HIMACHAL PRADESH,2023-03-02,30.760455,77.303572,23.68,7.31,7.84,493.35,,0.74,32.81,198.66
4028,"RIVER GIRI D/S KALGIDHAR TRUST, BARU SAHIB",RIVER,HIMACHAL PRADESH,2023-04-01,30.760455,77.303572,22.99,7.23,7.81,467.04,,0.75,33.23,198.52
4028,"RIVER GIRI D/S KALGIDHAR TRUST, BARU SAHIB",RIVER,HIMACHAL PRADESH,2023-05-01,30.760455,77.303572,22.62,7.37,7.97,459.89,,0.72,30.82,194.34
4028,"RIVER GIRI D/S KALGIDHAR TRUST, BARU SAHIB",RIVER,HIMACHAL PRADESH,2023-05-31,30.760455,77.303572,23.5,7.53,7.41,476.14,,0.76,31.4,193.32
4028,"RIVER GIRI D/S KALGIDHAR TRUST, BARU SAHIB",RIVER,HIMACHAL PRADESH,2023-06-30,30.760455,77.303572,23.0,7.2,8.01,460.39,,0.77,30.2,202.4
4028,"RIVER GIRI D/S KALGIDHAR TRUST, BARU SAHIB",RIVER,HIMACHAL PRADESH,2023-07-30,30.760455,77.303572,22.18,7.36,7.32,473.86,,0.72,30.71,196.53
4028,"RIVER GIRI D/S KALGIDHAR TRUST, BARU SAHIB",RIVER,HIMACHAL PRADESH,2023-08-29,30.760455,77.303572,21.47,6.98,7.65,459.09,,0.75,29.8,181.28
4028,"RIVER GIRI D/S KALGIDHAR TRUST, BARU SAHIB",RIVER,HIMACHAL PRADESH,2023-09-28,30.760455,77.303572,22.39,7.19,7.42,432.5,,0.7,30.53,195.4
4028,"RIVER GIRI D/S KALGIDHAR TRUST, BARU SAHIB",RIVER,HIMACHAL PRADESH,2023-10-28,30.760455,77.303572,20.72,6.77,6.98,456.55,,0.68,30.73,180.91
4028,"RIVER GIRI D/S KALGIDHAR TRUST, BARU SAHIB",RIVER,HIMACHAL PRADESH,2023-11-27,30.760455,77.303572,20.32,6.9,7.67,429.89,,0.67,28.42,185.1
4028,"RIVER GIRI D/S KALGIDHAR TRUST, BARU SAHIB",RIVER,HIMACHAL PRADESH,2023-12-27,30.760455,77.303572,21.47,7.05,6.99,415.87,,0.69,28.98,186.75
4028,"RIVER GIRI D/S KALGIDHAR TRUST, BARU SAHIB",RIVER,HIMACHAL PRADESH,2024-01-26,30.760455,77.303572,20.02,6.88,7.17,420.64,,0.69,28.97,172.97
4028,"RIVER GIRI D/S KALGIDHAR TRUST, BARU SAHIB",RIVER,HIMACHAL PRADESH,2024-02-25,30.760455,77.303572,20.7,6.88,7.46,416.81,,0.65,27.27,182.06
4028,"RIVER GIRI D/S KALGIDHAR TRUST, BARU SAHIB",RIVER,HIMACHAL PRADESH,2024-03-26,30.760455,77.303572,20.19,7.01,7.08,444.77,,0.7,27.83,171.23
4028,"RIVER GIRI D/S KALGIDHAR TRUST, BARU SAHIB",RIVER,HIMACHAL PRADESH,2024-04-25,30.760455,77.303572,20.74,7.06,6.7,399.03,,0.71,29.66,172.34
4028,"RIVER GIRI D/S KALGIDHAR TRUST, BARU SAHIB",RIVER,HIMACHAL PRADESH,2024-05-25,30.760455,77.303572,20.57,6.83,6.86,413.51,,0.7,27.26,179.19
4028,"RIVER GIRI D/S KALGIDHAR TRUST, BARU SAHIB",RIVER,HIMACHAL PRADESH,2024-06-24,30.760455,77.303572,19.74,6.42,6.76,424.93,,0.69,26.79,168.79
4028,"RIVER GIRI D/S KALGIDHAR TRUST, BARU SAHIB",RIVER,HIMACHAL PRADESH,2024-07-24,30.760455,77.303572,19.69,6.19,6.73,424.84,,0.69,28.66,169.62
4028,"RIVER GIRI D/S KALGIDHAR TRUST, BARU SAHIB",RIVER,HIMACHAL PRADESH,2024-08-23,30.760455,77.303572,18.74,6.78,6.36,420.01,,0.65,28.32,173.66
4028,"RIVER GIRI D/S KALGIDHAR TRUST, BARU SAHIB",RIVER,HIMACHAL PRADESH,2024-09-22,30.760455,77.303572,19.21,6.31,6.44,383.64,,0.64,28.29,170.63
4028,"RIVER GIRI D/S KALGIDHAR TRUST, BARU SAHIB",RIVER,HIMACHAL PRADESH,2024-10-22,30.760455,77.303572,19.53,6.63,6.53,414.75,,0.62,27.86,160.49
4028,"RIVER GIRI D/S KALGIDHAR TRUST, BARU SAHIB",RIVER,HIMACHAL PRADESH,2024-11-21,30.760455,77.303572,19.45,6.09,6.44,388.48,,0.62,26.71,173.17
4427,RIVER GIRI U/S CHAILLA,RIVER,HIMACHAL PRADESH,2023-01-01,30.914863,77.243539,14.92,8.12,7.9,779.25,,1.35,10.9,763.41
4427,RIVER GIRI U/S CHAILLA,RIVER,HIMACHAL PRADESH,2023-01-31,30.914863,77.243539,15.67,7.84,7.37,820.76,,1.32,10.09,804.37
4427,RIVER GIRI U/S CHAILLA,RIVER,HIMACHAL PRADESH,2023-03-02,30.914863,77.243539,14.69,8.08,7.32,773.92,,1.41,10.12,802.0
4427,RIVER GIRI U/S CHAILLA,RIVER,HIMACHAL PRADESH,2023-04-01,30.914863,77.243539,14.95,7.83,7.35,810.74,,1.38,10.62,767.23
4427,RIVER GIRI U/S CHAILLA,RIVER,HIMACHAL PRADESH,2023-05-01,30.914863,77.243539,15.3,7.97,7.38,780.88,,1.31,10.16,794.96
4427,RIVER GIRI U/S CHAILLA,RIVER,HIMACHAL PRADESH,2023-05-31,30.914863,77.243539,15.54,7.64,7.8,826.71,,1.34,11.0,769.2
4427,RIVER GIRI U/S CHAILLA,RIVER,HIMACHAL PRADESH,2023-06-30,30.914863,77.243539,15.48,7.81,7.96,818.36,,1.32,10.71,804.89
4427,RIVER GIRI U/S CHAILLA,RIVER,HIMACHAL PRADESH,2023-07-30,30.914863,77.243539,15.56,7.94,8.06,820.25,,1.41,10.35,825.73
4427,RIVER GIRI U/S CHAILLA,RIVER,HIMACHAL PRADESH,2023-08-29,30.914863,77.243539,15.73,7.97,7.87,769.34,,1.39,10.96,802.84
4427,RIVER GIRI U/S CHAILLA,RIVER,HIMACHAL PRADESH,2023-09-28,30.914863,77.243539,14.74,8.0,7.41,841.0,,1.36,10.91,791.81
4427,RIVER GIRI U/S CHAILLA,RIVER,HIMACHAL PRADESH,2023-10-28,30.914863,77.243539,14.54,7.47,7.81,838.57,,1.31,10.19,837.26
4427,RIVER GIRI U/S CHAILLA,RIVER,HIMACHAL PRADESH,2023-11-27,30.914863,77.243539,15.21,8.08,7.44,828.94,,1.38,10.48,807.42
4427,RIVER GIRI U/S CHAILLA,RIVER,HIMACHAL PRADESH,2023-12-27,30.914863,77.243539,14.49,7.96,7.9,803.44,,1.41,10.38,816.46
4427,RIVER GIRI U/S CHAILLA,RIVER,HIMACHAL PRADESH,2024-01-26,30.914863,77.243539,15.05,7.51,7.4,831.85,,1.33,10.86,795.79
4427,RIVER GIRI U/S CHAILLA,RIVER,HIMACHAL PRADESH,2024-02-25,30.914863,77.243539,14.68,7.9,7.34,847.31,,1.39,10.36,817.8
4427,RIVER GIRI U/S CHAILLA,RIVER,HIMACHAL PRADESH,2024-03-26,30.914863,77.243539,14.89,7.45,7.78,822.54,,1.41,10.77,833.74
4427,RIVER GIRI U/S CHAILLA,RIVER,HIMACHAL PRADESH,2024-04-25,30.914863,77.243539,15.02,7.89,7.36,787.17,,1.41,10.69,817.7
4427,RIVER GIRI U/S CHAILLA,RIVER,HIMACHAL PRADESH,2024-05-25,30.914863,77.243539,15.71,8.08,7.48,800.75,,1.42,10.73,804.07
4427,RIVER GIRI U/S CHAILLA,RIVER,HIMACHAL PRADESH,2024-06-24,30.914863,77.243539,14.52,7.77,8.01,834.14,,1.39,10.45,837.48
4427,RIVER GIRI U/S CHAILLA,RIVER,HIMACHAL PRADESH,2024-07-24,30.914863,77.243539,15.49,7.8,7.73,791.36,,1.38,10.61,799.6
4427,RIVER GIRI U/S CHAILLA,RIVER,HIMACHAL PRADESH,2024-08-23,30.914863,77.243539,14.68,8.17,7.42,808.2,,1.35,10.87,785.79
4427,RIVER GIRI U/S CHAILLA,RIVER,HIMACHAL PRADESH,2024-09-22,30.914863,77.243539,15.03,7.62,7.7,790.0,,1.41,10.84,811.35
4427,RIVER GIRI U/S CHAILLA,RIVER,HIMACHAL PRADESH,2024-10-22,30.914863,77.243539,15.03,7.75,7.61,781.46,,1.43,10.34,823.02
4427,RIVER GIRI U/S CHAILLA,RIVER,HIMACHAL PRADESH,2024-11-21,30.914863,77.243539,14.75,7.93,7.5,806.34,,1.36,10.16,828.56
2621,RIVER GIRI AT D/S YASHWANT NAGAR AFTER CONF. WITH ASHWANI KHAD AT YASHWANT NAGAR- NEAR SHANI MANDIR,RIVER,HIMACHAL PRADESH,2023-01-01,30.882006,77.211344,11.45,7.76,8.19,401.0,,6.54,805.21,836.58
2621,RIVER GIRI AT D/S YASHWANT NAGAR AFTER CONF. WITH ASHWANI KHAD AT YASHWANT NAGAR- NEAR SHANI MANDIR,RIVER,HIMACHAL PRADESH,2023-01-31,30.882006,77.211344,12.01,7.77,7.64,427.93,,6.86,827.92,789.42
2621,RIVER GIRI AT D/S YASHWANT NAGAR AFTER CONF. WITH ASHWANI KHAD AT YASHWANT NAGAR- NEAR SHANI MANDIR,RIVER,HIMACHAL PRADESH,2023-03-02,30.882006,77.211344,12.58,7.83,7.95,435.81,,6.35,787.61,859.41
2621,RIVER GIRI AT D/S YASHWANT NAGAR AFTER CONF. WITH ASHWANI KHAD AT YASHWANT NAGAR- NEAR SHANI MANDIR,RIVER,HIMACHAL PRADESH,2023-04-01,30.882006,77.211344,12.11,8.18,8.11,416.6,,6.91,838.92,800.38
2621,RIVER GIRI AT D/S YASHWANT NAGAR AFTER CONF. WITH ASHWANI KHAD AT YASHWANT NAGAR- NEAR SHANI MANDIR,RIVER,HIMACHAL PRADESH,2023-05-01,30.882006,77.211344,11.84,8.32,7.99,443.45,,6.88,800.27,823.28
2621,RIVER GIRI AT D/S YASHWANT NAGAR AFTER CONF. WITH ASHWANI KHAD AT YASHWANT NAGAR- NEAR SHANI MANDIR,RIVER,HIMACHAL PRADESH,2023-05-31,30.882006,77.211344,12.54,8.14,8.35,417.94,,6.76,811.85,869.07
2621,RIVER GIRI AT D/S YASHWANT NAGAR AFTER CONF. WITH ASHWANI KHAD AT YASHWANT NAGAR- NEAR SHANI MANDIR,RIVER,HIMACHAL PRADESH,2023-06-30,30.882006,77.211344,12.34,7.87,8.11,423.14,,6.62,836.21,850.71
2621,RIVER GIRI AT D/S YASHWANT NAGAR AFTER CONF. WITH ASHWANI KHAD AT YASHWANT NAGAR- NEAR SHANI MANDIR,RIVER,HIMACHAL PRADESH,2023-07-30,30.882006,77.211344,12.37,8.21,8.75,453.34,,7.18,870.83,893.86
2621,RIVER GIRI AT D/S YASHWANT NAGAR AFTER CONF. WITH ASHWANI KHAD AT YASHWANT NAGAR- NEAR SHANI MANDIR,RIVER,HIMACHAL PRADESH,2023-08-29,30.882006,77.211344,12.83,8.37,8.53,443.48,,6.9,829.06,894.74
2621,RIVER GIRI AT D/S YASHWANT NAGAR AFTER CONF. WITH ASHWANI KHAD AT YASHWANT NAGAR- NEAR SHANI MANDIR,RIVER,HIMACHAL PRADESH,2023-09-28,30.882006,77.211344,12.38,8.21,8.65,460.4,,6.75,826.11,852.1
2621,RIVER GIRI AT D/S YASHWANT NAGAR AFTER CONF. WITH ASHWANI KHAD AT YASHWANT NAGAR- NEAR SHANI MANDIR,RIVER,HIMACHAL PRADESH,2023-10-28,30.882006,77.211344,13.22,8.11,8.24,431.0,,7.21,856.95,866.0
2621,RIVER GIRI AT D/S YASHWANT NAGAR AFTER CONF. WITH ASHWANI KHAD AT YASHWANT NAGAR- NEAR SHANI MANDIR,RIVER,HIMACHAL PRADESH,2023-11-27,30.882006,77.211344,13.05,8.32,8.72,437.81,,7.27,861.4,918.73
2621,RIVER GIRI AT D/S YASHWANT NAGAR AFTER CONF. WITH ASHWANI KHAD AT YASHWANT NAGAR- NEAR SHANI MANDIR,RIVER,HIMACHAL PRADESH,2023-12-27,30.882006,77.211344,12.63,8.78,8.9,437.66,,7.1,850.91,900.97
2621,RIVER GIRI AT D/S YASHWANT NAGAR AFTER CONF. WITH ASHWANI KHAD AT YASHWANT NAGAR- NEAR SHANI MANDIR,RIVER,HIMACHAL PRADESH,2024-01-26,30.882006,77.211344,13.29,8.74,8.85,455.33,,7.11,915.18,934.62
2621,RIVER GIRI AT D/S YASHWANT NAGAR AFTER CONF. WITH ASHWANI KHAD AT YASHWANT NAGAR- NEAR SHANI MANDIR,RIVER,HIMACHAL PRADESH,2024-02-25,30.882006,77.211344,13.37,8.39,8.93,482.09,,7.39,861.86,869.23
2621,RIVER GIRI AT D/S YASHWANT NAGAR AFTER CONF. WITH ASHWANI KHAD AT YASHWANT NAGAR- NEAR SHANI MANDIR,RIVER,HIMACHAL PRADESH,2024-03-26,30.882006,77.211344,13.19,8.74,9.21,484.27,,7.32,896.51,920.24
2621,RIVER GIRI AT D/S YASHWANT NAGAR AFTER CONF. WITH ASHWANI KHAD AT YASHWANT NAGAR- NEAR SHANI MANDIR,RIVER,HIMACHAL PRADESH,2024-04-25,30.882006,77.211344,13.1,8.43,8.65,449.82,,7.76,947.22,887.09
2621,RIVER GIRI AT D/S YASHWANT NAGAR AFTER CONF. WITH ASHWANI KHAD AT YASHWANT NAGAR- NEAR SHANI MANDIR,RIVER,HIMACHAL PRADESH,2024-05-25,30.882006,77.211344,13.64,8.73,8.84,459.35,,7.63,928.79,939.89
2621,RIVER GIRI AT D/S YASHWANT NAGAR AFTER CONF. WITH ASHWANI KHAD AT YASHWANT NAGAR- NEAR SHANI MANDIR,RIVER,HIMACHAL PRADESH,2024-06-24,30.882006,77.211344,13.38,8.63,8.91,471.45,,7.5,906.06,958.07
2621,RIVER GIRI AT D/S YASHWANT NAGAR AFTER CONF. WITH ASHWANI KHAD AT YASHWANT NAGAR- NEAR SHANI MANDIR,RIVER,HIMACHAL PRADESH,2024-07-24,30.882006,77.211344,14.11,9.16,9.48,463.98,,7.74,916.66,927.16
2621,RIVER GIRI AT D/S YASHWANT NAGAR AFTER CONF. WITH ASHWANI KHAD AT YASHWANT NAGAR- NEAR SHANI MANDIR,RIVER,HIMACHAL PRADESH,2024-08-23,30.882006,77.211344,13.81,9.15,9.53,491.77,,7.62,917.62,938.43
2621,RIVER GIRI AT D/S YASHWANT NAGAR AFTER CONF. WITH ASHWANI KHAD AT YASHWANT NAGAR- NEAR SHANI MANDIR,RIVER,HIMACHAL PRADESH,2024-09-22,30.882006,77.211344,14.7,9.07,9.69,471.27,,8.01,918.11,956.64
2621,RIVER GIRI AT D/S YASHWANT NAGAR AFTER CONF. WITH ASHWANI KHAD AT YASHWANT NAGAR- NEAR SHANI MANDIR,RIVER,HIMACHAL PRADESH,2024-10-22,30.882006,77.211344,14.21,9.03,9.46,469.93,,7.72,974.27,977.2
2621,RIVER GIRI AT D/S YASHWANT NAGAR AFTER CONF. WITH ASHWANI KHAD AT YASHWANT NAGAR- NEAR SHANI MANDIR,RIVER,HIMACHAL PRADESH,2024-11-21,30.882006,77.211344,14.13,9.43,9.22,508.96,,7.98,925.18,951.85
3876,RIVER GIRI AFTER CONFLUENCE OF ASHWANI RIVER AT VILLAGE MARYOG,RIVER,HIMACHAL PRADESH,2023-01-01,30.891819,77.21002,12.33,8.27,8.16,466.5,,4.37,39.29,840.53
3876,RIVER GIRI AFTER CONFLUENCE OF ASHWANI RIVER AT VILLAGE MARYOG,RIVER,HIMACHAL PRADESH,2023-01-31,30.891819,77.21002,12.6,8.48,7.83,437.24,,4.26,39.44,836.78
3876,RIVER GIRI AFTER CONFLUENCE OF ASHWANI RIVER AT VILLAGE MARYOG,RIVER,HIMACHAL PRADESH,2023-03-02,30.891819,77.21002,12.84,8.45,7.69,453.49,,4.12,40.25,786.7
3876,RIVER GIRI AFTER CONFLUENCE OF ASHWANI RIVER AT VILLAGE MARYOG,RIVER,HIMACHAL PRADESH,2023-04-01,30.891819,77.21002,12.32,7.84,7.86,461.87,,4.0,39.38,776.77
3876,RIVER GIRI AFTER CONFLUENCE OF ASHWANI RIVER AT VILLAGE MARYOG,RIVER,HIMACHAL PRADESH,2023-05-01,30.891819,77.21002,11.99,7.98,8.02,442.43,,3.94,38.39,806.93
3876,RIVER GIRI AFTER CONFLUENCE OF ASHWANI RIVER AT VILLAGE MARYOG,RIVER,HIMACHAL PRADESH,2023-05-31,30.891819,77.21002,12.11,7.68,7.71,434.03,,3.83,40.56,804.37
3876,RIVER GIRI AFTER CONFLUENCE OF ASHWANI RIVER AT VILLAGE MARYOG,RIVER,HIMACHAL PRADESH,2023-06-30,30.891819,77.21002,11.91,7.97,7.61,434.19,,3.83,39.4,779.27
3876,RIVER GIRI AFTER CONFLUENCE OF ASHWANI RIVER AT VILLAGE MARYOG,RIVER,HIMACHAL PRADESH,2023-07-30,30.891819,77.21002,11.87,7.48,7.91,427.77,,4.0,36.44,751.29
3876,RIVER GIRI AFTER CONFLUENCE OF ASHWANI RIVER AT VILLAGE MARYOG,RIVER,HIMACHAL PRADESH,2023-08-29,30.891819,77.21002,11.2,7.82,7.46,441.28,,3.97,36.45,752.42
3876,RIVER GIRI AFTER CONFLUENCE OF ASHWANI RIVER AT VILLAGE MARYOG,RIVER,HIMACHAL PRADESH,2023-09-28,30.891819,77.21002,11.47,7.45,7.65,425.71,,3.72,39.01,724.99
3876,RIVER GIRI AFTER CONFLUENCE OF ASHWANI RIVER AT VILLAGE MARYOG,RIVER,HIMACHAL PRADESH,2023-10-28,30.891819,77.21002,11.69,7.49,7.44,404.99,,3.86,38.95,750.52
3876,RIVER GIRI AFTER CONFLUENCE OF ASHWANI RIVER AT VILLAGE MARYOG,RIVER,HIMACHAL PRADESH,2023-11-27,30.891819,77.21002,11.6,7.61,7.31,396.89,,3.71,35.48,711.12
3876,RIVER GIRI AFTER CONFLUENCE OF ASHWANI RIVER AT VILLAGE MARYOG,RIVER,HIMACHAL PRADESH,2023-12-27,30.891819,77.21002,11.74,7.22,7.51,395.56,,3.69,35.5,751.26
3876,RIVER GIRI AFTER CONFLUENCE OF ASHWANI RIVER AT VILLAGE MARYOG,RIVER,HIMACHAL PRADESH,2024-01-26,30.891819,77.21002,11.63,6.95,6.8,420.47,,3.6,35.01,736.6
3876,RIVER GIRI AFTER CONFLUENCE OF ASHWANI RIVER AT VILLAGE MARYOG,RIVER,HIMACHAL PRADESH,2024-02-25,30.891819,77.21002,11.17,7.29,6.98,390.4,,3.5,36.3,680.24
3876,RIVER GIRI AFTER CONFLUENCE OF ASHWANI RIVER AT VILLAGE MARYOG,RIVER,HIMACHAL PRADESH,2024-03-26,30.891819,77.21002,10.77,6.85,6.77,407.64,,3.66,33.81,714.64
3876,RIVER GIRI AFTER CONFLUENCE OF ASHWANI RIVER AT VILLAGE MARYOG,RIVER,HIMACHAL PRADESH,2024-04-25,30.891819,77.21002,11.32,6.92,6.64,373.29,,3.76,35.86,701.05
3876,RIVER GIRI AFTER CONFLUENCE OF ASHWANI RIVER AT VILLAGE MARYOG,RIVER,HIMACHAL PRADESH,2024-05-25,30.891819,77.21002,10.48,7.32,7.22,409.67,,3.42,36.36,683.45
3876,RIVER GIRI AFTER CONFLUENCE OF ASHWANI RIVER AT VILLAGE MARYOG,RIVER,HIMACHAL PRADESH,2024-06-24,30.891819,77.21002,10.76,6.7,6.52,397.76,,3.4,33.58,697.38
3876,RIVER GIRI AFTER CONFLUENCE OF ASHWANI RIVER AT VILLAGE MARYOG,RIVER,HIMACHAL PRADESH,2024-07-24,30.891819,77.21002,11.05,6.91,6.96,391.38,,3.43,33.66,715.23
3876,RIVER GIRI AFTER CONFLUENCE OF ASHWANI RIVER AT VILLAGE MARYOG,RIVER,HIMACHAL PRADESH,2024-08-23,30.891819,77.21002,11.0,6.92,6.52,389.69,,3.51,32.1,681.64
3876,RIVER GIRI AFTER CONFLUENCE OF ASHWANI RIVER AT VILLAGE MARYOG,RIVER,HIMACHAL PRADESH,2024-09-22,30.891819,77.21002,10.68,6.41,6.42,369.34,,3.52,32.9,656.16
3876,RIVER GIRI AFTER CONFLUENCE OF ASHWANI RIVER AT VILLAGE MARYOG,RIVER,HIMACHAL PRADESH,2024-10-22,30.891819,77.21002,10.64,6.99,6.73,392.53,,3.51,31.35,697.47
3876,RIVER GIRI AFTER CONFLUENCE OF ASHWANI RIVER AT VILLAGE MARYOG,RIVER,HIMACHAL PRADESH,2024-11-21,30.891819,77.21002,9.79,6.69,6.22,348.34,,3.22,33.59,618.25
2622,RIVER GIRI AT U/S CCI MINES AT VILLAGE NADI,RIVER,HIMACHAL PRADESH,2023-01-01,30.522537,77.667622,23.99,7.79,8.03,694.78,,0.56,23.51,104.97
2622,RIVER GIRI AT U/S CCI MINES AT VILLAGE NADI,RIVER,HIMACHAL PRADESH,2023-01-31,30.522537,77.667622,22.91,7.65,8.42,707.13,,0.58,22.5,99.75
2622,RIVER GIRI AT U/S CCI MINES AT VILLAGE NADI,RIVER,HIMACHAL PRADESH,2023-03-02,30.522537,77.667622,23.32,7.75,7.9,686.32,,0.57,23.36,100.39
2622,RIVER GIRI AT U/S CCI MINES AT VILLAGE NADI,RIVER,HIMACHAL PRADESH,2023-04-01,30.522537,77.667622,24.45,7.43,8.14,688.74,,0.58,23.9,109.81
2622,RIVER GIRI AT U/S CCI MINES AT VILLAGE NADI,RIVER,HIMACHAL PRADESH,2023-05-01,30.522537,77.667622,24.65,7.62,8.27,671.74,,0.57,23.26,101.56
2622,RIVER GIRI AT U/S CCI MINES AT VILLAGE NADI,RIVER,HIMACHAL PRADESH,2023-05-31,30.522537,77.667622,22.65,7.85,8.07,696.16,,0.56,23.71,102.28
2622,RIVER GIRI AT U/S CCI MINES AT VILLAGE NADI,RIVER,HIMACHAL PRADESH,2023-06-30,30.522537,77.667622,23.87,7.39,7.77,723.26,,0.61,22.53,100.43
2622,RIVER GIRI AT U/S CCI MINES AT VILLAGE NADI,RIVER,HIMACHAL PRADESH,2023-07-30,30.522537,77.667622,24.17,7.17,7.89,675.7,,0.61,22.05,104.56
2622,RIVER GIRI AT U/S CCI MINES AT VILLAGE NADI,RIVER,HIMACHAL PRADESH,2023-08-29,30.522537,77.667622,23.75,7.53,7.84,660.57,,0.56,23.81,107.22
2622,RIVER GIRI AT U/S CCI MINES AT VILLAGE NADI,RIVER,HIMACHAL PRADESH,2023-09-28,30.522537,77.667622,23.27,7.73,8.1,660.43,,0.6,23.59,102.62
2622,RIVER GIRI AT U/S CCI MINES AT VILLAGE NADI,RIVER,HIMACHAL PRADESH,2023-10-28,30.522537,77.667622,22.51,7.39,8.15,685.46,,0.61,24.0,108.76
2622,RIVER GIRI AT U/S CCI MINES AT VILLAGE NADI,RIVER,HIMACHAL PRADESH,2023-11-27,30.522537,77.667622,24.33,7.36,7.99,724.42,,0.61,24.11,107.98
2622,RIVER GIRI AT U/S CCI MINES AT VILLAGE NADI,RIVER,HIMACHAL PRADESH,2023-12-27,30.522537,77.667622,24.09,7.9,8.42,715.81,,0.6,22.62,107.61
2622,RIVER GIRI AT U/S CCI MINES AT VILLAGE NADI,RIVER,HIMACHAL PRADESH,2024-01-26,30.522537,77.667622,23.57,7.56,7.76,700.99,,0.58,23.49,100.74
2622,RIVER GIRI AT U/S CCI MINES AT VILLAGE NADI,RIVER,HIMACHAL PRADESH,2024-02-25,30.522537,77.667622,23.99,7.42,8.11,666.44,,0.56,22.11,108.25
2622,RIVER GIRI AT U/S CCI MINES AT VILLAGE NADI,RIVER,HIMACHAL PRADESH,2024-03-26,30.522537,77.667622,24.05,7.85,7.95,719.81,,0.61,22.5,102.45
2622,RIVER GIRI AT U/S CCI MINES AT VILLAGE NADI,RIVER,HIMACHAL PRADESH,2024-04-25,30.522537,77.667622,23.7,7.64,7.72,672.48,,0.6,22.86,106.4
2622,RIVER GIRI AT U/S CCI MINES AT VILLAGE NADI,RIVER,HIMACHAL PRADESH,2024-05-25,30.522537,77.667622,22.85,7.6,7.89,667.17,,0.61,24.09,102.17
2622,RIVER GIRI AT U/S CCI MINES AT VILLAGE NADI,RIVER,HIMACHAL PRADESH,2024-06-24,30.522537,77.667622,22.4,7.83,8.38,694.94,,0.59,23.52,108.77
2622,RIVER GIRI AT U/S CCI MINES AT VILLAGE NADI,RIVER,HIMACHAL PRADESH,2024-07-24,30.522537,77.667622,22.66,7.68,8.21,698.72,,0.56,24.14,102.88
2622,RIVER GIRI AT U/S CCI MINES AT VILLAGE NADI,RIVER,HIMACHAL PRADESH,2024-08-23,30.522537,77.667622,24.61,7.81,7.71,680.35,,0.57,23.23,108.37
2622,RIVER GIRI AT U/S CCI MINES AT VILLAGE NADI,RIVER,HIMACHAL PRADESH,2024-09-22,30.522537,77.667622,23.51,7.3,7.98,669.97,,0.61,21.86,108.12
2622,RIVER GIRI AT U/S CCI MINES AT VILLAGE NADI,RIVER,HIMACHAL PRADESH,2024-10-22,30.522537,77.667622,22.62,7.86,8.18,661.17,,0.58,21.95,106.1
2622,RIVER GIRI AT U/S CCI MINES AT VILLAGE NADI,RIVER,HIMACHAL PRADESH,2024-11-21,30.522537,77.667622,24.51,7.72,8.09,704.22,,0.59,23.37,108.94
2623,RIVER GIRI D/S SATAUN,RIVER,HIMACHAL PRADESH,2023-01-01,30.552658,77.643922,23.06,7.45,7.71,712.81,,0.64,26.34,131.95
2623,RIVER GIRI D/S SATAUN,RIVER,HIMACHAL PRADESH,2023-01-31,30.552658,77.643922,22.59,7.99,7.86,715.24,,0.67,26.67,132.03
2623,RIVER GIRI D/S SATAUN,RIVER,HIMACHAL PRADESH,2023-03-02,30.552658,77.643922,24.06,7.49,7.79,703.05,,0.67,26.39,124.58
2623,RIVER GIRI D/S SATAUN,RIVER,HIMACHAL PRADESH,2023-04-01,30.552658,77.643922,23.14,8.01,7.97,731.76,,0.68,25.58,131.63
2623,RIVER GIRI D/S SATAUN,RIVER,HIMACHAL PRADESH,2023-05-01,30.552658,77.643922,23.18,8.11,7.58,716.46,,0.65,26.8,135.71
2623,RIVER GIRI D/S SATAUN,RIVER,HIMACHAL PRADESH,2023-05-31,30.552658,77.643922,23.35,7.9,7.61,717.23,,0.66,25.19,134.65
2623,RIVER GIRI D/S SATAUN,RIVER,HIMACHAL PRADESH,2023-06-30,30.552658,77.643922,22.94,7.94,8.01,680.35,,0.66,26.52,127.79
2623,RIVER GIRI D/S SATAUN,RIVER,HIMACHAL PRADESH,2023-07-30,30.552658,77.643922,23.11,8.02,7.9,701.78,,0.67,25.71,130.38
2623,RIVER GIRI D/S SATAUN,RIVER,HIMACHAL PRADESH,2023-08-29,30.552658,77.643922,23.67,7.69,7.89,701.57,,0.63,25.46,123.87
2623,RIVER GIRI D/S SATAUN,RIVER,HIMACHAL PRADESH,2023-09-28,30.552658,77.643922,22.75,7.52,8.22,671.49,,0.63,25.35,132.44
2623,RIVER GIRI D/S SATAUN,RIVER,HIMACHAL PRADESH,2023-10-28,30.552658,77.643922,22.02,7.82,8.33,683.47,,0.67,25.88,128.87
2623,RIVER GIRI D/S SATAUN,RIVER,HIMACHAL PRADESH,2023-11-27,30.552658,77.643922,22.69,7.38,8.07,694.86,,0.64,27.0,136.05
2623,RIVER GIRI D/S SATAUN,RIVER,HIMACHAL PRADESH,2023-12-27,30.552658,77.643922,22.14,7.76,8.23,669.47,,0.65,26.98,133.81
2623,RIVER GIRI D/S SATAUN,RIVER,HIMACHAL PRADESH,2024-01-26,30.552658,77.643922,23.74,7.41,7.84,665.05,,0.67,27.24,123.75
2623,RIVER GIRI D/S SATAUN,RIVER,HIMACHAL PRADESH,2024-02-25,30.552658,77.643922,22.94,7.37,8.04,673.98,,0.66,26.04,130.73
2623,RIVER GIRI D/S SATAUN,RIVER,HIMACHAL PRADESH,2024-03-26,30.552658,77.643922,22.62,8.13,7.88,732.24,,0.64,26.2,130.05
2623,RIVER GIRI D/S SATAUN,RIVER,HIMACHAL PRADESH,2024-04-25,30.552658,77.643922,22.38,8.14,7.61,709.43,,0.67,27.15,127.57
2623,RIVER GIRI D/S SATAUN,RIVER,HIMACHAL PRADESH,2024-05-25,30.552658,77.643922,23.87,7.8,8.21,696.02,,0.65,26.72,134.58
2623,RIVER GIRI D/S SATAUN,RIVER,HIMACHAL PRADESH,2024-06-24,30.552658,77.643922,22.5,7.71,7.98,718.96,,0.67,25.74,124.88
2623,RIVER GIRI D/S SATAUN,RIVER,HIMACHAL PRADESH,2024-07-24,30.552658,77.643922,24.07,7.86,7.85,715.67,,0.67,26.94,129.61
2623,RIVER GIRI D/S SATAUN,RIVER,HIMACHAL PRADESH,2024-08-23,30.552658,77.643922,22.17,7.61,7.9,718.28,,0.69,27.78,128.54
2623,RIVER GIRI D/S SATAUN,RIVER,HIMACHAL PRADESH,2024-09-22,30.552658,77.643922,22.52,7.46,7.94,672.06,,0.67,26.73,124.85
2623,RIVER GIRI D/S SATAUN,RIVER,HIMACHAL PRADESH,2024-10-22,30.552658,77.643922,22.4,7.78,8.13,700.67,,0.66,25.84,128.23
2623,RIVER GIRI D/S SATAUN,RIVER,HIMACHAL PRADESH,2024-11-21,30.552658,77.643922,23.99,7.53,7.59,667.17,,0.69,26.36,125.89
3877,RIVER GIRI U/S LWSS AT SAINJ,RIVER,HIMACHAL PRADESH,2023-01-01,31.769476,77.306086,15.58,7.44,7.4,814.92,,1.64,22.39,836.73
3877,RIVER GIRI U/S LWSS AT SAINJ,RIVER,HIMACHAL PRADESH,2023-01-31,31.769476,77.306086,15.89,7.53,7.63,827.57,,1.61,22.51,778.72
3877,RIVER GIRI U/S LWSS AT SAINJ,RIVER,HIMACHAL PRADESH,2023-03-02,31.769476,77.306086,16.48,7.3,7.73,858.75,,1.64,22.5,801.47
3877,RIVER GIRI U/S LWSS AT SAINJ,RIVER,HIMACHAL PRADESH,2023-04-01,31.769476,77.306086,16.12,7.73,7.91,836.48,,1.67,20.8,799.36
3877,RIVER GIRI U/S LWSS AT SAINJ,RIVER,HIMACHAL PRADESH,2023-05-01,31.769476,77.306086,15.74,7.42,7.46,847.3,,1.6,21.64,834.98
3877,RIVER GIRI U/S LWSS AT SAINJ,RIVER,HIMACHAL PRADESH,2023-05-31,31.769476,77.306086,16.27,7.81,7.44,789.9,,1.57,21.4,845.3
3877,RIVER GIRI U/S LWSS AT SAINJ,RIVER,HIMACHAL PRADESH,2023-06-30,31.769476,77.306086,15.95,7.43,7.61,865.23,,1.55,22.19,821.62
3877,RIVER GIRI U/S LWSS AT SAINJ,RIVER,HIMACHAL PRADESH,2023-07-30,31.769476,77.306086,16.28,7.74,7.47,853.34,,1.63,22.01,835.88
3877,RIVER GIRI U/S LWSS AT SAINJ,RIVER,HIMACHAL PRADESH,2023-08-29,31.769476,77.306086,15.63,7.66,7.55,809.44,,1.53,22.56,817.72
3877,RIVER GIRI U/S LWSS AT SAINJ,RIVER,HIMACHAL PRADESH,2023-09-28,31.769476,77.306086,15.52,7.46,7.43,871.91,,1.66,21.69,818.47
3877,RIVER GIRI U/S LWSS AT SAINJ,RIVER,HIMACHAL PRADESH,2023-10-28,31.769476,77.306086,16.04,7.78,7.75,819.25,,1.62,21.11,798.81
3877,RIVER GIRI U/S LWSS AT SAINJ,RIVER,HIMACHAL PRADESH,2023-11-27,31.769476,77.306086,15.63,7.54,7.87,869.93,,1.53,22.03,831.56
3877,RIVER GIRI U/S LWSS AT SAINJ,RIVER,HIMACHAL PRADESH,2023-12-27,31.769476,77.306086,15.62,7.78,7.38,809.58,,1.63,20.61,785.61
3877,RIVER GIRI U/S LWSS AT SAINJ,RIVER,HIMACHAL PRADESH,2024-01-26,31.769476,77.306086,15.92,7.63,8.03,831.15,,1.63,21.43,837.76
3877,RIVER GIRI U/S LWSS AT SAINJ,RIVER,HIMACHAL PRADESH,2024-02-25,31.769476,77.306086,16.02,7.92,7.46,853.74,,1.56,20.72,810.1
3877,RIVER GIRI U/S LWSS AT SAINJ,RIVER,HIMACHAL PRADESH,2024-03-26,31.769476,77.306086,15.56,8.0,7.68,832.4,,1.55,22.5,773.8
3877,RIVER GIRI U/S LWSS AT SAINJ,RIVER,HIMACHAL PRADESH,2024-04-25,31.769476,77.306086,15.82,7.98,7.51,844.71,,1.53,21.83,839.34
3877,RIVER GIRI U/S LWSS AT SAINJ,RIVER,HIMACHAL PRADESH,2024-05-25,31.769476,77.306086,16.45,7.52,8.03,821.14,,1.57,22.15,781.51
3877,RIVER GIRI U/S LWSS AT SAINJ,RIVER,HIMACHAL PRADESH,2024-06-24,31.769476,77.306086,15.41,7.49,8.05,820.02,,1.6,22.48,767.48
3877,RIVER GIRI U/S LWSS AT SAINJ,RIVER,HIMACHAL PRADESH,2024-07-24,31.769476,77.306086,15.56,7.81,7.95,846.26,,1.6,21.5,791.97
3877,RIVER GIRI U/S LWSS AT SAINJ,RIVER,HIMACHAL PRADESH,2024-08-23,31.769476,77.306086,16.64,7.6,7.7,866.43,,1.67,22.18,789.56
3877,RIVER GIRI U/S LWSS AT SAINJ,RIVER,HIMACHAL PRADESH,2024-09-22,31.769476,77.306086,15.33,7.29,7.83,793.9,,1.67,21.23,825.31
3877,RIVER GIRI U/S LWSS AT SAINJ,RIVER,HIMACHAL PRADESH,2024-10-22,31.769476,77.306086,15.77,7.91,7.99,831.79,,1.55,21.47,784.08
3877,RIVER GIRI U/S LWSS AT SAINJ,RIVER,HIMACHAL PRADESH,2024-11-21,31.769476,77.306086,15.98,7.97,7.68,789.91,,1.54,22.39,793.9
3878,RIVER GIRI D/S LWSS AT SAINJ,RIVER,HIMACHAL PRADESH,2023-01-01,31.785054,77.330491,16.22,7.35,7.96,806.71,,2.93,17.77,832.17
3878,RIVER GIRI D/S LWSS AT SAINJ,RIVER,HIMACHAL PRADESH,2023-01-31,31.785054,77.330491,15.49,8.09,7.96,841.84,,2.87,17.33,799.86
3878,RIVER GIRI D/S LWSS AT SAINJ,RIVER,HIMACHAL PRADESH,2023-03-02,31.785054,77.330491,15.44,7.77,7.53,832.98,,2.92,17.53,806.42
3878,RIVER GIRI D/S LWSS AT SAINJ,RIVER,HIMACHAL PRADESH,2023-04-01,31.785054,77.330491,15.9,7.95,7.63,852.77,,3.03,18.01,797.68
3878,RIVER GIRI D/S LWSS AT SAINJ,RIVER,HIMACHAL PRADESH,2023-05-01,31.785054,77.330491,15.32,8.25,7.86,841.64,,3.14,19.11,809.37
3878,RIVER GIRI D/S LWSS AT SAINJ,RIVER,HIMACHAL PRADESH,2023-05-31,31.785054,77.330491,16.71,8.12,8.35,831.67,,3.14,19.31,814.76
3878,RIVER GIRI D/S LWSS AT SAINJ,RIVER,HIMACHAL PRADESH,2023-06-30,31.785054,77.330491,15.87,7.94,8.23,857.19,,3.1,19.72,825.45
3878,RIVER GIRI D/S LWSS AT SAINJ,RIVER,HIMACHAL PRADESH,2023-07-30,31.785054,77.330491,17.0,8.15,8.48,897.96,,3.0,18.24,866.65
3878,RIVER GIRI D/S LWSS AT SAINJ,RIVER,HIMACHAL PRADESH,2023-08-29,31.785054,77.330491,16.69,8.13,8.04,907.1,,3.24,19.64,843.77
3878,RIVER GIRI D/S LWSS AT SAINJ,RIVER,HIMACHAL PRADESH,2023-09-28,31.785054,77.330491,16.88,8.05,8.48,918.84,,3.31,20.0,891.82
3878,RIVER GIRI D/S LWSS AT SAINJ,RIVER,HIMACHAL PRADESH,2023-10-28,31.785054,77.330491,16.48,8.71,8.79,869.04,,3.16,20.24,883.17
3878,RIVER GIRI D/S LWSS AT SAINJ,RIVER,HIMACHAL PRADESH,2023-11-27,31.785054,77.330491,16.73,8.4,8.46,890.13,,3.19,19.23,866.44
3878,RIVER GIRI D/S LWSS AT SAINJ,RIVER,HIMACHAL PRADESH,2023-12-27,31.785054,77.330491,17.15,8.73,8.9,874.66,,3.34,20.39,875.51
3878,RIVER GIRI D/S LWSS AT SAINJ,RIVER,HIMACHAL PRADESH,2024-01-26,31.785054,77.330491,16.43,8.86,8.93,911.57,,3.13,20.07,911.23
3878,RIVER GIRI D/S LWSS AT SAINJ,RIVER,HIMACHAL PRADESH,2024-02-25,31.785054,77.330491,17.05,8.98,8.79,915.95,,3.29,19.75,902.18
3878,RIVER GIRI D/S LWSS AT SAINJ,RIVER,HIMACHAL PRADESH,2024-03-26,31.785054,77.330491,17.23,8.55,8.9,904.03,,3.4,21.03,889.89
3878,RIVER GIRI D/S LWSS AT SAINJ,RIVER,HIMACHAL PRADESH,2024-04-25,31.785054,77.330491,17.95,8.61,8.78,910.45,,3.47,21.0,939.2
3878,RIVER GIRI D/S LWSS AT SAINJ,RIVER,HIMACHAL PRADESH,2024-05-25,31.785054,77.330491,17.03,8.44,8.51,940.99,,3.45,19.9,922.09
3878,RIVER GIRI D/S LWSS AT SAINJ,RIVER,HIMACHAL PRADESH,2024-06-24,31.785054,77.330491,17.67,8.63,9.14,994.35,,3.39,20.79,923.1
3878,RIVER GIRI D/S LWSS AT SAINJ,RIVER,HIMACHAL PRADESH,2024-07-24,31.785054,77.330491,18.51,8.71,9.32,982.17,,3.43,20.54,952.35
3878,RIVER GIRI D/S LWSS AT SAINJ,RIVER,HIMACHAL PRADESH,2024-08-23,31.785054,77.330491,18.0,8.84,9.07,976.16,,3.47,20.58,936.5
3878,RIVER GIRI D/S LWSS AT SAINJ,RIVER,HIMACHAL PRADESH,2024-09-22,31.785054,77.330491,18.41,9.24,9.39,942.6,,3.42,21.73,946.36
3878,RIVER GIRI D/S LWSS AT SAINJ,RIVER,HIMACHAL PRADESH,2024-10-22,31.785054,77.330491,19.12,8.84,9.17,977.46,,3.42,22.11,981.93
3878,RIVER GIRI D/S LWSS AT SAINJ,RIVER,HIMACHAL PRADESH,2024-11-21,31.785054,77.330491,18.17,8.93,8.94,950.29,,3.47,20.85,978.57
3860,"RIVER GIRI D/S CEMENT CORPORATION OF INDIA, RAJBAN AT BANGRAN BRIDGE",RIVER,HIMACHAL PRADESH,2023-01-01,30.526326,77.66857,21.81,7.35,7.86,631.91,,0.6,25.18,110.48
3860,"RIVER GIRI D/S CEMENT CORPORATION OF INDIA, RAJBAN AT BANGRAN BRIDGE",RIVER,HIMACHAL PRADESH,2023-01-31,30.526326,77.66857,22.43,7.47,8.1,611.19,,0.61,23.87,107.05
3860,"RIVER GIRI D/S CEMENT CORPORATION OF INDIA, RAJBAN AT BANGRAN BRIDGE",RIVER,HIMACHAL PRADESH,2023-03-02,30.526326,77.66857,21.66,7.89,7.56,633.88,,0.63,23.79,110.38
3860,"RIVER GIRI D/S CEMENT CORPORATION OF INDIA, RAJBAN AT BANGRAN BRIDGE",RIVER,HIMACHAL PRADESH,2023-04-01,30.526326,77.66857,21.64,7.96,8.03,650.86,,0.62,24.85,103.3
3860,"RIVER GIRI D/S CEMENT CORPORATION OF INDIA, RAJBAN AT BANGRAN BRIDGE",RIVER,HIMACHAL PRADESH,2023-05-01,30.526326,77.66857,22.06,7.8,7.63,654.94,,0.62,24.24,106.75
3860,"RIVER GIRI D/S CEMENT CORPORATION OF INDIA, RAJBAN AT BANGRAN BRIDGE",RIVER,HIMACHAL PRADESH,2023-05-31,30.526326,77.66857,22.71,7.66,7.83,663.93,,0.64,25.15,111.92
3860,"RIVER GIRI D/S CEMENT CORPORATION OF INDIA, RAJBAN AT BANGRAN BRIDGE",RIVER,HIMACHAL PRADESH,2023-06-30,30.526326,77.66857,21.71,7.36,7.53,656.09,,0.62,24.42,106.52
3860,"RIVER GIRI D/S CEMENT CORPORATION OF INDIA, RAJBAN AT BANGRAN BRIDGE",RIVER,HIMACHAL PRADESH,2023-07-30,30.526326,77.66857,22.39,7.55,8.18,633.29,,0.64,24.13,112.67
3860,"RIVER GIRI D/S CEMENT CORPORATION OF INDIA, RAJBAN AT BANGRAN BRIDGE",RIVER,HIMACHAL PRADESH,2023-08-29,30.526326,77.66857,23.17,7.36,8.15,662.15,,0.62,23.8,106.3
3860,"RIVER GIRI D/S CEMENT CORPORATION OF INDIA, RAJBAN AT BANGRAN BRIDGE",RIVER,HIMACHAL PRADESH,2023-09-28,30.526326,77.66857,22.36,7.82,7.83,621.01,,0.59,25.64,112.13
3860,"RIVER GIRI D/S CEMENT CORPORATION OF INDIA, RAJBAN AT BANGRAN BRIDGE",RIVER,HIMACHAL PRADESH,2023-10-28,30.526326,77.66857,22.34,7.61,8.04,667.25,,0.63,24.6,103.27
3860,"RIVER GIRI D/S CEMENT CORPORATION OF INDIA, RAJBAN AT BANGRAN BRIDGE",RIVER,HIMACHAL PRADESH,2023-11-27,30.526326,77.66857,21.83,7.42,7.96,670.42,,0.63,24.58,106.87
3860,"RIVER GIRI D/S CEMENT CORPORATION OF INDIA, RAJBAN AT BANGRAN BRIDGE",RIVER,HIMACHAL PRADESH,2023-12-27,30.526326,77.66857,22.24,7.93,8.02,670.13,,0.61,24.63,106.27
3860,"RIVER GIRI D/S CEMENT CORPORATION OF INDIA, RAJBAN AT BANGRAN BRIDGE",RIVER,HIMACHAL PRADESH,2024-01-26,30.526326,77.66857,22.88,7.45,7.7,618.5,,0.59,24.56,103.89
3860,"RIVER GIRI D/S CEMENT CORPORATION OF INDIA, RAJBAN AT BANGRAN BRIDGE",RIVER,HIMACHAL PRADESH,2024-02-25,30.526326,77.66857,23.1,7.42,8.01,627.66,,0.59,25.25,103.09
3860,"RIVER GIRI D/S CEMENT CORPORATION OF INDIA, RAJBAN AT BANGRAN BRIDGE",RIVER,HIMACHAL PRADESH,2024-03-26,30.526326,77.66857,22.79,7.67,7.84,620.72,,0.63,25.37,106.98
3860,"RIVER GIRI D/S CEMENT CORPORATION OF INDIA, RAJBAN AT BANGRAN BRIDGE",RIVER,HIMACHAL PRADESH,2024-04-25,30.526326,77.66857,21.48,7.68,7.78,669.46,,0.64,26.04,113.17
3860,"RIVER GIRI D/S CEMENT CORPORATION OF INDIA, RAJBAN AT BANGRAN BRIDGE",RIVER,HIMACHAL PRADESH,2024-05-25,30.526326,77.66857,22.21,8.02,7.78,656.99,,0.61,25.95,104.09
3860,"RIVER GIRI D/S CEMENT CORPORATION OF INDIA, RAJBAN AT BANGRAN BRIDGE",RIVER,HIMACHAL PRADESH,2024-06-24,30.526326,77.66857,22.92,7.44,7.7,630.69,,0.61,24.81,111.62
3860,"RIVER GIRI D/S CEMENT CORPORATION OF INDIA, RAJBAN AT BANGRAN BRIDGE",RIVER,HIMACHAL PRADESH,2024-07-24,30.526326,77.66857,22.18,7.45,8.19,669.42,,0.59,25.35,110.07
3860,"RIVER GIRI D/S CEMENT CORPORATION OF INDIA, RAJBAN AT BANGRAN BRIDGE",RIVER,HIMACHAL PRADESH,2024-08-23,30.526326,77.66857,22.46,7.47,8.06,648.23,,0.62,25.06,110.01
3860,"RIVER GIRI D/S CEMENT CORPORATION OF INDIA, RAJBAN AT BANGRAN BRIDGE",RIVER,HIMACHAL PRADESH,2024-09-22,30.526326,77.66857,21.53,7.33,8.05,613.79,,0.64,26.0,112.5
3860,"RIVER GIRI D/S CEMENT CORPORATION OF INDIA, RAJBAN AT BANGRAN BRIDGE",RIVER,HIMACHAL PRADESH,2024-10-22,30.526326,77.66857,22.59,7.5,7.69,639.97,,0.62,25.27,107.81
3860,"RIVER GIRI D/S CEMENT CORPORATION OF INDIA, RAJBAN AT BANGRAN BRIDGE",RIVER,HIMACHAL PRADESH,2024-11-21,30.526326,77.66857,23.09,7.96,7.52,618.36,,0.59,25.99,108.34
1614,"RIVER BETWA NEAR WATER SUPPLY INTAKE WELL , VIDISHA(M.P)",RIVER,MADHYA PRADESH,2023-01-01,23.541173,77.801938,24.44,8.2,7.79,416.22,3.26,6.33,37.82,226.92
1614,"RIVER BETWA NEAR WATER SUPPLY INTAKE WELL , VIDISHA(M.P)",RIVER,MADHYA PRADESH,2023-01-31,23.541173,77.801938,24.74,8.54,7.26,447.54,3.13,6.47,36.9,227.41
1614,"RIVER BETWA NEAR WATER SUPPLY INTAKE WELL , VIDISHA(M.P)",RIVER,MADHYA PRADESH,2023-03-02,23.541173,77.801938,23.28,8.14,7.9,442.58,3.17,6.52,36.96,233.18
1614,"RIVER BETWA NEAR WATER SUPPLY INTAKE WELL , VIDISHA(M.P)",RIVER,MADHYA PRADESH,2023-04-01,23.541173,77.801938,25.55,8.58,7.24,431.06,3.04,6.58,36.3,236.95
1614,"RIVER BETWA NEAR WATER SUPPLY INTAKE WELL , VIDISHA(M.P)",RIVER,MADHYA PRADESH,2023-05-01,23.541173,77.801938,24.12,8.91,7.74,422.67,3.17,6.95,37.44,246.57
1614,"RIVER BETWA NEAR WATER SUPPLY INTAKE WELL , VIDISHA(M.P)",RIVER,MADHYA PRADESH,2023-05-31,23.541173,77.801938,24.77,8.84,7.67,421.64,3.05,6.68,37.15,226.72
1614,"RIVER BETWA NEAR WATER SUPPLY INTAKE WELL , VIDISHA(M.P)",RIVER,MADHYA PRADESH,2023-06-30,23.541173,77.801938,24.21,8.6,7.24,420.7,3.29,6.61,35.13,236.14
1614,"RIVER BETWA NEAR WATER SUPPLY INTAKE WELL , VIDISHA(M.P)",RIVER,MADHYA PRADESH,2023-07-30,23.541173,77.801938,24.61,8.37,7.61,438.63,3.16,6.55,35.54,224.31
1614,"RIVER BETWA NEAR WATER SUPPLY INTAKE WELL , VIDISHA(M.P)",RIVER,MADHYA PRADESH,2023-08-29,23.541173,77.801938,23.83,8.73,7.32,442.51,3.31,6.97,36.24,240.0
1614,"RIVER BETWA NEAR WATER SUPPLY INTAKE WELL , VIDISHA(M.P)",RIVER,MADHYA PRADESH,2023-09-28,23.541173,77.801938,25.24,8.31,7.82,419.32,3.27,6.73,37.86,242.81
1614,"RIVER BETWA NEAR WATER SUPPLY INTAKE WELL , VIDISHA(M.P)",RIVER,MADHYA PRADESH,2023-10-28,23.541173,77.801938,23.62,8.29,7.68,420.89,3.06,6.86,37.35,234.87
1614,"RIVER BETWA NEAR WATER SUPPLY INTAKE WELL , VIDISHA(M.P)",RIVER,MADHYA PRADESH,2023-11-27,23.541173,77.801938,25.12,8.77,7.48,429.6,3.08,6.92,35.33,243.65
1614,"RIVER BETWA NEAR WATER SUPPLY INTAKE WELL , VIDISHA(M.P)",RIVER,MADHYA PRADESH,2023-12-27,23.541173,77.801938,24.76,8.7,7.48,419.64,3.17,6.74,36.96,223.73
1614,"RIVER BETWA NEAR WATER SUPPLY INTAKE WELL , VIDISHA(M.P)",RIVER,MADHYA PRADESH,2024-01-26,23.541173,77.801938,24.06,8.75,7.75,449.7,3.28,6.82,35.79,229.78
1614,"RIVER BETWA NEAR WATER SUPPLY INTAKE WELL , VIDISHA(M.P)",RIVER,MADHYA PRADESH,2024-02-25,23.541173,77.801938,25.16,8.25,7.78,409.93,3.28,6.55,37.67,243.92
1614,"RIVER BETWA NEAR WATER SUPPLY INTAKE WELL , VIDISHA(M.P)",RIVER,MADHYA PRADESH,2024-03-26,23.541173,77.801938,23.51,8.13,7.29,418.68,3.3,6.56,35.67,237.43
1614,"RIVER BETWA NEAR WATER SUPPLY INTAKE WELL , VIDISHA(M.P)",RIVER,MADHYA PRADESH,2024-04-25,23.541173,77.801938,23.86,8.87,7.23,440.05,3.33,6.82,35.68,239.33
1614,"RIVER BETWA NEAR WATER SUPPLY INTAKE WELL , VIDISHA(M.P)",RIVER,MADHYA PRADESH,2024-05-25,23.541173,77.801938,24.61,8.45,7.7,437.27,3.18,6.9,35.82,231.33
1614,"RIVER BETWA NEAR WATER SUPPLY INTAKE WELL , VIDISHA(M.P)",RIVER,MADHYA PRADESH,2024-06-24,23.541173,77.801938,23.68,8.41,7.61,440.6,3.12,6.96,35.23,226.19
1614,"RIVER BETWA NEAR WATER SUPPLY INTAKE WELL , VIDISHA(M.P)",RIVER,MADHYA PRADESH,2024-07-24,23.541173,77.801938,23.61,8.89,7.43,410.49,3.3,6.69,35.7,244.35
1614,"RIVER BETWA NEAR WATER SUPPLY INTAKE WELL , VIDISHA(M.P)",RIVER,MADHYA PRADESH,2024-08-23,23.541173,77.801938,25.44,8.34,7.33,438.85,3.31,6.9,36.0,233.68
1614,"RIVER BETWA NEAR WATER SUPPLY INTAKE WELL , VIDISHA(M.P)",RIVER,MADHYA PRADESH,2024-09-22,23.541173,77.801938,23.41,8.76,7.95,410.92,3.25,6.41,34.91,224.12
1614,"RIVER BETWA NEAR WATER SUPPLY INTAKE WELL , VIDISHA(M.P)",RIVER,MADHYA PRADESH,2024-10-22,23.541173,77.801938,24.49,8.88,7.46,415.52,3.16,6.91,35.13,224.96
1614,"RIVER BETWA NEAR WATER SUPPLY INTAKE WELL , VIDISHA(M.P)",RIVER,MADHYA PRADESH,2024-11-21,23.541173,77.801938,24.55,8.69,7.82,421.07,3.34,6.91,36.52,238.17
2107,"RIVER BETWA AT U/S AT MAHUTA GHAT, AGASOD, BINA",RIVER,MADHYA PRADESH,2023-01-01,25.767472,79.331309,25.51,6.64,8.02,363.96,1.45,1.29,3.76,50.42
2107,"RIVER BETWA AT U/S AT MAHUTA GHAT, AGASOD, BINA",RIVER,MADHYA PRADESH,2023-01-31,25.767472,79.331309,26.18,6.9,8.13,368.97,1.39,1.31,3.71,51.23
2107,"RIVER BETWA AT U/S AT MAHUTA GHAT, AGASOD, BINA",RIVER,MADHYA PRADESH,2023-03-02,25.767472,79.331309,25.49,6.82,8.0,373.47,1.43,1.26,3.75,53.55
2107,"RIVER BETWA AT U/S AT MAHUTA GHAT, AGASOD, BINA",RIVER,MADHYA PRADESH,2023-04-01,25.767472,79.331309,25.69,6.93,7.84,386.18,1.41,1.31,3.93,55.33
2107,"RIVER BETWA AT U/S AT MAHUTA GHAT, AGASOD, BINA",RIVER,MADHYA PRADESH,2023-05-01,25.767472,79.331309,25.24,6.55,8.13,396.08,1.45,1.32,3.93,54.58
2107,"RIVER BETWA AT U/S AT MAHUTA GHAT, AGASOD, BINA",RIVER,MADHYA PRADESH,2023-05-31,25.767472,79.331309,26.93,7.01,7.75,393.5,1.38,1.28,3.9,50.89
2107,"RIVER BETWA AT U/S AT MAHUTA GHAT, AGASOD, BINA",RIVER,MADHYA PRADESH,2023-06-30,25.767472,79.331309,26.81,6.76,8.15,396.35,1.5,1.34,3.77,51.08
2107,"RIVER BETWA AT U/S AT MAHUTA GHAT, AGASOD, BINA",RIVER,MADHYA PRADESH,2023-07-30,25.767472,79.331309,25.71,7.0,7.4,393.98,1.44,1.35,3.77,53.64
2107,"RIVER BETWA AT U/S AT MAHUTA GHAT, AGASOD, BINA",RIVER,MADHYA PRADESH,2023-08-29,25.767472,79.331309,27.15,6.94,7.98,377.81,1.38,1.24,3.85,51.83
2107,"RIVER BETWA AT U/S AT MAHUTA GHAT, AGASOD, BINA",RIVER,MADHYA PRADESH,2023-09-28,25.767472,79.331309,25.39,6.66,7.75,376.69,1.46,1.32,3.78,50.74
2107,"RIVER BETWA AT U/S AT MAHUTA GHAT, AGASOD, BINA",RIVER,MADHYA PRADESH,2023-10-28,25.767472,79.331309,26.72,6.85,7.47,387.87,1.52,1.35,3.63,52.68
2107,"RIVER BETWA AT U/S AT MAHUTA GHAT, AGASOD, BINA",RIVER,MADHYA PRADESH,2023-11-27,25.767472,79.331309,27.24,6.63,7.85,390.31,1.4,1.24,3.73,54.79
2107,"RIVER BETWA AT U/S AT MAHUTA GHAT, AGASOD, BINA",RIVER,MADHYA PRADESH,2023-12-27,25.767472,79.331309,27.02,6.92,7.9,373.86,1.41,1.27,3.76,50.43
2107,"RIVER BETWA AT U/S AT MAHUTA GHAT, AGASOD, BINA",RIVER,MADHYA PRADESH,2024-01-26,25.767472,79.331309,27.3,6.45,7.68,372.91,1.38,1.24,3.78,50.96
2107,"RIVER BETWA AT U/S AT MAHUTA GHAT, AGASOD, BINA",RIVER,MADHYA PRADESH,2024-02-25,25.767472,79.331309,26.14,6.64,7.7,375.16,1.5,1.31,3.75,53.39
2107,"RIVER BETWA AT U/S AT MAHUTA GHAT, AGASOD, BINA",RIVER,MADHYA PRADESH,2024-03-26,25.767472,79.331309,26.85,6.51,7.81,399.38,1.47,1.34,3.8,54.63
2107,"RIVER BETWA AT U/S AT MAHUTA GHAT, AGASOD, BINA",RIVER,MADHYA PRADESH,2024-04-25,25.767472,79.331309,26.57,6.89,7.83,395.01,1.48,1.35,3.73,53.6
2107,"RIVER BETWA AT U/S AT MAHUTA GHAT, AGASOD, BINA",RIVER,MADHYA PRADESH,2024-05-25,25.767472,79.331309,26.85,6.82,7.5,365.64,1.5,1.23,3.96,53.99
2107,"RIVER BETWA AT U/S AT MAHUTA GHAT, AGASOD, BINA",RIVER,MADHYA PRADESH,2024-06-24,25.767472,79.331309,25.47,7.07,7.81,373.87,1.42,1.27,3.63,50.38
2107,"RIVER BETWA AT U/S AT MAHUTA GHAT, AGASOD, BINA",RIVER,MADHYA PRADESH,2024-07-24,25.767472,79.331309,27.28,6.76,7.43,373.86,1.51,1.27,3.95,54.31
2107,"RIVER BETWA AT U/S AT MAHUTA GHAT, AGASOD, BINA",RIVER,MADHYA PRADESH,2024-08-23,25.767472,79.331309,27.16,6.81,8.08,401.98,1.47,1.27,3.73,54.31
2107,"RIVER BETWA AT U/S AT MAHUTA GHAT, AGASOD, BINA",RIVER,MADHYA PRADESH,2024-09-22,25.767472,79.331309,26.07,6.51,7.63,364.34,1.45,1.3,3.87,50.62
2107,"RIVER BETWA AT U/S AT MAHUTA GHAT, AGASOD, BINA",RIVER,MADHYA PRADESH,2024-10-22,25.767472,79.331309,26.06,6.96,7.61,401.68,1.39,1.24,3.64,55.59
2107,"RIVER BETWA AT U/S AT MAHUTA GHAT, AGASOD, BINA",RIVER,MADHYA PRADESH,2024-11-21,25.767472,79.331309,26.48,6.68,7.9,401.1,1.41,1.29,3.83,52.81
2108,"RIVER BETWA AT M/S J.P. THERMAL POWER, BINA",RIVER,MADHYA PRADESH,2023-01-01,24.317042,78.127198,27.01,6.75,7.73,391.42,1.57,1.24,2.02,45.49
2108,"RIVER BETWA AT M/S J.P. THERMAL POWER, BINA",RIVER,MADHYA PRADESH,2023-01-31,24.317042,78.127198,25.35,7.26,7.77,374.85,1.53,1.24,1.92,45.38
2108,"RIVER BETWA AT M/S J.P. THERMAL POWER, BINA",RIVER,MADHYA PRADESH,2023-03-02,24.317042,78.127198,24.95,6.85,7.79,408.96,1.53,1.23,2.09,44.45
2108,"RIVER BETWA AT M/S J.P. THERMAL POWER, BINA",RIVER,MADHYA PRADESH,2023-04-01,24.317042,78.127198,25.25,6.67,8.19,373.4,1.54,1.25,2.0,43.34
2108,"RIVER BETWA AT M/S J.P. THERMAL POWER, BINA",RIVER,MADHYA PRADESH,2023-05-01,24.317042,78.127198,26.91,7.21,7.58,404.96,1.55,1.2,2.06,45.14
2108,"RIVER BETWA AT M/S J.P. THERMAL POWER, BINA",RIVER,MADHYA PRADESH,2023-05-31,24.317042,78.127198,26.13,6.75,7.55,386.58,1.53,1.2,2.03,43.81
2108,"RIVER BETWA AT M/S J.P. THERMAL POWER, BINA",RIVER,MADHYA PRADESH,2023-06-30,24.317042,78.127198,26.38,6.99,7.6,406.17,1.49,1.23,1.96,43.32
2108,"RIVER BETWA AT M/S J.P. THERMAL POWER, BINA",RIVER,MADHYA PRADESH,2023-07-30,24.317042,78.127198,26.79,7.17,8.04,381.59,1.46,1.19,1.97,44.6
2108,"RIVER BETWA AT M/S J.P. THERMAL POWER, BINA",RIVER,MADHYA PRADESH,2023-08-29,24.317042,78.127198,25.68,6.62,7.64,403.76,1.44,1.24,2.05,42.36
2108,"RIVER BETWA AT M/S J.P. THERMAL POWER, BINA",RIVER,MADHYA PRADESH,2023-09-28,24.317042,78.127198,26.45,7.25,7.45,389.9,1.53,1.19,1.9,45.72
2108,"RIVER BETWA AT M/S J.P. THERMAL POWER, BINA",RIVER,MADHYA PRADESH,2023-10-28,24.317042,78.127198,26.22,7.11,8.18,388.23,1.55,1.24,2.09,42.87
2108,"RIVER BETWA AT M/S J.P. THERMAL POWER, BINA",RIVER,MADHYA PRADESH,2023-11-27,24.317042,78.127198,25.14,7.07,7.85,409.45,1.46,1.24,2.0,42.28
2108,"RIVER BETWA AT M/S J.P. THERMAL POWER, BINA",RIVER,MADHYA PRADESH,2023-12-27,24.317042,78.127198,25.86,6.75,8.14,408.52,1.52,1.19,1.94,42.84
2108,"RIVER BETWA AT M/S J.P. THERMAL POWER, BINA",RIVER,MADHYA PRADESH,2024-01-26,24.317042,78.127198,26.4,6.93,7.62,409.06,1.48,1.25,1.97,46.72
2108,"RIVER BETWA AT M/S J.P. THERMAL POWER, BINA",RIVER,MADHYA PRADESH,2024-02-25,24.317042,78.127198,25.81,6.97,7.54,371.78,1.47,1.2,1.93,46.26
2108,"RIVER BETWA AT M/S J.P. THERMAL POWER, BINA",RIVER,MADHYA PRADESH,2024-03-26,24.317042,78.127198,25.33,7.08,8.11,405.92,1.45,1.28,1.96,44.74
2108,"RIVER BETWA AT M/S J.P. THERMAL POWER, BINA",RIVER,MADHYA PRADESH,2024-04-25,24.317042,78.127198,25.28,7.0,8.06,400.33,1.43,1.25,2.06,42.36
2108,"RIVER BETWA AT M/S J.P. THERMAL POWER, BINA",RIVER,MADHYA PRADESH,2024-05-25,24.317042,78.127198,25.61,6.65,8.12,409.15,1.52,1.23,1.96,43.09
2108,"RIVER BETWA AT M/S J.P. THERMAL POWER, BINA",RIVER,MADHYA PRADESH,2024-06-24,24.317042,78.127198,26.46,6.67,7.48,389.61,1.47,1.2,1.9,44.63
2108,"RIVER BETWA AT M/S J.P. THERMAL POWER, BINA",RIVER,MADHYA PRADESH,2024-07-24,24.317042,78.127198,26.64,6.99,8.08,377.66,1.47,1.21,1.94,42.56
2108,"RIVER BETWA AT M/S J.P. THERMAL POWER, BINA",RIVER,MADHYA PRADESH,2024-08-23,24.317042,78.127198,26.71,6.91,7.66,376.04,1.53,1.2,1.92,45.48
2108,"RIVER BETWA AT M/S J.P. THERMAL POWER, BINA",RIVER,MADHYA PRADESH,2024-09-22,24.317042,78.127198,27.02,6.91,7.94,405.37,1.54,1.28,1.91,43.96
2108,"RIVER BETWA AT M/S J.P. THERMAL POWER, BINA",RIVER,MADHYA PRADESH,2024-10-22,24.317042,78.127198,25.87,6.61,7.83,394.21,1.53,1.17,1.94,44.24
2108,"RIVER BETWA AT M/S J.P. THERMAL POWER, BINA",RIVER,MADHYA PRADESH,2024-11-21,24.317042,78.127198,26.97,6.99,7.97,388.34,1.44,1.25,2.04,46.32
2124,"RIVER BETWA AT CHARANTIRGHAT, VIDISHA",RIVER,MADHYA PRADESH,2023-01-01,23.540606,77.802246,17.65,9.09,8.4,629.99,10.54,9.96,138.1,888.81
2124,"RIVER BETWA AT CHARANTIRGHAT, VIDISHA",RIVER,MADHYA PRADESH,2023-01-31,23.540606,77.802246,18.69,9.29,7.87,606.64,11.34,9.8,143.06,827.03
2124,"RIVER BETWA AT CHARANTIRGHAT, VIDISHA",RIVER,MADHYA PRADESH,2023-03-02,23.540606,77.802246,18.11,9.75,7.92,586.77,10.62,9.76,136.27,834.81
2124,"RIVER BETWA AT CHARANTIRGHAT, VIDISHA",RIVER,MADHYA PRADESH,2023-04-01,23.540606,77.802246,18.6,9.08,8.37,594.82,10.71,10.16,148.3,857.54
2124,"RIVER BETWA AT CHARANTIRGHAT, VIDISHA",RIVER,MADHYA PRADESH,2023-05-01,23.540606,77.802246,18.06,9.23,8.47,607.03,10.44,9.99,136.83,853.51
2124,"RIVER BETWA AT CHARANTIRGHAT, VIDISHA",RIVER,MADHYA PRADESH,2023-05-31,23.540606,77.802246,18.44,9.04,8.03,582.34,10.72,10.18,135.13,832.55
2124,"RIVER BETWA AT CHARANTIRGHAT, VIDISHA",RIVER,MADHYA PRADESH,2023-06-30,23.540606,77.802246,18.58,8.91,7.87,591.47,10.33,9.56,140.56,897.89
2124,"RIVER BETWA AT CHARANTIRGHAT, VIDISHA",RIVER,MADHYA PRADESH,2023-07-30,23.540606,77.802246,17.92,8.89,8.22,622.23,10.82,9.52,140.63,839.13
2124,"RIVER BETWA AT CHARANTIRGHAT, VIDISHA",RIVER,MADHYA PRADESH,2023-08-29,23.540606,77.802246,17.73,8.91,8.23,639.67,10.56,9.97,140.66,856.34
2124,"RIVER BETWA AT CHARANTIRGHAT, VIDISHA",RIVER,MADHYA PRADESH,2023-09-28,23.540606,77.802246,18.37,9.16,7.9,639.57,10.81,9.46,144.23,865.34
2124,"RIVER BETWA AT CHARANTIRGHAT, VIDISHA",RIVER,MADHYA PRADESH,2023-10-28,23.540606,77.802246,18.72,9.46,8.38,581.6,10.36,9.59,146.76,886.06
2124,"RIVER BETWA AT CHARANTIRGHAT, VIDISHA",RIVER,MADHYA PRADESH,2023-11-27,23.540606,77.802246,17.87,9.61,8.08,598.14,10.5,9.45,146.29,843.76
2124,"RIVER BETWA AT CHARANTIRGHAT, VIDISHA",RIVER,MADHYA PRADESH,2023-12-27,23.540606,77.802246,19.35,9.23,8.45,598.0,11.28,9.4,148.08,854.71
2124,"RIVER BETWA AT CHARANTIRGHAT, VIDISHA",RIVER,MADHYA PRADESH,2024-01-26,23.540606,77.802246,19.41,9.55,8.15,586.0,11.3,9.45,145.14,877.9
2124,"RIVER BETWA AT CHARANTIRGHAT, VIDISHA",RIVER,MADHYA PRADESH,2024-02-25,23.540606,77.802246,18.45,9.11,7.75,628.72,10.97,9.71,138.46,822.66
2124,"RIVER BETWA AT CHARANTIRGHAT, VIDISHA",RIVER,MADHYA PRADESH,2024-03-26,23.540606,77.802246,18.45,9.04,7.79,604.28,10.81,9.95,136.01,848.63
2124,"RIVER BETWA AT CHARANTIRGHAT, VIDISHA",RIVER,MADHYA PRADESH,2024-04-25,23.540606,77.802246,18.88,9.14,8.17,611.59,11.21,9.69,146.31,892.66
2124,"RIVER BETWA AT CHARANTIRGHAT, VIDISHA",RIVER,MADHYA PRADESH,2024-05-25,23.540606,77.802246,19.36,9.66,7.88,608.42,10.31,10.35,138.15,864.42
2124,"RIVER BETWA AT CHARANTIRGHAT, VIDISHA",RIVER,MADHYA PRADESH,2024-06-24,23.540606,77.802246,18.84,9.0,8.42,590.52,10.29,9.91,147.6,819.22
2124,"RIVER BETWA AT CHARANTIRGHAT, VIDISHA",RIVER,MADHYA PRADESH,2024-07-24,23.540606,77.802246,17.94,9.0,7.86,608.56,10.96,10.1,140.74,829.48
2124,"RIVER BETWA AT CHARANTIRGHAT, VIDISHA",RIVER,MADHYA PRADESH,2024-08-23,23.540606,77.802246,19.09,9.65,8.05,625.94,10.33,10.34,138.58,827.37
2124,"RIVER BETWA AT CHARANTIRGHAT, VIDISHA",RIVER,MADHYA PRADESH,2024-09-22,23.540606,77.802246,17.79,9.23,7.82,589.36,11.08,9.44,140.45,878.04
2124,"RIVER BETWA AT CHARANTIRGHAT, VIDISHA",RIVER,MADHYA PRADESH,2024-10-22,23.540606,77.802246,18.64,8.93,8.09,583.15,10.63,9.72,143.4,854.42
2124,"RIVER BETWA AT CHARANTIRGHAT, VIDISHA",RIVER,MADHYA PRADESH,2024-11-21,23.540606,77.802246,17.72,9.68,8.25,586.7,10.47,10.3,144.42,883.59
2125,RIVER BETWA D/S AFTER MIXING OF RIVER BAIS AT VIDISHA,RIVER,MADHYA PRADESH,2023-01-01,23.550512,77.79947,26.15,9.05,8.0,599.52,8.99,9.93,91.61,851.29
2125,RIVER BETWA D/S AFTER MIXING OF RIVER BAIS AT VIDISHA,RIVER,MADHYA PRADESH,2023-01-31,23.550512,77.79947,24.72,9.11,7.4,657.46,8.84,9.8,90.17,866.66
2125,RIVER BETWA D/S AFTER MIXING OF RIVER BAIS AT VIDISHA,RIVER,MADHYA PRADESH,2023-03-02,23.550512,77.79947,24.43,9.85,7.55,619.47,9.69,9.89,93.28,877.39
2125,RIVER BETWA D/S AFTER MIXING OF RIVER BAIS AT VIDISHA,RIVER,MADHYA PRADESH,2023-04-01,23.550512,77.79947,24.65,9.21,7.67,640.02,9.54,9.52,88.22,917.65
2125,RIVER BETWA D/S AFTER MIXING OF RIVER BAIS AT VIDISHA,RIVER,MADHYA PRADESH,2023-05-01,23.550512,77.79947,25.13,9.57,8.29,647.2,9.25,10.03,87.83,908.15
2125,RIVER BETWA D/S AFTER MIXING OF RIVER BAIS AT VIDISHA,RIVER,MADHYA PRADESH,2023-05-31,23.550512,77.79947,25.59,9.66,8.31,669.47,9.84,10.14,94.09,936.7
2125,RIVER BETWA D/S AFTER MIXING OF RIVER BAIS AT VIDISHA,RIVER,MADHYA PRADESH,2023-06-30,23.550512,77.79947,26.46,9.52,7.69,647.05,9.59,10.06,93.09,960.29
2125,RIVER BETWA D/S AFTER MIXING OF RIVER BAIS AT VIDISHA,RIVER,MADHYA PRADESH,2023-07-30,23.550512,77.79947,25.91,9.72,7.84,668.9,9.45,10.42,95.19,912.56
2125,RIVER BETWA D/S AFTER MIXING OF RIVER BAIS AT VIDISHA,RIVER,MADHYA PRADESH,2023-08-29,23.550512,77.79947,25.58,10.17,8.56,686.96,9.84,10.09,95.39,947.85
2125,RIVER BETWA D/S AFTER MIXING OF RIVER BAIS AT VIDISHA,RIVER,MADHYA PRADESH,2023-09-28,23.550512,77.79947,27.47,10.35,7.94,684.19,9.9,10.36,93.72,974.75
2125,RIVER BETWA D/S AFTER MIXING OF RIVER BAIS AT VIDISHA,RIVER,MADHYA PRADESH,2023-10-28,23.550512,77.79947,27.52,10.55,8.01,663.11,9.74,10.16,94.66,930.78
2125,RIVER BETWA D/S AFTER MIXING OF RIVER BAIS AT VIDISHA,RIVER,MADHYA PRADESH,2023-11-27,23.550512,77.79947,27.22,10.08,8.37,656.91,10.32,10.51,94.85,933.86
2125,RIVER BETWA D/S AFTER MIXING OF RIVER BAIS AT VIDISHA,RIVER,MADHYA PRADESH,2023-12-27,23.550512,77.79947,28.2,9.94,8.79,681.26,10.43,10.88,97.88,924.28
2125,RIVER BETWA D/S AFTER MIXING OF RIVER BAIS AT VIDISHA,RIVER,MADHYA PRADESH,2024-01-26,23.550512,77.79947,26.85,10.11,8.51,682.22,10.42,11.13,96.0,982.78
2125,RIVER BETWA D/S AFTER MIXING OF RIVER BAIS AT VIDISHA,RIVER,MADHYA PRADESH,2024-02-25,23.550512,77.79947,28.92,10.69,8.56,688.98,10.21,10.57,97.13,952.05
2125,RIVER BETWA D/S AFTER MIXING OF RIVER BAIS AT VIDISHA,RIVER,MADHYA PRADESH,2024-03-26,23.550512,77.79947,28.03,10.77,8.85,681.26,9.92,10.61,96.89,1019.26
2125,RIVER BETWA D/S AFTER MIXING OF RIVER BAIS AT VIDISHA,RIVER,MADHYA PRADESH,2024-04-25,23.550512,77.79947,29.19,10.45,8.48,693.26,10.45,11.36,100.97,1028.95
2125,RIVER BETWA D/S AFTER MIXING OF RIVER BAIS AT VIDISHA,RIVER,MADHYA PRADESH,2024-05-25,23.550512,77.79947,28.04,10.8,8.42,737.22,10.39,10.9,103.72,959.58
2125,RIVER BETWA D/S AFTER MIXING OF RIVER BAIS AT VIDISHA,RIVER,MADHYA PRADESH,2024-06-24,23.550512,77.79947,29.87,10.98,9.12,709.82,10.63,10.68,104.7,1023.39
2125,RIVER BETWA D/S AFTER MIXING OF RIVER BAIS AT VIDISHA,RIVER,MADHYA PRADESH,2024-07-24,23.550512,77.79947,29.56,11.25,9.2,692.99,10.48,11.09,98.5,1017.05
2125,RIVER BETWA D/S AFTER MIXING OF RIVER BAIS AT VIDISHA,RIVER,MADHYA PRADESH,2024-08-23,23.550512,77.79947,28.77,10.88,8.67,717.19,10.7,11.09,104.5,1036.43
2125,RIVER BETWA D/S AFTER MIXING OF RIVER BAIS AT VIDISHA,RIVER,MADHYA PRADESH,2024-09-22,23.550512,77.79947,29.7,10.78,8.65,747.27,11.06,11.55,101.72,1068.87
2125,RIVER BETWA D/S AFTER MIXING OF RIVER BAIS AT VIDISHA,RIVER,MADHYA PRADESH,2024-10-22,23.550512,77.79947,30.12,11.19,9.37,708.93,10.41,11.32,100.09,1076.1
2125,RIVER BETWA D/S AFTER MIXING OF RIVER BAIS AT VIDISHA,RIVER,MADHYA PRADESH,2024-11-21,23.550512,77.79947,29.94,11.54,9.39,757.97,10.59,11.44,102.77,1036.75
3832,RIVER BETWA AT U/S NEAR ROAD BRIDGE ORCHHA,RIVER,MADHYA PRADESH,2023-01-01,25.393032,78.661879,26.58,7.3,7.84,375.49,1.53,0.43,,55.34
3832,RIVER BETWA AT U/S NEAR ROAD BRIDGE ORCHHA,RIVER,MADHYA PRADESH,2023-01-31,25.393032,78.661879,25.63,7.26,8.17,376.99,1.55,0.44,,55.11
3832,RIVER BETWA AT U/S NEAR ROAD BRIDGE ORCHHA,RIVER,MADHYA PRADESH,2023-03-02,25.393032,78.661879,25.57,6.87,8.22,351.3,1.63,0.42,,51.29
3832,RIVER BETWA AT U/S NEAR ROAD BRIDGE ORCHHA,RIVER,MADHYA PRADESH,2023-04-01,25.393032,78.661879,24.98,6.9,7.77,353.32,1.55,0.43,,53.43
3832,RIVER BETWA AT U/S NEAR ROAD BRIDGE ORCHHA,RIVER,MADHYA PRADESH,2023-05-01,25.393032,78.661879,25.69,6.71,8.13,349.46,1.62,0.41,,50.51
3832,RIVER BETWA AT U/S NEAR ROAD BRIDGE ORCHHA,RIVER,MADHYA PRADESH,2023-05-31,25.393032,78.661879,25.57,6.81,8.14,353.62,1.61,0.43,,55.61
3832,RIVER BETWA AT U/S NEAR ROAD BRIDGE ORCHHA,RIVER,MADHYA PRADESH,2023-06-30,25.393032,78.661879,27.18,7.16,8.02,359.49,1.61,0.41,,55.64
3832,RIVER BETWA AT U/S NEAR ROAD BRIDGE ORCHHA,RIVER,MADHYA PRADESH,2023-07-30,25.393032,78.661879,26.22,7.01,8.18,383.24,1.63,0.41,,52.33
3832,RIVER BETWA AT U/S NEAR ROAD BRIDGE ORCHHA,RIVER,MADHYA PRADESH,2023-08-29,25.393032,78.661879,26.84,7.36,7.84,356.76,1.58,0.43,,51.33
3832,RIVER BETWA AT U/S NEAR ROAD BRIDGE ORCHHA,RIVER,MADHYA PRADESH,2023-09-28,25.393032,78.661879,26.56,6.72,7.5,376.25,1.59,0.43,,51.36
3832,RIVER BETWA AT U/S NEAR ROAD BRIDGE ORCHHA,RIVER,MADHYA PRADESH,2023-10-28,25.393032,78.661879,26.76,6.8,7.84,369.01,1.58,0.44,,52.28
3832,RIVER BETWA AT U/S NEAR ROAD BRIDGE ORCHHA,RIVER,MADHYA PRADESH,2023-11-27,25.393032,78.661879,25.75,6.82,7.9,383.03,1.58,0.44,,50.89
3832,RIVER BETWA AT U/S NEAR ROAD BRIDGE ORCHHA,RIVER,MADHYA PRADESH,2023-12-27,25.393032,78.661879,27.0,7.14,7.62,362.97,1.54,0.41,,52.39
3832,RIVER BETWA AT U/S NEAR ROAD BRIDGE ORCHHA,RIVER,MADHYA PRADESH,2024-01-26,25.393032,78.661879,25.4,7.15,8.17,357.69,1.56,0.43,,50.51
3832,RIVER BETWA AT U/S NEAR ROAD BRIDGE ORCHHA,RIVER,MADHYA PRADESH,2024-02-25,25.393032,78.661879,25.33,7.25,7.58,379.73,1.57,0.44,,55.04
3832,RIVER BETWA AT U/S NEAR ROAD BRIDGE ORCHHA,RIVER,MADHYA PRADESH,2024-03-26,25.393032,78.661879,26.25,7.08,7.95,348.53,1.65,0.44,,54.37
3832,RIVER BETWA AT U/S NEAR ROAD BRIDGE ORCHHA,RIVER,MADHYA PRADESH,2024-04-25,25.393032,78.661879,25.78,7.39,8.16,370.21,1.54,0.43,,51.8
3832,RIVER BETWA AT U/S NEAR ROAD BRIDGE ORCHHA,RIVER,MADHYA PRADESH,2024-05-25,25.393032,78.661879,25.92,7.06,7.62,382.94,1.52,0.42,,52.63
3832,RIVER BETWA AT U/S NEAR ROAD BRIDGE ORCHHA,RIVER,MADHYA PRADESH,2024-06-24,25.393032,78.661879,26.34,7.09,8.12,359.06,1.59,0.44,,53.48
3832,RIVER BETWA AT U/S NEAR ROAD BRIDGE ORCHHA,RIVER,MADHYA PRADESH,2024-07-24,25.393032,78.661879,26.86,6.86,8.16,368.9,1.54,0.42,,53.88
3832,RIVER BETWA AT U/S NEAR ROAD BRIDGE ORCHHA,RIVER,MADHYA PRADESH,2024-08-23,25.393032,78.661879,25.84,6.76,7.77,371.18,1.55,0.41,,55.24
3832,RIVER BETWA AT U/S NEAR ROAD BRIDGE ORCHHA,RIVER,MADHYA PRADESH,2024-09-22,25.393032,78.661879,26.48,7.19,8.15,368.16,1.53,0.41,,52.39
3832,RIVER BETWA AT U/S NEAR ROAD BRIDGE ORCHHA,RIVER,MADHYA PRADESH,2024-10-22,25.393032,78.661879,25.11,6.93,7.92,359.49,1.54,0.43,,52.97
3832,RIVER BETWA AT U/S NEAR ROAD BRIDGE ORCHHA,RIVER,MADHYA PRADESH,2024-11-21,25.393032,78.661879,26.56,7.06,8.18,357.5,1.65,0.41,,53.11
30080,"RIVER BETWA AT KANJIA ROAD BRIDGE, KANJIA DIST.ASHOK NAGAR (M.P.)",RIVER,MADHYA PRADESH,2023-01-01,24.398043,78.17802,27.89,8.77,8.26,382.36,2.44,1.15,11790.96,409408.72
30080,"RIVER BETWA AT KANJIA ROAD BRIDGE, KANJIA DIST.ASHOK NAGAR (M.P.)",RIVER,MADHYA PRADESH,2023-01-31,24.398043,78.17802,26.55,8.84,7.99,398.04,2.41,1.13,12298.83,400755.55
30080,"RIVER BETWA AT KANJIA ROAD BRIDGE, KANJIA DIST.ASHOK NAGAR (M.P.)",RIVER,MADHYA PRADESH,2023-03-02,24.398043,78.17802,27.59,9.02,7.82,397.05,2.57,1.12,11450.19,413365.43
30080,"RIVER BETWA AT KANJIA ROAD BRIDGE, KANJIA DIST.ASHOK NAGAR (M.P.)",RIVER,MADHYA PRADESH,2023-04-01,24.398043,78.17802,26.83,9.07,7.69,399.78,2.55,1.1,12476.31,387498.15
30080,"RIVER BETWA AT KANJIA ROAD BRIDGE, KANJIA DIST.ASHOK NAGAR (M.P.)",RIVER,MADHYA PRADESH,2023-05-01,24.398043,78.17802,28.29,8.72,7.86,393.4,2.56,1.15,12202.27,413251.4
30080,"RIVER BETWA AT KANJIA ROAD BRIDGE, KANJIA DIST.ASHOK NAGAR (M.P.)",RIVER,MADHYA PRADESH,2023-05-31,24.398043,78.17802,27.48,8.83,8.2,408.22,2.52,1.14,12150.49,399909.18
30080,"RIVER BETWA AT KANJIA ROAD BRIDGE, KANJIA DIST.ASHOK NAGAR (M.P.)",RIVER,MADHYA PRADESH,2023-06-30,24.398043,78.17802,27.48,8.86,8.31,401.99,2.55,1.1,12518.02,391972.99
30080,"RIVER BETWA AT KANJIA ROAD BRIDGE, KANJIA DIST.ASHOK NAGAR (M.P.)",RIVER,MADHYA PRADESH,2023-07-30,24.398043,78.17802,27.11,9.19,7.98,401.57,2.37,1.15,12518.37,380304.61
30080,"RIVER BETWA AT KANJIA ROAD BRIDGE, KANJIA DIST.ASHOK NAGAR (M.P.)",RIVER,MADHYA PRADESH,2023-08-29,24.398043,78.17802,27.93,8.85,7.92,405.88,2.45,1.09,11635.23,388800.45
30080,"RIVER BETWA AT KANJIA ROAD BRIDGE, KANJIA DIST.ASHOK NAGAR (M.P.)",RIVER,MADHYA PRADESH,2023-09-28,24.398043,78.17802,27.83,9.35,8.12,399.07,2.4,1.1,11409.89,397054.52
30080,"RIVER BETWA AT KANJIA ROAD BRIDGE, KANJIA DIST.ASHOK NAGAR (M.P.)",RIVER,MADHYA PRADESH,2023-10-28,24.398043,78.17802,28.32,9.31,8.1,388.91,2.33,1.1,11947.01,405715.17
30080,"RIVER BETWA AT KANJIA ROAD BRIDGE, KANJIA DIST.ASHOK NAGAR (M.P.)",RIVER,MADHYA PRADESH,2023-11-27,24.398043,78.17802,26.05,8.88,8.17,376.06,2.56,1.13,11402.9,392894.68
30080,"RIVER BETWA AT KANJIA ROAD BRIDGE, KANJIA DIST.ASHOK NAGAR (M.P.)",RIVER,MADHYA PRADESH,2023-12-27,24.398043,78.17802,26.2,8.92,8.37,403.19,2.4,1.16,12305.54,408553.72
30080,"RIVER BETWA AT KANJIA ROAD BRIDGE, KANJIA DIST.ASHOK NAGAR (M.P.)",RIVER,MADHYA PRADESH,2024-01-26,24.398043,78.17802,27.33,8.98,8.16,373.74,2.36,1.13,11449.76,397108.72
30080,"RIVER BETWA AT KANJIA ROAD BRIDGE, KANJIA DIST.ASHOK NAGAR (M.P.)",RIVER,MADHYA PRADESH,2024-02-25,24.398043,78.17802,25.95,8.84,8.3,391.78,2.45,1.1,11507.74,405876.79
30080,"RIVER BETWA AT KANJIA ROAD BRIDGE, KANJIA DIST.ASHOK NAGAR (M.P.)",RIVER,MADHYA PRADESH,2024-03-26,24.398043,78.17802,25.79,8.8,7.95,381.57,2.36,1.08,11735.46,380142.27
30080,"RIVER BETWA AT KANJIA ROAD BRIDGE, KANJIA DIST.ASHOK NAGAR (M.P.)",RIVER,MADHYA PRADESH,2024-04-25,24.398043,78.17802,26.81,8.92,8.04,398.64,2.56,1.09,11696.27,409385.21
30080,"RIVER BETWA AT KANJIA ROAD BRIDGE, KANJIA DIST.ASHOK NAGAR (M.P.)",RIVER,MADHYA PRADESH,2024-05-25,24.398043,78.17802,26.95,9.17,7.85,399.06,2.48,1.07,11489.02,408772.64
30080,"RIVER BETWA AT KANJIA ROAD BRIDGE, KANJIA DIST.ASHOK NAGAR (M.P.)",RIVER,MADHYA PRADESH,2024-06-24,24.398043,78.17802,26.54,9.49,7.86,410.96,2.34,1.14,11892.32,393178.08
30080,"RIVER BETWA AT KANJIA ROAD BRIDGE, KANJIA DIST.ASHOK NAGAR (M.P.)",RIVER,MADHYA PRADESH,2024-07-24,24.398043,78.17802,25.66,8.71,7.98,407.22,2.36,1.1,11608.14,378953.19
30080,"RIVER BETWA AT KANJIA ROAD BRIDGE, KANJIA DIST.ASHOK NAGAR (M.P.)",RIVER,MADHYA PRADESH,2024-08-23,24.398043,78.17802,27.47,9.43,7.67,387.87,2.5,1.06,12560.03,400983.78
30080,"RIVER BETWA AT KANJIA ROAD BRIDGE, KANJIA DIST.ASHOK NAGAR (M.P.)",RIVER,MADHYA PRADESH,2024-09-22,24.398043,78.17802,26.66,9.11,7.78,385.53,2.47,1.11,11526.17,409644.78
30080,"RIVER BETWA AT KANJIA ROAD BRIDGE, KANJIA DIST.ASHOK NAGAR (M.P.)",RIVER,MADHYA PRADESH,2024-10-22,24.398043,78.17802,26.59,9.12,8.36,401.89,2.54,1.07,11797.39,409661.98
30080,"RIVER BETWA AT KANJIA ROAD BRIDGE, KANJIA DIST.ASHOK NAGAR (M.P.)",RIVER,MADHYA PRADESH,2024-11-21,24.398043,78.17802,27.52,9.23,8.07,397.2,2.57,1.15,12270.85,402651.31
2953,"RIVER KALI SINDH AT ANICUT OF M/S CFCL GADEPAN, KOTA, RAJASTHAN",RIVER,RAJASTHAN,2023-01-01,25.160724,76.22887,27.36,4.86,7.91,624.25,1.72,1.79,57.64,150.51
2953,"RIVER KALI SINDH AT ANICUT OF M/S CFCL GADEPAN, KOTA, RAJASTHAN",RIVER,RAJASTHAN,2023-01-31,25.160724,76.22887,26.85,4.41,7.93,573.46,1.68,1.69,56.38,139.47
2953,"RIVER KALI SINDH AT ANICUT OF M/S CFCL GADEPAN, KOTA, RAJASTHAN",RIVER,RAJASTHAN,2023-03-02,25.160724,76.22887,27.88,4.73,7.88,571.24,1.62,1.7,56.85,138.7
2953,"RIVER KALI SINDH AT ANICUT OF M/S CFCL GADEPAN, KOTA, RAJASTHAN",RIVER,RAJASTHAN,2023-04-01,25.160724,76.22887,26.09,4.72,7.99,566.13,1.71,1.74,54.76,149.57
2953,"RIVER KALI SINDH AT ANICUT OF M/S CFCL GADEPAN, KOTA, RAJASTHAN",RIVER,RAJASTHAN,2023-05-01,25.160724,76.22887,26.96,4.37,8.31,560.01,1.67,1.72,57.79,146.31
2953,"RIVER KALI SINDH AT ANICUT OF M/S CFCL GADEPAN, KOTA, RAJASTHAN",RIVER,RAJASTHAN,2023-05-31,25.160724,76.22887,27.62,4.38,7.88,565.3,1.66,1.59,53.3,146.11
2953,"RIVER KALI SINDH AT ANICUT OF M/S CFCL GADEPAN, KOTA, RAJASTHAN",RIVER,RAJASTHAN,2023-06-30,25.160724,76.22887,26.47,4.38,7.73,567.39,1.54,1.61,57.83,136.85
2953,"RIVER KALI SINDH AT ANICUT OF M/S CFCL GADEPAN, KOTA, RAJASTHAN",RIVER,RAJASTHAN,2023-07-30,25.160724,76.22887,24.6,4.36,7.64,584.0,1.58,1.55,55.77,138.0
2953,"RIVER KALI SINDH AT ANICUT OF M/S CFCL GADEPAN, KOTA, RAJASTHAN",RIVER,RAJASTHAN,2023-08-29,25.160724,76.22887,27.01,4.34,7.59,580.35,1.56,1.66,52.45,139.35
2953,"RIVER KALI SINDH AT ANICUT OF M/S CFCL GADEPAN, KOTA, RAJASTHAN",RIVER,RAJASTHAN,2023-09-28,25.160724,76.22887,26.46,4.23,7.4,542.17,1.65,1.65,54.71,129.56
2953,"RIVER KALI SINDH AT ANICUT OF M/S CFCL GADEPAN, KOTA, RAJASTHAN",RIVER,RAJASTHAN,2023-10-28,25.160724,76.22887,25.25,4.35,7.15,576.13,1.59,1.52,52.54,129.6
2953,"RIVER KALI SINDH AT ANICUT OF M/S CFCL GADEPAN, KOTA, RAJASTHAN",RIVER,RAJASTHAN,2023-11-27,25.160724,76.22887,24.61,4.43,7.74,561.45,1.59,1.57,54.45,136.82
2953,"RIVER KALI SINDH AT ANICUT OF M/S CFCL GADEPAN, KOTA, RAJASTHAN",RIVER,RAJASTHAN,2023-12-27,25.160724,76.22887,24.5,4.29,7.12,513.77,1.58,1.61,53.19,137.38
2953,"RIVER KALI SINDH AT ANICUT OF M/S CFCL GADEPAN, KOTA, RAJASTHAN",RIVER,RAJASTHAN,2024-01-26,25.160724,76.22887,25.55,4.33,7.59,504.91,1.46,1.61,54.22,132.7
2953,"RIVER KALI SINDH AT ANICUT OF M/S CFCL GADEPAN, KOTA, RAJASTHAN",RIVER,RAJASTHAN,2024-02-25,25.160724,76.22887,22.92,3.95,7.31,550.33,1.49,1.47,53.34,133.42
2953,"RIVER KALI SINDH AT ANICUT OF M/S CFCL GADEPAN, KOTA, RAJASTHAN",RIVER,RAJASTHAN,2024-03-26,25.160724,76.22887,23.86,4.05,7.32,498.25,1.55,1.52,51.33,131.27
2953,"RIVER KALI SINDH AT ANICUT OF M/S CFCL GADEPAN, KOTA, RAJASTHAN",RIVER,RAJASTHAN,2024-04-25,25.160724,76.22887,22.92,4.25,7.52,528.87,1.46,1.51,52.56,121.24
2953,"RIVER KALI SINDH AT ANICUT OF M/S CFCL GADEPAN, KOTA, RAJASTHAN",RIVER,RAJASTHAN,2024-05-25,25.160724,76.22887,23.35,3.95,6.98,527.95,1.54,1.49,49.67,133.66
2953,"RIVER KALI SINDH AT ANICUT OF M/S CFCL GADEPAN, KOTA, RAJASTHAN",RIVER,RAJASTHAN,2024-06-24,25.160724,76.22887,23.61,4.08,6.71,514.47,1.38,1.5,51.3,120.38
2953,"RIVER KALI SINDH AT ANICUT OF M/S CFCL GADEPAN, KOTA, RAJASTHAN",RIVER,RAJASTHAN,2024-07-24,25.160724,76.22887,24.17,4.02,6.91,529.58,1.36,1.52,49.0,124.25
2953,"RIVER KALI SINDH AT ANICUT OF M/S CFCL GADEPAN, KOTA, RAJASTHAN",RIVER,RAJASTHAN,2024-08-23,25.160724,76.22887,23.07,4.05,6.94,518.27,1.46,1.38,50.29,122.22
2953,"RIVER KALI SINDH AT ANICUT OF M/S CFCL GADEPAN, KOTA, RAJASTHAN",RIVER,RAJASTHAN,2024-09-22,25.160724,76.22887,23.99,3.94,6.8,471.17,1.48,1.43,46.98,117.23
2953,"RIVER KALI SINDH AT ANICUT OF M/S CFCL GADEPAN, KOTA, RAJASTHAN",RIVER,RAJASTHAN,2024-10-22,25.160724,76.22887,21.54,3.78,6.42,475.64,1.36,1.38,46.06,125.52
2953,"RIVER KALI SINDH AT ANICUT OF M/S CFCL GADEPAN, KOTA, RAJASTHAN",RIVER,RAJASTHAN,2024-11-21,25.160724,76.22887,21.34,3.93,7.02,511.85,1.42,1.36,49.48,115.62
2956,"RIVER KALI SINDH AT BAROD ROAD BRIDGE, KOTA, RAJASTHAN",RIVER,RAJASTHAN,2023-01-01,25.393522,76.327061,27.22,4.6,8.22,989.05,1.71,2.41,52.68,136.67
2956,"RIVER KALI SINDH AT BAROD ROAD BRIDGE, KOTA, RAJASTHAN",RIVER,RAJASTHAN,2023-01-31,25.393522,76.327061,28.73,4.47,8.19,942.76,1.74,2.26,55.12,141.32
2956,"RIVER KALI SINDH AT BAROD ROAD BRIDGE, KOTA, RAJASTHAN",RIVER,RAJASTHAN,2023-03-02,25.393522,76.327061,27.67,4.4,8.88,937.2,1.72,2.45,54.03,143.38
2956,"RIVER KALI SINDH AT BAROD ROAD BRIDGE, KOTA, RAJASTHAN",RIVER,RAJASTHAN,2023-04-01,25.393522,76.327061,29.3,4.49,8.32,974.94,1.73,2.52,52.95,143.25
2956,"RIVER KALI SINDH AT BAROD ROAD BRIDGE, KOTA, RAJASTHAN",RIVER,RAJASTHAN,2023-05-01,25.393522,76.327061,29.58,4.5,8.8,1005.71,1.7,2.32,54.88,140.04
2956,"RIVER KALI SINDH AT BAROD ROAD BRIDGE, KOTA, RAJASTHAN",RIVER,RAJASTHAN,2023-05-31,25.393522,76.327061,28.3,4.54,8.3,1028.49,1.74,2.51,55.97,141.81
2956,"RIVER KALI SINDH AT BAROD ROAD BRIDGE, KOTA, RAJASTHAN",RIVER,RAJASTHAN,2023-06-30,25.393522,76.327061,28.16,4.65,8.84,1035.85,1.72,2.46,57.25,141.01
2956,"RIVER KALI SINDH AT BAROD ROAD BRIDGE, KOTA, RAJASTHAN",RIVER,RAJASTHAN,2023-07-30,25.393522,76.327061,30.19,4.64,8.64,1061.86,1.67,2.41,54.36,141.66
2956,"RIVER KALI SINDH AT BAROD ROAD BRIDGE, KOTA, RAJASTHAN",RIVER,RAJASTHAN,2023-08-29,25.393522,76.327061,31.21,4.58,8.86,1052.22,1.75,2.59,57.61,144.62
2956,"RIVER KALI SINDH AT BAROD ROAD BRIDGE, KOTA, RAJASTHAN",RIVER,RAJASTHAN,2023-09-28,25.393522,76.327061,29.56,4.51,8.65,1030.94,1.7,2.53,57.39,151.39
2956,"RIVER KALI SINDH AT BAROD ROAD BRIDGE, KOTA, RAJASTHAN",RIVER,RAJASTHAN,2023-10-28,25.393522,76.327061,30.86,4.71,9.26,997.72,1.8,2.55,60.02,152.27
2956,"RIVER KALI SINDH AT BAROD ROAD BRIDGE, KOTA, RAJASTHAN",RIVER,RAJASTHAN,2023-11-27,25.393522,76.327061,29.31,4.98,9.0,1026.62,1.76,2.44,57.86,154.76
2956,"RIVER KALI SINDH AT BAROD ROAD BRIDGE, KOTA, RAJASTHAN",RIVER,RAJASTHAN,2023-12-27,25.393522,76.327061,30.06,4.71,9.14,1058.15,1.75,2.48,59.55,146.76
2956,"RIVER KALI SINDH AT BAROD ROAD BRIDGE, KOTA, RAJASTHAN",RIVER,RAJASTHAN,2024-01-26,25.393522,76.327061,31.86,4.83,9.01,1023.62,1.85,2.65,61.33,147.26
2956,"RIVER KALI SINDH AT BAROD ROAD BRIDGE, KOTA, RAJASTHAN",RIVER,RAJASTHAN,2024-02-25,25.393522,76.327061,32.63,4.88,9.2,1111.76,1.89,2.52,59.6,151.99
2956,"RIVER KALI SINDH AT BAROD ROAD BRIDGE, KOTA, RAJASTHAN",RIVER,RAJASTHAN,2024-03-26,25.393522,76.327061,32.72,4.82,9.69,1049.08,1.86,2.53,59.04,153.89
2956,"RIVER KALI SINDH AT BAROD ROAD BRIDGE, KOTA, RAJASTHAN",RIVER,RAJASTHAN,2024-04-25,25.393522,76.327061,32.55,4.88,9.71,1109.83,1.85,2.73,59.99,160.68
2956,"RIVER KALI SINDH AT BAROD ROAD BRIDGE, KOTA, RAJASTHAN",RIVER,RAJASTHAN,2024-05-25,25.393522,76.327061,31.66,5.22,9.67,1061.29,1.87,2.71,62.17,150.47
2956,"RIVER KALI SINDH AT BAROD ROAD BRIDGE, KOTA, RAJASTHAN",RIVER,RAJASTHAN,2024-06-24,25.393522,76.327061,30.94,4.88,9.83,1109.74,1.9,2.61,62.1,164.3
2956,"RIVER KALI SINDH AT BAROD ROAD BRIDGE, KOTA, RAJASTHAN",RIVER,RAJASTHAN,2024-07-24,25.393522,76.327061,31.1,5.25,9.6,1106.18,1.95,2.79,60.81,153.71
2956,"RIVER KALI SINDH AT BAROD ROAD BRIDGE, KOTA, RAJASTHAN",RIVER,RAJASTHAN,2024-08-23,25.393522,76.327061,33.6,5.35,9.96,1112.72,1.94,2.68,63.67,156.62
2956,"RIVER KALI SINDH AT BAROD ROAD BRIDGE, KOTA, RAJASTHAN",RIVER,RAJASTHAN,2024-09-22,25.393522,76.327061,31.92,5.26,10.01,1170.66,1.89,2.86,63.01,160.24
2956,"RIVER KALI SINDH AT BAROD ROAD BRIDGE, KOTA, RAJASTHAN",RIVER,RAJASTHAN,2024-10-22,25.393522,76.327061,32.47,5.4,9.93,1173.1,2.03,2.74,64.19,161.83
2956,"RIVER KALI SINDH AT BAROD ROAD BRIDGE, KOTA, RAJASTHAN",RIVER,RAJASTHAN,2024-11-21,25.393522,76.327061,34.44,5.39,9.79,1143.77,1.96,2.89,63.54,157.21
2951,"RIVER BANAS BISULPUR DAM, TONK, RAJASTHAN",RIVER,RAJASTHAN,2023-01-01,25.905847,75.463861,23.38,5.15,8.67,655.02,1.64,2.22,82.61,185.79
2951,"RIVER BANAS BISULPUR DAM, TONK, RAJASTHAN",RIVER,RAJASTHAN,2023-01-31,25.905847,75.463861,24.52,4.92,8.56,640.4,1.61,2.15,75.5,197.65
2951,"RIVER BANAS BISULPUR DAM, TONK, RAJASTHAN",RIVER,RAJASTHAN,2023-03-02,25.905847,75.463861,24.55,5.0,8.41,636.35,1.57,2.17,77.67,186.7
2951,"RIVER BANAS BISULPUR DAM, TONK, RAJASTHAN",RIVER,RAJASTHAN,2023-04-01,25.905847,75.463861,23.61,5.07,7.94,683.68,1.59,2.1,79.98,180.72
2951,"RIVER BANAS BISULPUR DAM, TONK, RAJASTHAN",RIVER,RAJASTHAN,2023-05-01,25.905847,75.463861,23.14,4.84,7.84,682.1,1.61,2.15,77.92,184.38
2951,"RIVER BANAS BISULPUR DAM, TONK, RAJASTHAN",RIVER,RAJASTHAN,2023-05-31,25.905847,75.463861,24.69,4.68,7.97,649.28,1.46,2.03,79.34,189.25
2951,"RIVER BANAS BISULPUR DAM, TONK, RAJASTHAN",RIVER,RAJASTHAN,2023-06-30,25.905847,75.463861,22.82,4.75,8.28,631.97,1.54,1.99,75.37,186.65
2951,"RIVER BANAS BISULPUR DAM, TONK, RAJASTHAN",RIVER,RAJASTHAN,2023-07-30,25.905847,75.463861,23.54,4.72,7.6,649.92,1.58,2.0,71.56,181.56
2951,"RIVER BANAS BISULPUR DAM, TONK, RAJASTHAN",RIVER,RAJASTHAN,2023-08-29,25.905847,75.463861,23.38,4.65,7.84,651.08,1.49,2.08,75.69,175.7
2951,"RIVER BANAS BISULPUR DAM, TONK, RAJASTHAN",RIVER,RAJASTHAN,2023-09-28,25.905847,75.463861,23.37,4.62,7.3,645.36,1.42,1.87,77.28,185.21
2951,"RIVER BANAS BISULPUR DAM, TONK, RAJASTHAN",RIVER,RAJASTHAN,2023-10-28,25.905847,75.463861,22.36,4.62,7.66,583.87,1.39,2.01,73.88,170.29
2951,"RIVER BANAS BISULPUR DAM, TONK, RAJASTHAN",RIVER,RAJASTHAN,2023-11-27,25.905847,75.463861,22.56,4.41,7.23,634.6,1.43,1.87,68.93,183.45
2951,"RIVER BANAS BISULPUR DAM, TONK, RAJASTHAN",RIVER,RAJASTHAN,2023-12-27,25.905847,75.463861,21.04,4.69,7.33,590.77,1.39,1.97,72.16,172.13
2951,"RIVER BANAS BISULPUR DAM, TONK, RAJASTHAN",RIVER,RAJASTHAN,2024-01-26,25.905847,75.463861,22.57,4.23,7.56,592.66,1.43,1.86,68.96,175.63
2951,"RIVER BANAS BISULPUR DAM, TONK, RAJASTHAN",RIVER,RAJASTHAN,2024-02-25,25.905847,75.463861,20.63,4.16,7.35,563.46,1.41,1.84,68.29,166.0
2951,"RIVER BANAS BISULPUR DAM, TONK, RAJASTHAN",RIVER,RAJASTHAN,2024-03-26,25.905847,75.463861,21.37,4.48,7.13,611.38,1.42,1.87,66.16,162.34
2951,"RIVER BANAS BISULPUR DAM, TONK, RAJASTHAN",RIVER,RAJASTHAN,2024-04-25,25.905847,75.463861,21.36,4.39,7.09,551.59,1.44,1.86,72.36,166.02
2951,"RIVER BANAS BISULPUR DAM, TONK, RAJASTHAN",RIVER,RAJASTHAN,2024-05-25,25.905847,75.463861,20.08,4.11,6.77,609.57,1.36,1.85,66.47,173.85
2951,"RIVER BANAS BISULPUR DAM, TONK, RAJASTHAN",RIVER,RAJASTHAN,2024-06-24,25.905847,75.463861,20.2,4.41,7.26,563.19,1.43,1.73,66.16,168.26
2951,"RIVER BANAS BISULPUR DAM, TONK, RAJASTHAN",RIVER,RAJASTHAN,2024-07-24,25.905847,75.463861,21.81,4.14,7.36,585.6,1.31,1.72,65.76,170.15
2951,"RIVER BANAS BISULPUR DAM, TONK, RAJASTHAN",RIVER,RAJASTHAN,2024-08-23,25.905847,75.463861,21.49,4.31,7.15,591.75,1.25,1.78,68.3,160.67
2951,"RIVER BANAS BISULPUR DAM, TONK, RAJASTHAN",RIVER,RAJASTHAN,2024-09-22,25.905847,75.463861,21.32,4.11,6.62,559.23,1.32,1.74,64.92,170.01
2951,"RIVER BANAS BISULPUR DAM, TONK, RAJASTHAN",RIVER,RAJASTHAN,2024-10-22,25.905847,75.463861,19.52,4.23,6.67,526.53,1.27,1.77,61.64,151.39
2951,"RIVER BANAS BISULPUR DAM, TONK, RAJASTHAN",RIVER,RAJASTHAN,2024-11-21,25.905847,75.463861,18.93,4.17,6.96,510.68,1.27,1.73,61.88,152.45
2952,"RIVER NEAR NEWTA DAM,JAIPUR,RAJSTHAN",RIVER,RAJASTHAN,2023-01-01,26.919491,75.930328,25.4,2.18,8.43,2468.17,4.36,4.36,190.45,487.11
2952,"RIVER NEAR NEWTA DAM,JAIPUR,RAJSTHAN",RIVER,RAJASTHAN,2023-01-31,26.919491,75.930328,23.55,2.13,8.47,2370.63,4.34,4.45,190.54,494.02
2952,"RIVER NEAR NEWTA DAM,JAIPUR,RAJSTHAN",RIVER,RAJASTHAN,2023-03-02,26.919491,75.930328,24.89,2.14,8.15,2447.83,4.46,4.56,175.98,467.41
2952,"RIVER NEAR NEWTA DAM,JAIPUR,RAJSTHAN",RIVER,RAJASTHAN,2023-04-01,26.919491,75.930328,23.69,2.21,8.0,2305.27,4.28,4.5,173.66,471.71
2952,"RIVER NEAR NEWTA DAM,JAIPUR,RAJSTHAN",RIVER,RAJASTHAN,2023-05-01,26.919491,75.930328,24.74,2.16,8.25,2340.29,4.05,4.2,176.71,471.2
2952,"RIVER NEAR NEWTA DAM,JAIPUR,RAJSTHAN",RIVER,RAJASTHAN,2023-05-31,26.919491,75.930328,23.73,2.07,8.0,2479.87,4.02,4.2,176.9,447.77
2952,"RIVER NEAR NEWTA DAM,JAIPUR,RAJSTHAN",RIVER,RAJASTHAN,2023-06-30,26.919491,75.930328,23.77,2.21,8.21,2231.84,4.12,4.51,174.13,440.28
2952,"RIVER NEAR NEWTA DAM,JAIPUR,RAJSTHAN",RIVER,RAJASTHAN,2023-07-30,26.919491,75.930328,22.82,2.14,8.29,2215.91,4.25,4.36,178.76,433.89
2952,"RIVER NEAR NEWTA DAM,JAIPUR,RAJSTHAN",RIVER,RAJASTHAN,2023-08-29,26.919491,75.930328,24.01,2.13,7.63,2325.68,4.07,4.33,174.19,447.55
2952,"RIVER NEAR NEWTA DAM,JAIPUR,RAJSTHAN",RIVER,RAJASTHAN,2023-09-28,26.919491,75.930328,22.24,2.01,7.93,2312.29,4.09,4.36,178.77,464.86
2952,"RIVER NEAR NEWTA DAM,JAIPUR,RAJSTHAN",RIVER,RAJASTHAN,2023-10-28,26.919491,75.930328,23.48,2.06,8.11,2171.53,4.19,4.02,174.0,453.04
2952,"RIVER NEAR NEWTA DAM,JAIPUR,RAJSTHAN",RIVER,RAJASTHAN,2023-11-27,26.919491,75.930328,21.04,1.97,7.36,2236.46,4.08,4.17,168.27,449.55
2952,"RIVER NEAR NEWTA DAM,JAIPUR,RAJSTHAN",RIVER,RAJASTHAN,2023-12-27,26.919491,75.930328,22.72,1.96,7.91,2215.95,4.03,4.12,163.81,430.94
2952,"RIVER NEAR NEWTA DAM,JAIPUR,RAJSTHAN",RIVER,RAJASTHAN,2024-01-26,26.919491,75.930328,22.31,2.09,7.88,2316.09,3.78,4.12,169.38,419.52
2952,"RIVER NEAR NEWTA DAM,JAIPUR,RAJSTHAN",RIVER,RAJASTHAN,2024-02-25,26.919491,75.930328,21.76,1.99,7.76,2183.99,3.82,4.1,165.82,425.24
2952,"RIVER NEAR NEWTA DAM,JAIPUR,RAJSTHAN",RIVER,RAJASTHAN,2024-03-26,26.919491,75.930328,21.19,2.07,7.07,2248.44,3.65,4.0,163.78,400.65
2952,"RIVER NEAR NEWTA DAM,JAIPUR,RAJSTHAN",RIVER,RAJASTHAN,2024-04-25,26.919491,75.930328,21.78,1.84,7.33,2030.49,3.8,3.76,159.72,431.37
2952,"RIVER NEAR NEWTA DAM,JAIPUR,RAJSTHAN",RIVER,RAJASTHAN,2024-05-25,26.919491,75.930328,21.02,2.04,7.2,2167.08,3.55,3.94,154.08,434.65
2952,"RIVER NEAR NEWTA DAM,JAIPUR,RAJSTHAN",RIVER,RAJASTHAN,2024-06-24,26.919491,75.930328,20.13,1.88,7.04,2141.75,3.59,3.9,165.46,393.7
2952,"RIVER NEAR NEWTA DAM,JAIPUR,RAJSTHAN",RIVER,RAJASTHAN,2024-07-24,26.919491,75.930328,20.06,1.79,6.85,2155.92,3.86,4.02,155.76,424.84
2952,"RIVER NEAR NEWTA DAM,JAIPUR,RAJSTHAN",RIVER,RAJASTHAN,2024-08-23,26.919491,75.930328,20.43,1.78,7.0,2032.28,3.41,3.9,160.78,384.53
2952,"RIVER NEAR NEWTA DAM,JAIPUR,RAJSTHAN",RIVER,RAJASTHAN,2024-09-22,26.919491,75.930328,19.57,1.93,6.6,1965.52,3.75,3.79,143.55,397.38
2952,"RIVER NEAR NEWTA DAM,JAIPUR,RAJSTHAN",RIVER,RAJASTHAN,2024-10-22,26.919491,75.930328,20.39,1.88,6.61,2148.37,3.47,3.87,155.75,420.26
2952,"RIVER NEAR NEWTA DAM,JAIPUR,RAJSTHAN",RIVER,RAJASTHAN,2024-11-21,26.919491,75.930328,19.33,1.92,6.72,2041.68,3.68,3.73,152.39,368.16
2955,"RIVER CHAMBAL ENTERING IN RAJASTHAN AT GANDHI SAGAR DAM, RAWATBHATA,CHITTORGARH",RIVER,RAJASTHAN,2023-01-01,24.07656,75.526392,24.33,6.01,7.72,497.02,2.4,2.32,118.37,249.39
2955,"RIVER CHAMBAL ENTERING IN RAJASTHAN AT GANDHI SAGAR DAM, RAWATBHATA,CHITTORGARH",RIVER,RAJASTHAN,2023-01-31,24.07656,75.526392,22.91,6.05,7.76,529.18,2.37,2.32,114.51,253.05
2955,"RIVER CHAMBAL ENTERING IN RAJASTHAN AT GANDHI SAGAR DAM, RAWATBHATA,CHITTORGARH",RIVER,RAJASTHAN,2023-03-02,24.07656,75.526392,22.94,5.73,7.95,519.46,2.3,2.34,119.71,246.98
2955,"RIVER CHAMBAL ENTERING IN RAJASTHAN AT GANDHI SAGAR DAM, RAWATBHATA,CHITTORGARH",RIVER,RAJASTHAN,2023-04-01,24.07656,75.526392,23.38,6.05,7.87,527.93,2.47,2.22,114.41,255.66
2955,"RIVER CHAMBAL ENTERING IN RAJASTHAN AT GANDHI SAGAR DAM, RAWATBHATA,CHITTORGARH",RIVER,RAJASTHAN,2023-05-01,24.07656,75.526392,23.89,5.78,7.73,509.29,2.36,2.2,114.9,254.75
2955,"RIVER CHAMBAL ENTERING IN RAJASTHAN AT GANDHI SAGAR DAM, RAWATBHATA,CHITTORGARH",RIVER,RAJASTHAN,2023-05-31,24.07656,75.526392,25.07,5.6,7.78,526.32,2.39,2.26,116.2,235.63
2955,"RIVER CHAMBAL ENTERING IN RAJASTHAN AT GANDHI SAGAR DAM, RAWATBHATA,CHITTORGARH",RIVER,RAJASTHAN,2023-06-30,24.07656,75.526392,22.8,5.57,7.39,518.37,2.46,2.35,111.73,252.03
2955,"RIVER CHAMBAL ENTERING IN RAJASTHAN AT GANDHI SAGAR DAM, RAWATBHATA,CHITTORGARH",RIVER,RAJASTHAN,2023-07-30,24.07656,75.526392,23.92,5.65,7.6,501.48,2.37,2.31,118.6,253.69
2955,"RIVER CHAMBAL ENTERING IN RAJASTHAN AT GANDHI SAGAR DAM, RAWATBHATA,CHITTORGARH",RIVER,RAJASTHAN,2023-08-29,24.07656,75.526392,24.12,5.82,8.01,498.44,2.43,2.22,117.88,236.77
2955,"RIVER CHAMBAL ENTERING IN RAJASTHAN AT GANDHI SAGAR DAM, RAWATBHATA,CHITTORGARH",RIVER,RAJASTHAN,2023-09-28,24.07656,75.526392,25.12,5.99,7.7,501.45,2.35,2.28,109.67,235.94
2955,"RIVER CHAMBAL ENTERING IN RAJASTHAN AT GANDHI SAGAR DAM, RAWATBHATA,CHITTORGARH",RIVER,RAJASTHAN,2023-10-28,24.07656,75.526392,23.97,5.82,7.82,527.06,2.36,2.25,109.6,236.43
2955,"RIVER CHAMBAL ENTERING IN RAJASTHAN AT GANDHI SAGAR DAM, RAWATBHATA,CHITTORGARH",RIVER,RAJASTHAN,2023-11-27,24.07656,75.526392,24.1,6.06,7.89,525.74,2.39,2.32,113.31,235.79
2955,"RIVER CHAMBAL ENTERING IN RAJASTHAN AT GANDHI SAGAR DAM, RAWATBHATA,CHITTORGARH",RIVER,RAJASTHAN,2023-12-27,24.07656,75.526392,24.85,5.89,7.57,505.23,2.42,2.24,115.59,249.19
2955,"RIVER CHAMBAL ENTERING IN RAJASTHAN AT GANDHI SAGAR DAM, RAWATBHATA,CHITTORGARH",RIVER,RAJASTHAN,2024-01-26,24.07656,75.526392,22.83,6.03,7.88,489.38,2.41,2.43,115.57,237.4
2955,"RIVER CHAMBAL ENTERING IN RAJASTHAN AT GANDHI SAGAR DAM, RAWATBHATA,CHITTORGARH",RIVER,RAJASTHAN,2024-02-25,24.07656,75.526392,23.93,5.74,7.58,486.64,2.3,2.21,120.67,256.73
2955,"RIVER CHAMBAL ENTERING IN RAJASTHAN AT GANDHI SAGAR DAM, RAWATBHATA,CHITTORGARH",RIVER,RAJASTHAN,2024-03-26,24.07656,75.526392,23.33,5.62,7.86,482.29,2.37,2.29,117.09,245.82
2955,"RIVER CHAMBAL ENTERING IN RAJASTHAN AT GANDHI SAGAR DAM, RAWATBHATA,CHITTORGARH",RIVER,RAJASTHAN,2024-04-25,24.07656,75.526392,24.55,5.58,7.68,504.44,2.35,2.43,118.11,237.07
2955,"RIVER CHAMBAL ENTERING IN RAJASTHAN AT GANDHI SAGAR DAM, RAWATBHATA,CHITTORGARH",RIVER,RAJASTHAN,2024-05-25,24.07656,75.526392,24.5,5.9,7.58,505.04,2.38,2.42,117.14,257.11
2955,"RIVER CHAMBAL ENTERING IN RAJASTHAN AT GANDHI SAGAR DAM, RAWATBHATA,CHITTORGARH",RIVER,RAJASTHAN,2024-06-24,24.07656,75.526392,25.05,5.93,7.93,508.0,2.46,2.22,118.19,233.21
2955,"RIVER CHAMBAL ENTERING IN RAJASTHAN AT GANDHI SAGAR DAM, RAWATBHATA,CHITTORGARH",RIVER,RAJASTHAN,2024-07-24,24.07656,75.526392,24.33,5.79,7.89,514.28,2.41,2.27,113.24,257.16
2955,"RIVER CHAMBAL ENTERING IN RAJASTHAN AT GANDHI SAGAR DAM, RAWATBHATA,CHITTORGARH",RIVER,RAJASTHAN,2024-08-23,24.07656,75.526392,24.01,6.05,8.12,513.1,2.45,2.36,109.56,255.58
2955,"RIVER CHAMBAL ENTERING IN RAJASTHAN AT GANDHI SAGAR DAM, RAWATBHATA,CHITTORGARH",RIVER,RAJASTHAN,2024-09-22,24.07656,75.526392,24.28,5.78,7.54,481.59,2.38,2.39,113.86,244.57
2955,"RIVER CHAMBAL ENTERING IN RAJASTHAN AT GANDHI SAGAR DAM, RAWATBHATA,CHITTORGARH",RIVER,RAJASTHAN,2024-10-22,24.07656,75.526392,23.64,5.73,7.92,529.5,2.3,2.41,117.94,250.64
2955,"RIVER CHAMBAL ENTERING IN RAJASTHAN AT GANDHI SAGAR DAM, RAWATBHATA,CHITTORGARH",RIVER,RAJASTHAN,2024-11-21,24.07656,75.526392,25.17,5.58,7.54,489.25,2.46,2.27,111.93,250.22
3309,"RIVER CHAMBAL AT TAL VILLAGE NEAR BRIDGE, UJJAIN",RIVER,MADHYA PRADESH,2023-01-01,23.725166,75.377851,25.5,7.33,7.4,1099.73,4.13,1.58,475.64,810.18
3309,"RIVER CHAMBAL AT TAL VILLAGE NEAR BRIDGE, UJJAIN",RIVER,MADHYA PRADESH,2023-01-31,23.725166,75.377851,26.44,6.85,7.88,1188.27,3.93,1.65,474.18,854.52
3309,"RIVER CHAMBAL AT TAL VILLAGE NEAR BRIDGE, UJJAIN",RIVER,MADHYA PRADESH,2023-03-02,23.725166,75.377851,26.59,7.33,8.03,1170.94,3.89,1.59,452.68,853.63
3309,"RIVER CHAMBAL AT TAL VILLAGE NEAR BRIDGE, UJJAIN",RIVER,MADHYA PRADESH,2023-04-01,23.725166,75.377851,27.94,7.31,7.62,1118.62,4.25,1.76,465.56,834.68
3309,"RIVER CHAMBAL AT TAL VILLAGE NEAR BRIDGE, UJJAIN",RIVER,MADHYA PRADESH,2023-05-01,23.725166,75.377851,27.69,7.15,7.96,1112.11,4.06,1.64,488.6,860.64
3309,"RIVER CHAMBAL AT TAL VILLAGE NEAR BRIDGE, UJJAIN",RIVER,MADHYA PRADESH,2023-05-31,23.725166,75.377851,26.13,7.41,8.1,1208.36,3.99,1.71,498.73,878.82
3309,"RIVER CHAMBAL AT TAL VILLAGE NEAR BRIDGE, UJJAIN",RIVER,MADHYA PRADESH,2023-06-30,23.725166,75.377851,27.36,7.49,7.83,1199.41,4.18,1.69,465.95,851.88
3309,"RIVER CHAMBAL AT TAL VILLAGE NEAR BRIDGE, UJJAIN",RIVER,MADHYA PRADESH,2023-07-30,23.725166,75.377851,27.45,7.79,7.76,1146.07,4.1,1.77,491.91,902.5
3309,"RIVER CHAMBAL AT TAL VILLAGE NEAR BRIDGE, UJJAIN",RIVER,MADHYA PRADESH,2023-08-29,23.725166,75.377851,28.53,7.77,7.94,1155.08,4.32,1.76,485.74,903.55
3309,"RIVER CHAMBAL AT TAL VILLAGE NEAR BRIDGE, UJJAIN",RIVER,MADHYA PRADESH,2023-09-28,23.725166,75.377851,27.75,7.25,8.44,1155.18,4.48,1.71,510.77,890.34
3309,"RIVER CHAMBAL AT TAL VILLAGE NEAR BRIDGE, UJJAIN",RIVER,MADHYA PRADESH,2023-10-28,23.725166,75.377851,27.98,7.76,8.24,1262.45,4.39,1.83,513.26,905.02
3309,"RIVER CHAMBAL AT TAL VILLAGE NEAR BRIDGE, UJJAIN",RIVER,MADHYA PRADESH,2023-11-27,23.725166,75.377851,28.29,8.03,8.2,1217.53,4.53,1.78,518.53,888.08
3309,"RIVER CHAMBAL AT TAL VILLAGE NEAR BRIDGE, UJJAIN",RIVER,MADHYA PRADESH,2023-12-27,23.725166,75.377851,28.18,7.79,8.32,1216.51,4.34,1.89,526.48,888.08
3309,"RIVER CHAMBAL AT TAL VILLAGE NEAR BRIDGE, UJJAIN",RIVER,MADHYA PRADESH,2024-01-26,23.725166,75.377851,28.77,7.9,8.38,1286.61,4.29,1.81,514.83,900.3
3309,"RIVER CHAMBAL AT TAL VILLAGE NEAR BRIDGE, UJJAIN",RIVER,MADHYA PRADESH,2024-02-25,23.725166,75.377851,29.06,7.6,8.29,1298.6,4.64,1.82,528.44,896.2
3309,"RIVER CHAMBAL AT TAL VILLAGE NEAR BRIDGE, UJJAIN",RIVER,MADHYA PRADESH,2024-03-26,23.725166,75.377851,30.12,7.83,8.95,1305.64,4.39,1.83,534.78,907.77
3309,"RIVER CHAMBAL AT TAL VILLAGE NEAR BRIDGE, UJJAIN",RIVER,MADHYA PRADESH,2024-04-25,23.725166,75.377851,29.29,7.74,8.31,1229.79,4.35,1.85,513.27,906.37
3309,"RIVER CHAMBAL AT TAL VILLAGE NEAR BRIDGE, UJJAIN",RIVER,MADHYA PRADESH,2024-05-25,23.725166,75.377851,28.94,7.86,8.48,1336.3,4.69,1.8,512.81,932.25
3309,"RIVER CHAMBAL AT TAL VILLAGE NEAR BRIDGE, UJJAIN",RIVER,MADHYA PRADESH,2024-06-24,23.725166,75.377851,29.1,8.19,8.58,1317.55,4.8,1.87,511.71,935.03
3309,"RIVER CHAMBAL AT TAL VILLAGE NEAR BRIDGE, UJJAIN",RIVER,MADHYA PRADESH,2024-07-24,23.725166,75.377851,29.03,7.93,9.02,1273.51,4.55,1.87,539.01,981.71
3309,"RIVER CHAMBAL AT TAL VILLAGE NEAR BRIDGE, UJJAIN",RIVER,MADHYA PRADESH,2024-08-23,23.725166,75.377851,31.11,8.1,8.59,1282.83,4.73,1.91,518.86,926.2
3309,"RIVER CHAMBAL AT TAL VILLAGE NEAR BRIDGE, UJJAIN",RIVER,MADHYA PRADESH,2024-09-22,23.725166,75.377851,30.92,8.19,8.64,1293.28,4.8,1.92,554.02,1004.97
3309,"RIVER CHAMBAL AT TAL VILLAGE NEAR BRIDGE, UJJAIN",RIVER,MADHYA PRADESH,2024-10-22,23.725166,75.377851,31.87,8.02,8.8,1332.57,4.89,1.99,535.95,968.57
3309,"RIVER CHAMBAL AT TAL VILLAGE NEAR BRIDGE, UJJAIN",RIVER,MADHYA PRADESH,2024-11-21,23.725166,75.377851,30.47,8.39,9.49,1316.42,4.67,2.02,544.15,973.71
4349,"SEA WATER, BAY OF BENGAL, AFTER CONFLUENCE OF MARINE OUTFALL OF M/S.AUROBINDO PHARMA LTD. PYDIBHEEMAVARAM (V), RANASTHALAM (M)",MARINE,ANDHRA PRADESH,2023-01-01,18.0783,83.664886,26.52,6.0,8.26,36649.08,1.83,0.84,5.13,83.82
4349,"SEA WATER, BAY OF BENGAL, AFTER CONFLUENCE OF MARINE OUTFALL OF M/S.AUROBINDO PHARMA LTD. PYDIBHEEMAVARAM (V), RANASTHALAM (M)",MARINE,ANDHRA PRADESH,2023-01-31,18.0783,83.664886,25.3,6.03,7.95,36908.26,1.83,0.89,4.86,88.1
4349,"SEA WATER, BAY OF BENGAL, AFTER CONFLUENCE OF MARINE OUTFALL OF M/S.AUROBINDO PHARMA LTD. PYDIBHEEMAVARAM (V), RANASTHALAM (M)",MARINE,ANDHRA PRADESH,2023-03-02,18.0783,83.664886,24.96,6.49,7.7,34443.64,1.82,0.87,4.96,86.16
4349,"SEA WATER, BAY OF BENGAL, AFTER CONFLUENCE OF MARINE OUTFALL OF M/S.AUROBINDO PHARMA LTD. PYDIBHEEMAVARAM (V), RANASTHALAM (M)",MARINE,ANDHRA PRADESH,2023-04-01,18.0783,83.664886,25.7,6.15,7.96,37215.96,1.81,0.84,5.04,84.47
4349,"SEA WATER, BAY OF BENGAL, AFTER CONFLUENCE OF MARINE OUTFALL OF M/S.AUROBINDO PHARMA LTD. PYDIBHEEMAVARAM (V), RANASTHALAM (M)",MARINE,ANDHRA PRADESH,2023-05-01,18.0783,83.664886,26.56,6.25,7.94,34024.06,1.8,0.89,5.16,87.92
4349,"SEA WATER, BAY OF BENGAL, AFTER CONFLUENCE OF MARINE OUTFALL OF M/S.AUROBINDO PHARMA LTD. PYDIBHEEMAVARAM (V), RANASTHALAM (M)",MARINE,ANDHRA PRADESH,2023-05-31,18.0783,83.664886,25.16,5.9,7.82,33928.01,1.78,0.81,5.21,80.97
4349,"SEA WATER, BAY OF BENGAL, AFTER CONFLUENCE OF MARINE OUTFALL OF M/S.AUROBINDO PHARMA LTD. PYDIBHEEMAVARAM (V), RANASTHALAM (M)",MARINE,ANDHRA PRADESH,2023-06-30,18.0783,83.664886,26.4,5.99,7.68,35727.06,1.77,0.87,4.9,87.42
4349,"SEA WATER, BAY OF BENGAL, AFTER CONFLUENCE OF MARINE OUTFALL OF M/S.AUROBINDO PHARMA LTD. PYDIBHEEMAVARAM (V), RANASTHALAM (M)",MARINE,ANDHRA PRADESH,2023-07-30,18.0783,83.664886,26.29,6.07,8.28,36948.14,1.77,0.83,5.09,81.94
4349,"SEA WATER, BAY OF BENGAL, AFTER CONFLUENCE OF MARINE OUTFALL OF M/S.AUROBINDO PHARMA LTD. PYDIBHEEMAVARAM (V), RANASTHALAM (M)",MARINE,ANDHRA PRADESH,2023-08-29,18.0783,83.664886,25.78,5.97,7.68,33903.11,1.85,0.83,4.81,88.01
4349,"SEA WATER, BAY OF BENGAL, AFTER CONFLUENCE OF MARINE OUTFALL OF M/S.AUROBINDO PHARMA LTD. PYDIBHEEMAVARAM (V), RANASTHALAM (M)",MARINE,ANDHRA PRADESH,2023-09-28,18.0783,83.664886,26.27,5.92,7.79,34215.95,1.92,0.89,5.12,86.03
4349,"SEA WATER, BAY OF BENGAL, AFTER CONFLUENCE OF MARINE OUTFALL OF M/S.AUROBINDO PHARMA LTD. PYDIBHEEMAVARAM (V), RANASTHALAM (M)",MARINE,ANDHRA PRADESH,2023-10-28,18.0783,83.664886,26.45,6.19,7.79,34582.25,1.89,0.81,5.24,83.61
4349,"SEA WATER, BAY OF BENGAL, AFTER CONFLUENCE OF MARINE OUTFALL OF M/S.AUROBINDO PHARMA LTD. PYDIBHEEMAVARAM (V), RANASTHALAM (M)",MARINE,ANDHRA PRADESH,2023-11-27,18.0783,83.664886,26.26,5.9,7.7,36608.54,1.83,0.88,5.16,84.12
4349,"SEA WATER, BAY OF BENGAL, AFTER CONFLUENCE OF MARINE OUTFALL OF M/S.AUROBINDO PHARMA LTD. PYDIBHEEMAVARAM (V), RANASTHALAM (M)",MARINE,ANDHRA PRADESH,2023-12-27,18.0783,83.664886,25.08,6.47,7.95,35097.41,1.82,0.84,4.84,84.87
4349,"SEA WATER, BAY OF BENGAL, AFTER CONFLUENCE OF MARINE OUTFALL OF M/S.AUROBINDO PHARMA LTD. PYDIBHEEMAVARAM (V), RANASTHALAM (M)",MARINE,ANDHRA PRADESH,2024-01-26,18.0783,83.664886,26.42,6.46,8.25,34583.91,1.83,0.86,4.9,82.99
4349,"SEA WATER, BAY OF BENGAL, AFTER CONFLUENCE OF MARINE OUTFALL OF M/S.AUROBINDO PHARMA LTD. PYDIBHEEMAVARAM (V), RANASTHALAM (M)",MARINE,ANDHRA PRADESH,2024-02-25,18.0783,83.664886,24.95,6.36,7.61,35865.38,1.92,0.82,5.2,81.35
4349,"SEA WATER, BAY OF BENGAL, AFTER CONFLUENCE OF MARINE OUTFALL OF M/S.AUROBINDO PHARMA LTD. PYDIBHEEMAVARAM (V), RANASTHALAM (M)",MARINE,ANDHRA PRADESH,2024-03-26,18.0783,83.664886,24.37,5.89,7.99,33793.47,1.82,0.85,5.02,88.17
4349,"SEA WATER, BAY OF BENGAL, AFTER CONFLUENCE OF MARINE OUTFALL OF M/S.AUROBINDO PHARMA LTD. PYDIBHEEMAVARAM (V), RANASTHALAM (M)",MARINE,ANDHRA PRADESH,2024-04-25,18.0783,83.664886,25.15,5.9,7.96,34213.72,1.86,0.88,5.05,80.56
4349,"SEA WATER, BAY OF BENGAL, AFTER CONFLUENCE OF MARINE OUTFALL OF M/S.AUROBINDO PHARMA LTD. PYDIBHEEMAVARAM (V), RANASTHALAM (M)",MARINE,ANDHRA PRADESH,2024-05-25,18.0783,83.664886,25.59,6.41,7.75,36481.75,1.94,0.89,5.03,81.92
4349,"SEA WATER, BAY OF BENGAL, AFTER CONFLUENCE OF MARINE OUTFALL OF M/S.AUROBINDO PHARMA LTD. PYDIBHEEMAVARAM (V), RANASTHALAM (M)",MARINE,ANDHRA PRADESH,2024-06-24,18.0783,83.664886,24.35,6.14,7.93,35165.95,1.88,0.81,4.8,80.46
4349,"SEA WATER, BAY OF BENGAL, AFTER CONFLUENCE OF MARINE OUTFALL OF M/S.AUROBINDO PHARMA LTD. PYDIBHEEMAVARAM (V), RANASTHALAM (M)",MARINE,ANDHRA PRADESH,2024-07-24,18.0783,83.664886,26.59,6.5,8.11,34336.4,1.89,0.85,4.87,83.53
4349,"SEA WATER, BAY OF BENGAL, AFTER CONFLUENCE OF MARINE OUTFALL OF M/S.AUROBINDO PHARMA LTD. PYDIBHEEMAVARAM (V), RANASTHALAM (M)",MARINE,ANDHRA PRADESH,2024-08-23,18.0783,83.664886,26.27,6.35,8.1,34092.01,1.82,0.87,5.11,80.47
4349,"SEA WATER, BAY OF BENGAL, AFTER CONFLUENCE OF MARINE OUTFALL OF M/S.AUROBINDO PHARMA LTD. PYDIBHEEMAVARAM (V), RANASTHALAM (M)",MARINE,ANDHRA PRADESH,2024-09-22,18.0783,83.664886,24.89,6.18,7.6,34589.18,1.84,0.88,4.97,86.92
4349,"SEA WATER, BAY OF BENGAL, AFTER CONFLUENCE OF MARINE OUTFALL OF M/S.AUROBINDO PHARMA LTD. PYDIBHEEMAVARAM (V), RANASTHALAM (M)",MARINE,ANDHRA PRADESH,2024-10-22,18.0783,83.664886,26.06,6.46,7.56,37144.79,1.83,0.87,5.13,81.13
4349,"SEA WATER, BAY OF BENGAL, AFTER CONFLUENCE OF MARINE OUTFALL OF M/S.AUROBINDO PHARMA LTD. PYDIBHEEMAVARAM (V), RANASTHALAM (M)",MARINE,ANDHRA PRADESH,2024-11-21,18.0783,83.664886,25.34,6.33,8.2,35884.08,1.82,0.82,5.14,86.47
4352,"SEA WAER BAY OF BENGAL, AFTER CONFLUENCE OF MARINE OUTFALL OF M/S MATRIX LABORATORIES LTD THAMMAYYAPALEM (V) PUSAPATIREGA (M)",MARINE,ANDHRA PRADESH,2023-01-01,18.031067,83.602401,26.43,6.15,8.08,44083.1,2.17,0.63,6.92,130.45
4352,"SEA WAER BAY OF BENGAL, AFTER CONFLUENCE OF MARINE OUTFALL OF M/S MATRIX LABORATORIES LTD THAMMAYYAPALEM (V) PUSAPATIREGA (M)",MARINE,ANDHRA PRADESH,2023-01-31,18.031067,83.602401,26.57,6.19,8.38,44816.4,2.05,0.61,7.03,131.45
4352,"SEA WAER BAY OF BENGAL, AFTER CONFLUENCE OF MARINE OUTFALL OF M/S MATRIX LABORATORIES LTD THAMMAYYAPALEM (V) PUSAPATIREGA (M)",MARINE,ANDHRA PRADESH,2023-03-02,18.031067,83.602401,26.32,6.19,8.46,46992.62,2.07,0.61,7.26,121.61
4352,"SEA WAER BAY OF BENGAL, AFTER CONFLUENCE OF MARINE OUTFALL OF M/S MATRIX LABORATORIES LTD THAMMAYYAPALEM (V) PUSAPATIREGA (M)",MARINE,ANDHRA PRADESH,2023-04-01,18.031067,83.602401,26.9,6.23,8.7,44342.3,2.05,0.63,7.27,129.19
4352,"SEA WAER BAY OF BENGAL, AFTER CONFLUENCE OF MARINE OUTFALL OF M/S MATRIX LABORATORIES LTD THAMMAYYAPALEM (V) PUSAPATIREGA (M)",MARINE,ANDHRA PRADESH,2023-05-01,18.031067,83.602401,26.55,6.27,8.08,45956.52,2.23,0.63,6.89,125.41
4352,"SEA WAER BAY OF BENGAL, AFTER CONFLUENCE OF MARINE OUTFALL OF M/S MATRIX LABORATORIES LTD THAMMAYYAPALEM (V) PUSAPATIREGA (M)",MARINE,ANDHRA PRADESH,2023-05-31,18.031067,83.602401,28.42,5.95,8.69,47332.84,2.11,0.64,7.06,124.8
4352,"SEA WAER BAY OF BENGAL, AFTER CONFLUENCE OF MARINE OUTFALL OF M/S MATRIX LABORATORIES LTD THAMMAYYAPALEM (V) PUSAPATIREGA (M)",MARINE,ANDHRA PRADESH,2023-06-30,18.031067,83.602401,27.74,6.33,8.67,46892.92,2.21,0.63,7.24,126.94
4352,"SEA WAER BAY OF BENGAL, AFTER CONFLUENCE OF MARINE OUTFALL OF M/S MATRIX LABORATORIES LTD THAMMAYYAPALEM (V) PUSAPATIREGA (M)",MARINE,ANDHRA PRADESH,2023-07-30,18.031067,83.602401,26.95,6.46,8.45,46021.79,2.19,0.64,7.34,137.17
4352,"SEA WAER BAY OF BENGAL, AFTER CONFLUENCE OF MARINE OUTFALL OF M/S MATRIX LABORATORIES LTD THAMMAYYAPALEM (V) PUSAPATIREGA (M)",MARINE,ANDHRA PRADESH,2023-08-29,18.031067,83.602401,27.11,6.45,8.8,45517.23,2.18,0.65,7.52,132.92
4352,"SEA WAER BAY OF BENGAL, AFTER CONFLUENCE OF MARINE OUTFALL OF M/S MATRIX LABORATORIES LTD THAMMAYYAPALEM (V) PUSAPATIREGA (M)",MARINE,ANDHRA PRADESH,2023-09-28,18.031067,83.602401,29.31,6.18,8.39,47086.97,2.29,0.66,7.41,137.46
4352,"SEA WAER BAY OF BENGAL, AFTER CONFLUENCE OF MARINE OUTFALL OF M/S MATRIX LABORATORIES LTD THAMMAYYAPALEM (V) PUSAPATIREGA (M)",MARINE,ANDHRA PRADESH,2023-10-28,18.031067,83.602401,28.58,6.45,8.86,45955.29,2.26,0.68,7.49,134.44
4352,"SEA WAER BAY OF BENGAL, AFTER CONFLUENCE OF MARINE OUTFALL OF M/S MATRIX LABORATORIES LTD THAMMAYYAPALEM (V) PUSAPATIREGA (M)",MARINE,ANDHRA PRADESH,2023-11-27,18.031067,83.602401,29.57,6.42,9.24,50146.57,2.33,0.68,7.59,137.98
4352,"SEA WAER BAY OF BENGAL, AFTER CONFLUENCE OF MARINE OUTFALL OF M/S MATRIX LABORATORIES LTD THAMMAYYAPALEM (V) PUSAPATIREGA (M)",MARINE,ANDHRA PRADESH,2023-12-27,18.031067,83.602401,28.74,6.52,8.52,46524.36,2.3,0.67,7.52,140.85
4352,"SEA WAER BAY OF BENGAL, AFTER CONFLUENCE OF MARINE OUTFALL OF M/S MATRIX LABORATORIES LTD THAMMAYYAPALEM (V) PUSAPATIREGA (M)",MARINE,ANDHRA PRADESH,2024-01-26,18.031067,83.602401,28.12,6.7,9.29,46966.79,2.3,0.65,7.54,137.37
4352,"SEA WAER BAY OF BENGAL, AFTER CONFLUENCE OF MARINE OUTFALL OF M/S MATRIX LABORATORIES LTD THAMMAYYAPALEM (V) PUSAPATIREGA (M)",MARINE,ANDHRA PRADESH,2024-02-25,18.031067,83.602401,29.47,6.75,8.83,50821.98,2.44,0.65,8.16,144.17
4352,"SEA WAER BAY OF BENGAL, AFTER CONFLUENCE OF MARINE OUTFALL OF M/S MATRIX LABORATORIES LTD THAMMAYYAPALEM (V) PUSAPATIREGA (M)",MARINE,ANDHRA PRADESH,2024-03-26,18.031067,83.602401,31.05,6.49,9.13,51107.54,2.46,0.65,7.76,137.03
4352,"SEA WAER BAY OF BENGAL, AFTER CONFLUENCE OF MARINE OUTFALL OF M/S MATRIX LABORATORIES LTD THAMMAYYAPALEM (V) PUSAPATIREGA (M)",MARINE,ANDHRA PRADESH,2024-04-25,18.031067,83.602401,29.62,6.9,9.07,48346.63,2.39,0.67,8.19,139.03
4352,"SEA WAER BAY OF BENGAL, AFTER CONFLUENCE OF MARINE OUTFALL OF M/S MATRIX LABORATORIES LTD THAMMAYYAPALEM (V) PUSAPATIREGA (M)",MARINE,ANDHRA PRADESH,2024-05-25,18.031067,83.602401,29.06,6.99,9.01,50690.98,2.47,0.67,7.69,145.31
4352,"SEA WAER BAY OF BENGAL, AFTER CONFLUENCE OF MARINE OUTFALL OF M/S MATRIX LABORATORIES LTD THAMMAYYAPALEM (V) PUSAPATIREGA (M)",MARINE,ANDHRA PRADESH,2024-06-24,18.031067,83.602401,30.5,6.69,9.54,50831.3,2.34,0.71,8.31,145.25
4352,"SEA WAER BAY OF BENGAL, AFTER CONFLUENCE OF MARINE OUTFALL OF M/S MATRIX LABORATORIES LTD THAMMAYYAPALEM (V) PUSAPATIREGA (M)",MARINE,ANDHRA PRADESH,2024-07-24,18.031067,83.602401,30.36,6.8,9.68,49327.59,2.47,0.69,8.04,146.93
4352,"SEA WAER BAY OF BENGAL, AFTER CONFLUENCE OF MARINE OUTFALL OF M/S MATRIX LABORATORIES LTD THAMMAYYAPALEM (V) PUSAPATIREGA (M)",MARINE,ANDHRA PRADESH,2024-08-23,18.031067,83.602401,31.32,6.79,9.81,53785.97,2.41,0.67,7.83,150.23
4352,"SEA WAER BAY OF BENGAL, AFTER CONFLUENCE OF MARINE OUTFALL OF M/S MATRIX LABORATORIES LTD THAMMAYYAPALEM (V) PUSAPATIREGA (M)",MARINE,ANDHRA PRADESH,2024-09-22,18.031067,83.602401,29.99,7.03,9.2,53569.97,2.36,0.69,8.12,149.99
4352,"SEA WAER BAY OF BENGAL, AFTER CONFLUENCE OF MARINE OUTFALL OF M/S MATRIX LABORATORIES LTD THAMMAYYAPALEM (V) PUSAPATIREGA (M)",MARINE,ANDHRA PRADESH,2024-10-22,18.031067,83.602401,30.57,7.05,9.73,53030.88,2.53,0.69,8.02,152.99
4352,"SEA WAER BAY OF BENGAL, AFTER CONFLUENCE OF MARINE OUTFALL OF M/S MATRIX LABORATORIES LTD THAMMAYYAPALEM (V) PUSAPATIREGA (M)",MARINE,ANDHRA PRADESH,2024-11-21,18.031067,83.602401,32.1,7.07,9.41,52251.87,2.59,0.69,8.26,147.74
4357,"RUSHIKONDA BEACH,VISAKHAPATNAM",BEACH,ANDHRA PRADESH,2023-01-01,17.782025,83.385284,26.83,5.68,8.44,43256.57,2.12,0.7,8.28,95.85
4357,"RUSHIKONDA BEACH,VISAKHAPATNAM",BEACH,ANDHRA PRADESH,2023-01-31,17.782025,83.385284,27.72,5.72,7.87,45072.88,2.02,0.7,8.37,96.96
4357,"RUSHIKONDA BEACH,VISAKHAPATNAM",BEACH,ANDHRA PRADESH,2023-03-02,17.782025,83.385284,26.99,5.82,7.94,45075.95,2.06,0.76,8.09,95.86
4357,"RUSHIKONDA BEACH,VISAKHAPATNAM",BEACH,ANDHRA PRADESH,2023-04-01,17.782025,83.385284,25.85,6.09,8.25,43051.14,1.98,0.74,8.12,91.48
4357,"RUSHIKONDA BEACH,VISAKHAPATNAM",BEACH,ANDHRA PRADESH,2023-05-01,17.782025,83.385284,27.07,5.99,8.44,42868.57,2.01,0.7,8.12,93.02
4357,"RUSHIKONDA BEACH,VISAKHAPATNAM",BEACH,ANDHRA PRADESH,2023-05-31,17.782025,83.385284,27.63,5.98,7.7,43544.15,2.11,0.72,8.52,90.59
4357,"RUSHIKONDA BEACH,VISAKHAPATNAM",BEACH,ANDHRA PRADESH,2023-06-30,17.782025,83.385284,26.37,5.64,8.36,43487.03,2.01,0.7,8.82,95.09
4357,"RUSHIKONDA BEACH,VISAKHAPATNAM",BEACH,ANDHRA PRADESH,2023-07-30,17.782025,83.385284,27.77,5.99,8.15,44858.13,2.12,0.74,8.91,95.69
4357,"RUSHIKONDA BEACH,VISAKHAPATNAM",BEACH,ANDHRA PRADESH,2023-08-29,17.782025,83.385284,27.67,6.0,7.75,43268.35,2.0,0.72,8.9,95.19
4357,"RUSHIKONDA BEACH,VISAKHAPATNAM",BEACH,ANDHRA PRADESH,2023-09-28,17.782025,83.385284,27.42,5.8,7.86,45177.07,2.05,0.71,8.29,94.38
4357,"RUSHIKONDA BEACH,VISAKHAPATNAM",BEACH,ANDHRA PRADESH,2023-10-28,17.782025,83.385284,26.6,6.14,8.44,44853.33,2.14,0.72,8.13,91.97
4357,"RUSHIKONDA BEACH,VISAKHAPATNAM",BEACH,ANDHRA PRADESH,2023-11-27,17.782025,83.385284,27.42,5.71,7.81,45297.84,1.99,0.75,8.53,96.99
4357,"RUSHIKONDA BEACH,VISAKHAPATNAM",BEACH,ANDHRA PRADESH,2023-12-27,17.782025,83.385284,27.83,5.62,8.05,45720.12,2.09,0.74,8.69,96.25
4357,"RUSHIKONDA BEACH,VISAKHAPATNAM",BEACH,ANDHRA PRADESH,2024-01-26,17.782025,83.385284,28.24,6.13,7.88,43236.34,2.03,0.72,8.61,92.28
4357,"RUSHIKONDA BEACH,VISAKHAPATNAM",BEACH,ANDHRA PRADESH,2024-02-25,17.782025,83.385284,26.16,5.95,7.78,41792.43,2.05,0.7,8.7,90.96
4357,"RUSHIKONDA BEACH,VISAKHAPATNAM",BEACH,ANDHRA PRADESH,2024-03-26,17.782025,83.385284,27.58,5.72,8.19,42657.25,1.95,0.74,8.62,96.01
4357,"RUSHIKONDA BEACH,VISAKHAPATNAM",BEACH,ANDHRA PRADESH,2024-04-25,17.782025,83.385284,27.12,5.67,8.39,43543.55,2.13,0.74,8.3,91.54
4357,"RUSHIKONDA BEACH,VISAKHAPATNAM",BEACH,ANDHRA PRADESH,2024-05-25,17.782025,83.385284,25.87,5.73,7.77,43710.88,2.12,0.72,8.86,89.8
4357,"RUSHIKONDA BEACH,VISAKHAPATNAM",BEACH,ANDHRA PRADESH,2024-06-24,17.782025,83.385284,25.68,5.78,8.34,41661.71,2.06,0.72,8.53,90.04
4357,"RUSHIKONDA BEACH,VISAKHAPATNAM",BEACH,ANDHRA PRADESH,2024-07-24,17.782025,83.385284,26.53,6.08,7.93,45007.7,2.07,0.74,8.79,92.85
4357,"RUSHIKONDA BEACH,VISAKHAPATNAM",BEACH,ANDHRA PRADESH,2024-08-23,17.782025,83.385284,26.11,5.66,8.33,41836.08,1.99,0.7,8.09,89.79
4357,"RUSHIKONDA BEACH,VISAKHAPATNAM",BEACH,ANDHRA PRADESH,2024-09-22,17.782025,83.385284,27.58,5.68,8.44,43758.23,1.96,0.75,8.49,99.03
4357,"RUSHIKONDA BEACH,VISAKHAPATNAM",BEACH,ANDHRA PRADESH,2024-10-22,17.782025,83.385284,26.99,6.0,7.95,45474.38,2.01,0.75,8.33,91.4
4357,"RUSHIKONDA BEACH,VISAKHAPATNAM",BEACH,ANDHRA PRADESH,2024-11-21,17.782025,83.385284,26.13,5.65,7.87,43337.94,2.07,0.73,8.65,92.98
4361,"SEA WATER BAY BENGAL, UPPADA BEACH ROAD, KAKINADA",BEACH,ANDHRA PRADESH,2023-01-01,17.076024,82.335507,26.02,5.93,8.32,29214.74,2.5,0.86,10.95,101.55
4361,"SEA WATER BAY BENGAL, UPPADA BEACH ROAD, KAKINADA",BEACH,ANDHRA PRADESH,2023-01-31,17.076024,82.335507,27.27,6.3,7.68,28551.7,2.44,0.84,10.97,93.26
4361,"SEA WATER BAY BENGAL, UPPADA BEACH ROAD, KAKINADA",BEACH,ANDHRA PRADESH,2023-03-02,17.076024,82.335507,26.58,5.91,8.18,28182.65,2.39,0.81,10.79,98.49
4361,"SEA WATER BAY BENGAL, UPPADA BEACH ROAD, KAKINADA",BEACH,ANDHRA PRADESH,2023-04-01,17.076024,82.335507,26.3,5.78,7.66,27699.07,2.49,0.81,11.75,101.07
4361,"SEA WATER BAY BENGAL, UPPADA BEACH ROAD, KAKINADA",BEACH,ANDHRA PRADESH,2023-05-01,17.076024,82.335507,26.61,6.21,7.55,25957.89,2.31,0.83,11.31,100.32
4361,"SEA WATER BAY BENGAL, UPPADA BEACH ROAD, KAKINADA",BEACH,ANDHRA PRADESH,2023-05-31,17.076024,82.335507,25.18,6.07,8.21,28095.93,2.42,0.84,11.16,97.21
4361,"SEA WATER BAY BENGAL, UPPADA BEACH ROAD, KAKINADA",BEACH,ANDHRA PRADESH,2023-06-30,17.076024,82.335507,25.86,5.79,7.63,27310.78,2.32,0.85,11.49,92.14
4361,"SEA WATER BAY BENGAL, UPPADA BEACH ROAD, KAKINADA",BEACH,ANDHRA PRADESH,2023-07-30,17.076024,82.335507,23.68,6.08,7.65,26032.64,2.31,0.81,10.87,97.17
4361,"SEA WATER BAY BENGAL, UPPADA BEACH ROAD, KAKINADA",BEACH,ANDHRA PRADESH,2023-08-29,17.076024,82.335507,24.48,6.02,7.23,26949.89,2.24,0.83,11.26,95.78
4361,"SEA WATER BAY BENGAL, UPPADA BEACH ROAD, KAKINADA",BEACH,ANDHRA PRADESH,2023-09-28,17.076024,82.335507,24.36,5.94,7.26,26270.42,2.28,0.79,10.97,94.85
4361,"SEA WATER BAY BENGAL, UPPADA BEACH ROAD, KAKINADA",BEACH,ANDHRA PRADESH,2023-10-28,17.076024,82.335507,24.7,5.9,7.67,24612.87,2.27,0.83,10.22,90.35
4361,"SEA WATER BAY BENGAL, UPPADA BEACH ROAD, KAKINADA",BEACH,ANDHRA PRADESH,2023-11-27,17.076024,82.335507,24.53,5.78,7.47,25386.46,2.39,0.75,10.9,93.18
4361,"SEA WATER BAY BENGAL, UPPADA BEACH ROAD, KAKINADA",BEACH,ANDHRA PRADESH,2023-12-27,17.076024,82.335507,23.65,5.78,7.15,26467.69,2.27,0.77,10.37,93.94
4361,"SEA WATER BAY BENGAL, UPPADA BEACH ROAD, KAKINADA",BEACH,ANDHRA PRADESH,2024-01-26,17.076024,82.335507,23.74,5.51,7.04,25654.43,2.19,0.74,10.02,91.47
4361,"SEA WATER BAY BENGAL, UPPADA BEACH ROAD, KAKINADA",BEACH,ANDHRA PRADESH,2024-02-25,17.076024,82.335507,23.16,5.38,7.2,25329.39,2.28,0.81,10.55,88.67
4361,"SEA WATER BAY BENGAL, UPPADA BEACH ROAD, KAKINADA",BEACH,ANDHRA PRADESH,2024-03-26,17.076024,82.335507,22.7,5.64,6.79,25285.76,2.14,0.73,10.24,85.57
4361,"SEA WATER BAY BENGAL, UPPADA BEACH ROAD, KAKINADA",BEACH,ANDHRA PRADESH,2024-04-25,17.076024,82.335507,22.6,5.32,6.86,25708.56,2.23,0.78,10.12,89.95
4361,"SEA WATER BAY BENGAL, UPPADA BEACH ROAD, KAKINADA",BEACH,ANDHRA PRADESH,2024-05-25,17.076024,82.335507,23.43,5.27,6.72,23209.72,2.07,0.7,9.78,81.89
4361,"SEA WATER BAY BENGAL, UPPADA BEACH ROAD, KAKINADA",BEACH,ANDHRA PRADESH,2024-06-24,17.076024,82.335507,23.42,5.38,7.25,23084.11,2.05,0.77,9.23,81.97
4361,"SEA WATER BAY BENGAL, UPPADA BEACH ROAD, KAKINADA",BEACH,ANDHRA PRADESH,2024-07-24,17.076024,82.335507,22.92,5.52,6.68,25005.39,2.21,0.77,9.23,78.56
4361,"SEA WATER BAY BENGAL, UPPADA BEACH ROAD, KAKINADA",BEACH,ANDHRA PRADESH,2024-08-23,17.076024,82.335507,23.08,5.41,6.83,23624.16,1.98,0.71,9.79,84.73
4361,"SEA WATER BAY BENGAL, UPPADA BEACH ROAD, KAKINADA",BEACH,ANDHRA PRADESH,2024-09-22,17.076024,82.335507,22.53,4.99,6.38,22961.14,2.12,0.74,9.92,79.71
4361,"SEA WATER BAY BENGAL, UPPADA BEACH ROAD, KAKINADA",BEACH,ANDHRA PRADESH,2024-10-22,17.076024,82.335507,22.72,4.86,6.85,23867.78,2.09,0.75,9.45,85.23
4361,"SEA WATER BAY BENGAL, UPPADA BEACH ROAD, KAKINADA",BEACH,ANDHRA PRADESH,2024-11-21,17.076024,82.335507,20.46,5.04,6.58,21926.08,2.02,0.7,9.59,84.64
4362,"SEA WATER, BAY OF BENGAL NEAR DEEP WATER PORT, KAKINADA (1KM AWAY FROM JETTY)",SEA,ANDHRA PRADESH,2023-01-01,16.970619,82.280728,25.84,6.74,7.69,24670.07,3.2,2.14,13.19,254.3
4362,"SEA WATER, BAY OF BENGAL NEAR DEEP WATER PORT, KAKINADA (1KM AWAY FROM JETTY)",SEA,ANDHRA PRADESH,2023-01-31,16.970619,82.280728,26.67,6.92,7.92,24839.93,3.12,2.17,13.03,267.07
4362,"SEA WATER, BAY OF BENGAL NEAR DEEP WATER PORT, KAKINADA (1KM AWAY FROM JETTY)",SEA,ANDHRA PRADESH,2023-03-02,16.970619,82.280728,25.13,6.76,7.87,26265.89,3.2,2.14,12.85,272.0
4362,"SEA WATER, BAY OF BENGAL NEAR DEEP WATER PORT, KAKINADA (1KM AWAY FROM JETTY)",SEA,ANDHRA PRADESH,2023-04-01,16.970619,82.280728,26.91,6.5,8.23,24554.7,3.17,2.06,14.06,269.68
4362,"SEA WATER, BAY OF BENGAL NEAR DEEP WATER PORT, KAKINADA (1KM AWAY FROM JETTY)",SEA,ANDHRA PRADESH,2023-05-01,16.970619,82.280728,25.03,6.39,7.65,24551.19,3.14,2.09,13.34,278.28
4362,"SEA WATER, BAY OF BENGAL NEAR DEEP WATER PORT, KAKINADA (1KM AWAY FROM JETTY)",SEA,ANDHRA PRADESH,2023-05-31,16.970619,82.280728,25.74,6.76,7.53,25299.36,2.95,2.09,13.61,273.4
4362,"SEA WATER, BAY OF BENGAL NEAR DEEP WATER PORT, KAKINADA (1KM AWAY FROM JETTY)",SEA,ANDHRA PRADESH,2023-06-30,16.970619,82.280728,25.71,6.64,8.18,26547.28,2.91,2.05,13.06,280.06
4362,"SEA WATER, BAY OF BENGAL NEAR DEEP WATER PORT, KAKINADA (1KM AWAY FROM JETTY)",SEA,ANDHRA PRADESH,2023-07-30,16.970619,82.280728,27.23,6.86,8.23,26824.46,2.99,2.14,14.01,273.56
4362,"SEA WATER, BAY OF BENGAL NEAR DEEP WATER PORT, KAKINADA (1KM AWAY FROM JETTY)",SEA,ANDHRA PRADESH,2023-08-29,16.970619,82.280728,27.13,6.68,8.16,26518.64,3.18,2.11,14.16,273.69
4362,"SEA WATER, BAY OF BENGAL NEAR DEEP WATER PORT, KAKINADA (1KM AWAY FROM JETTY)",SEA,ANDHRA PRADESH,2023-09-28,16.970619,82.280728,24.85,6.37,7.92,25023.31,3.13,2.1,12.9,267.17
4362,"SEA WATER, BAY OF BENGAL NEAR DEEP WATER PORT, KAKINADA (1KM AWAY FROM JETTY)",SEA,ANDHRA PRADESH,2023-10-28,16.970619,82.280728,25.84,6.85,8.19,25203.63,2.9,2.07,13.09,277.01
4362,"SEA WATER, BAY OF BENGAL NEAR DEEP WATER PORT, KAKINADA (1KM AWAY FROM JETTY)",SEA,ANDHRA PRADESH,2023-11-27,16.970619,82.280728,26.23,6.77,7.64,25196.87,2.93,1.97,13.54,254.34
4362,"SEA WATER, BAY OF BENGAL NEAR DEEP WATER PORT, KAKINADA (1KM AWAY FROM JETTY)",SEA,ANDHRA PRADESH,2023-12-27,16.970619,82.280728,25.58,6.87,8.26,26402.47,2.93,2.11,13.27,256.38
4362,"SEA WATER, BAY OF BENGAL NEAR DEEP WATER PORT, KAKINADA (1KM AWAY FROM JETTY)",SEA,ANDHRA PRADESH,2024-01-26,16.970619,82.280728,25.67,6.38,7.83,24540.25,3.03,2.07,13.29,279.76
4362,"SEA WATER, BAY OF BENGAL NEAR DEEP WATER PORT, KAKINADA (1KM AWAY FROM JETTY)",SEA,ANDHRA PRADESH,2024-02-25,16.970619,82.280728,26.32,6.58,7.97,25628.1,3.08,1.98,13.43,261.99
4362,"SEA WATER, BAY OF BENGAL NEAR DEEP WATER PORT, KAKINADA (1KM AWAY FROM JETTY)",SEA,ANDHRA PRADESH,2024-03-26,16.970619,82.280728,26.08,6.86,7.79,26225.01,3.2,2.12,13.16,259.01
4362,"SEA WATER, BAY OF BENGAL NEAR DEEP WATER PORT, KAKINADA (1KM AWAY FROM JETTY)",SEA,ANDHRA PRADESH,2024-04-25,16.970619,82.280728,25.94,6.54,7.95,25502.98,3.1,1.99,13.83,268.43
4362,"SEA WATER, BAY OF BENGAL NEAR DEEP WATER PORT, KAKINADA (1KM AWAY FROM JETTY)",SEA,ANDHRA PRADESH,2024-05-25,16.970619,82.280728,25.83,6.79,7.98,26781.71,3.05,2.0,13.72,276.09
4362,"SEA WATER, BAY OF BENGAL NEAR DEEP WATER PORT, KAKINADA (1KM AWAY FROM JETTY)",SEA,ANDHRA PRADESH,2024-06-24,16.970619,82.280728,26.46,6.9,7.97,24795.33,3.14,1.98,14.06,279.7
4362,"SEA WATER, BAY OF BENGAL NEAR DEEP WATER PORT, KAKINADA (1KM AWAY FROM JETTY)",SEA,ANDHRA PRADESH,2024-07-24,16.970619,82.280728,26.46,6.58,7.53,25718.23,3.18,2.06,12.85,262.98
4362,"SEA WATER, BAY OF BENGAL NEAR DEEP WATER PORT, KAKINADA (1KM AWAY FROM JETTY)",SEA,ANDHRA PRADESH,2024-08-23,16.970619,82.280728,25.57,6.55,7.64,25400.54,3.07,2.0,13.56,274.52
4362,"SEA WATER, BAY OF BENGAL NEAR DEEP WATER PORT, KAKINADA (1KM AWAY FROM JETTY)",SEA,ANDHRA PRADESH,2024-09-22,16.970619,82.280728,26.21,6.74,7.6,25221.07,3.1,2.09,14.17,266.5
4362,"SEA WATER, BAY OF BENGAL NEAR DEEP WATER PORT, KAKINADA (1KM AWAY FROM JETTY)",SEA,ANDHRA PRADESH,2024-10-22,16.970619,82.280728,26.86,6.95,8.13,24600.36,2.96,2.02,14.08,278.4
4362,"SEA WATER, BAY OF BENGAL NEAR DEEP WATER PORT, KAKINADA (1KM AWAY FROM JETTY)",SEA,ANDHRA PRADESH,2024-11-21,16.970619,82.280728,25.37,6.64,7.93,26261.77,3.0,1.98,13.33,267.63
4363,"SEA WATER BAY OF BENGAL NEAR KUMBHABHISHEKAM TEMPALE, KAKINADA",SEA,ANDHRA PRADESH,2023-01-01,16.957749,82.269867,25.71,6.91,7.28,24333.93,2.38,2.48,11.67,253.43
4363,"SEA WATER BAY OF BENGAL NEAR KUMBHABHISHEKAM TEMPALE, KAKINADA",SEA,ANDHRA PRADESH,2023-01-31,16.957749,82.269867,24.31,6.83,7.71,23615.2,2.45,2.48,12.05,254.43
4363,"SEA WATER BAY OF BENGAL NEAR KUMBHABHISHEKAM TEMPALE, KAKINADA",SEA,ANDHRA PRADESH,2023-03-02,16.957749,82.269867,25.3,6.54,7.92,25120.93,2.64,2.67,11.89,272.26
4363,"SEA WATER BAY OF BENGAL NEAR KUMBHABHISHEKAM TEMPALE, KAKINADA",SEA,ANDHRA PRADESH,2023-04-01,16.957749,82.269867,26.12,7.04,7.91,24711.9,2.49,2.52,12.43,256.98
4363,"SEA WATER BAY OF BENGAL NEAR KUMBHABHISHEKAM TEMPALE, KAKINADA",SEA,ANDHRA PRADESH,2023-05-01,16.957749,82.269867,26.94,6.86,7.59,25501.57,2.58,2.66,11.97,271.0
4363,"SEA WATER BAY OF BENGAL NEAR KUMBHABHISHEKAM TEMPALE, KAKINADA",SEA,ANDHRA PRADESH,2023-05-31,16.957749,82.269867,24.91,6.76,8.2,24060.89,2.5,2.64,12.49,269.26
4363,"SEA WATER BAY OF BENGAL NEAR KUMBHABHISHEKAM TEMPALE, KAKINADA",SEA,ANDHRA PRADESH,2023-06-30,16.957749,82.269867,25.23,6.73,8.17,24411.4,2.59,2.69,12.18,280.5
4363,"SEA WATER BAY OF BENGAL NEAR KUMBHABHISHEKAM TEMPALE, KAKINADA",SEA,ANDHRA PRADESH,2023-07-30,16.957749,82.269867,26.32,7.13,8.35,25795.34,2.6,2.76,13.18,270.05
4363,"SEA WATER BAY OF BENGAL NEAR KUMBHABHISHEKAM TEMPALE, KAKINADA",SEA,ANDHRA PRADESH,2023-08-29,16.957749,82.269867,25.98,7.0,8.52,25787.25,2.67,2.78,12.68,270.37
4363,"SEA WATER BAY OF BENGAL NEAR KUMBHABHISHEKAM TEMPALE, KAKINADA",SEA,ANDHRA PRADESH,2023-09-28,16.957749,82.269867,28.05,7.18,8.03,26282.57,2.7,2.79,12.45,282.28
4363,"SEA WATER BAY OF BENGAL NEAR KUMBHABHISHEKAM TEMPALE, KAKINADA",SEA,ANDHRA PRADESH,2023-10-28,16.957749,82.269867,27.06,6.86,8.6,26725.56,2.59,2.89,13.15,293.61
4363,"SEA WATER BAY OF BENGAL NEAR KUMBHABHISHEKAM TEMPALE, KAKINADA",SEA,ANDHRA PRADESH,2023-11-27,16.957749,82.269867,27.48,7.43,8.3,24933.87,2.7,2.92,13.25,292.85
4363,"SEA WATER BAY OF BENGAL NEAR KUMBHABHISHEKAM TEMPALE, KAKINADA",SEA,ANDHRA PRADESH,2023-12-27,16.957749,82.269867,27.02,7.11,8.04,26001.75,2.78,2.86,13.32,287.88
4363,"SEA WATER BAY OF BENGAL NEAR KUMBHABHISHEKAM TEMPALE, KAKINADA",SEA,ANDHRA PRADESH,2024-01-26,16.957749,82.269867,28.78,7.43,8.74,25369.5,2.87,2.87,13.09,280.85
4363,"SEA WATER BAY OF BENGAL NEAR KUMBHABHISHEKAM TEMPALE, KAKINADA",SEA,ANDHRA PRADESH,2024-02-25,16.957749,82.269867,28.78,7.39,8.48,27652.98,2.87,2.99,13.29,301.57
4363,"SEA WATER BAY OF BENGAL NEAR KUMBHABHISHEKAM TEMPALE, KAKINADA",SEA,ANDHRA PRADESH,2024-03-26,16.957749,82.269867,27.23,7.45,8.31,25999.15,2.89,3.03,14.08,301.89
4363,"SEA WATER BAY OF BENGAL NEAR KUMBHABHISHEKAM TEMPALE, KAKINADA",SEA,ANDHRA PRADESH,2024-04-25,16.957749,82.269867,27.65,7.43,8.51,27296.04,2.82,2.97,13.98,307.05
4363,"SEA WATER BAY OF BENGAL NEAR KUMBHABHISHEKAM TEMPALE, KAKINADA",SEA,ANDHRA PRADESH,2024-05-25,16.957749,82.269867,28.37,7.68,8.52,26745.88,2.83,2.91,13.55,305.68
4363,"SEA WATER BAY OF BENGAL NEAR KUMBHABHISHEKAM TEMPALE, KAKINADA",SEA,ANDHRA PRADESH,2024-06-24,16.957749,82.269867,28.2,7.71,9.09,27950.77,2.98,3.04,14.34,311.68
4363,"SEA WATER BAY OF BENGAL NEAR KUMBHABHISHEKAM TEMPALE, KAKINADA",SEA,ANDHRA PRADESH,2024-07-24,16.957749,82.269867,28.85,7.6,9.02,28340.99,2.96,2.87,13.34,310.28
4363,"SEA WATER BAY OF BENGAL NEAR KUMBHABHISHEKAM TEMPALE, KAKINADA",SEA,ANDHRA PRADESH,2024-08-23,16.957749,82.269867,29.76,7.91,8.87,28168.62,2.85,2.98,14.09,312.48
4363,"SEA WATER BAY OF BENGAL NEAR KUMBHABHISHEKAM TEMPALE, KAKINADA",SEA,ANDHRA PRADESH,2024-09-22,16.957749,82.269867,29.52,7.8,8.64,28588.21,2.94,2.96,14.28,301.18
4363,"SEA WATER BAY OF BENGAL NEAR KUMBHABHISHEKAM TEMPALE, KAKINADA",SEA,ANDHRA PRADESH,2024-10-22,16.957749,82.269867,28.49,7.84,9.37,29249.6,2.84,3.08,13.65,318.87
4363,"SEA WATER BAY OF BENGAL NEAR KUMBHABHISHEKAM TEMPALE, KAKINADA",SEA,ANDHRA PRADESH,2024-11-21,16.957749,82.269867,30.7,7.97,9.19,29219.19,3.02,3.08,14.32,315.49
4371,"SEA WATER, BAY OF BENGAL AFTER CONFLUENCE OF RIVER VASHISTA GODAVARI AT CHINNAMAINAVARILANKA (V), NARSAPUR (M)",MARINE,ANDHRA PRADESH,2023-01-01,16.319709,81.70582,26.48,6.8,8.33,29383.68,1.57,0.74,8.17,85.2
4371,"SEA WATER, BAY OF BENGAL AFTER CONFLUENCE OF RIVER VASHISTA GODAVARI AT CHINNAMAINAVARILANKA (V), NARSAPUR (M)",MARINE,ANDHRA PRADESH,2023-01-31,16.319709,81.70582,26.6,6.22,7.95,30092.01,1.57,0.73,8.39,85.55
4371,"SEA WATER, BAY OF BENGAL AFTER CONFLUENCE OF RIVER VASHISTA GODAVARI AT CHINNAMAINAVARILANKA (V), NARSAPUR (M)",MARINE,ANDHRA PRADESH,2023-03-02,16.319709,81.70582,25.26,6.88,8.42,28427.84,1.71,0.75,8.9,88.54
4371,"SEA WATER, BAY OF BENGAL AFTER CONFLUENCE OF RIVER VASHISTA GODAVARI AT CHINNAMAINAVARILANKA (V), NARSAPUR (M)",MARINE,ANDHRA PRADESH,2023-04-01,16.319709,81.70582,25.22,6.78,8.21,28729.84,1.69,0.79,8.59,80.77
4371,"SEA WATER, BAY OF BENGAL AFTER CONFLUENCE OF RIVER VASHISTA GODAVARI AT CHINNAMAINAVARILANKA (V), NARSAPUR (M)",MARINE,ANDHRA PRADESH,2023-05-01,16.319709,81.70582,24.98,6.57,7.8,29071.1,1.69,0.8,8.25,83.06
4371,"SEA WATER, BAY OF BENGAL AFTER CONFLUENCE OF RIVER VASHISTA GODAVARI AT CHINNAMAINAVARILANKA (V), NARSAPUR (M)",MARINE,ANDHRA PRADESH,2023-05-31,16.319709,81.70582,25.11,6.47,8.11,27930.3,1.64,0.73,8.24,82.6
4371,"SEA WATER, BAY OF BENGAL AFTER CONFLUENCE OF RIVER VASHISTA GODAVARI AT CHINNAMAINAVARILANKA (V), NARSAPUR (M)",MARINE,ANDHRA PRADESH,2023-06-30,16.319709,81.70582,27.19,6.32,8.18,28549.36,1.67,0.79,8.19,81.97
4371,"SEA WATER, BAY OF BENGAL AFTER CONFLUENCE OF RIVER VASHISTA GODAVARI AT CHINNAMAINAVARILANKA (V), NARSAPUR (M)",MARINE,ANDHRA PRADESH,2023-07-30,16.319709,81.70582,25.89,6.76,7.84,28009.23,1.73,0.8,8.49,84.06
4371,"SEA WATER, BAY OF BENGAL AFTER CONFLUENCE OF RIVER VASHISTA GODAVARI AT CHINNAMAINAVARILANKA (V), NARSAPUR (M)",MARINE,ANDHRA PRADESH,2023-08-29,16.319709,81.70582,25.96,6.25,8.37,29765.97,1.62,0.77,8.22,81.69
4371,"SEA WATER, BAY OF BENGAL AFTER CONFLUENCE OF RIVER VASHISTA GODAVARI AT CHINNAMAINAVARILANKA (V), NARSAPUR (M)",MARINE,ANDHRA PRADESH,2023-09-28,16.319709,81.70582,25.29,6.84,7.74,30632.43,1.73,0.73,8.34,85.29
4371,"SEA WATER, BAY OF BENGAL AFTER CONFLUENCE OF RIVER VASHISTA GODAVARI AT CHINNAMAINAVARILANKA (V), NARSAPUR (M)",MARINE,ANDHRA PRADESH,2023-10-28,16.319709,81.70582,26.77,6.82,7.87,29741.99,1.71,0.75,8.53,81.8
4371,"SEA WATER, BAY OF BENGAL AFTER CONFLUENCE OF RIVER VASHISTA GODAVARI AT CHINNAMAINAVARILANKA (V), NARSAPUR (M)",MARINE,ANDHRA PRADESH,2023-11-27,16.319709,81.70582,25.64,6.77,7.81,30579.6,1.58,0.73,8.53,85.9
4371,"SEA WATER, BAY OF BENGAL AFTER CONFLUENCE OF RIVER VASHISTA GODAVARI AT CHINNAMAINAVARILANKA (V), NARSAPUR (M)",MARINE,ANDHRA PRADESH,2023-12-27,16.319709,81.70582,27.23,6.83,8.34,28848.29,1.69,0.79,8.53,84.05
4371,"SEA WATER, BAY OF BENGAL AFTER CONFLUENCE OF RIVER VASHISTA GODAVARI AT CHINNAMAINAVARILANKA (V), NARSAPUR (M)",MARINE,ANDHRA PRADESH,2024-01-26,16.319709,81.70582,26.17,6.6,7.95,29035.6,1.66,0.78,8.64,84.12
4371,"SEA WATER, BAY OF BENGAL AFTER CONFLUENCE OF RIVER VASHISTA GODAVARI AT CHINNAMAINAVARILANKA (V), NARSAPUR (M)",MARINE,ANDHRA PRADESH,2024-02-25,16.319709,81.70582,26.44,6.34,8.01,29674.69,1.73,0.73,8.84,87.55
4371,"SEA WATER, BAY OF BENGAL AFTER CONFLUENCE OF RIVER VASHISTA GODAVARI AT CHINNAMAINAVARILANKA (V), NARSAPUR (M)",MARINE,ANDHRA PRADESH,2024-03-26,16.319709,81.70582,25.07,6.64,8.49,29082.24,1.73,0.78,8.67,81.43
4371,"SEA WATER, BAY OF BENGAL AFTER CONFLUENCE OF RIVER VASHISTA GODAVARI AT CHINNAMAINAVARILANKA (V), NARSAPUR (M)",MARINE,ANDHRA PRADESH,2024-04-25,16.319709,81.70582,25.34,6.67,8.25,30474.53,1.61,0.75,8.34,86.5
4371,"SEA WATER, BAY OF BENGAL AFTER CONFLUENCE OF RIVER VASHISTA GODAVARI AT CHINNAMAINAVARILANKA (V), NARSAPUR (M)",MARINE,ANDHRA PRADESH,2024-05-25,16.319709,81.70582,24.84,6.72,7.71,28437.04,1.69,0.76,8.42,86.69
4371,"SEA WATER, BAY OF BENGAL AFTER CONFLUENCE OF RIVER VASHISTA GODAVARI AT CHINNAMAINAVARILANKA (V), NARSAPUR (M)",MARINE,ANDHRA PRADESH,2024-06-24,16.319709,81.70582,24.77,6.49,8.12,30734.45,1.64,0.73,8.87,86.61
4371,"SEA WATER, BAY OF BENGAL AFTER CONFLUENCE OF RIVER VASHISTA GODAVARI AT CHINNAMAINAVARILANKA (V), NARSAPUR (M)",MARINE,ANDHRA PRADESH,2024-07-24,16.319709,81.70582,26.58,6.49,7.88,30137.69,1.7,0.73,8.1,82.55
4371,"SEA WATER, BAY OF BENGAL AFTER CONFLUENCE OF RIVER VASHISTA GODAVARI AT CHINNAMAINAVARILANKA (V), NARSAPUR (M)",MARINE,ANDHRA PRADESH,2024-08-23,16.319709,81.70582,25.13,6.32,7.88,28857.21,1.57,0.79,8.19,86.5
4371,"SEA WATER, BAY OF BENGAL AFTER CONFLUENCE OF RIVER VASHISTA GODAVARI AT CHINNAMAINAVARILANKA (V), NARSAPUR (M)",MARINE,ANDHRA PRADESH,2024-09-22,16.319709,81.70582,27.05,6.29,8.06,30563.99,1.63,0.75,8.72,81.81
4371,"SEA WATER, BAY OF BENGAL AFTER CONFLUENCE OF RIVER VASHISTA GODAVARI AT CHINNAMAINAVARILANKA (V), NARSAPUR (M)",MARINE,ANDHRA PRADESH,2024-10-22,16.319709,81.70582,26.65,6.5,8.42,30389.46,1.64,0.78,8.71,80.78
4371,"SEA WATER, BAY OF BENGAL AFTER CONFLUENCE OF RIVER VASHISTA GODAVARI AT CHINNAMAINAVARILANKA (V), NARSAPUR (M)",MARINE,ANDHRA PRADESH,2024-11-21,16.319709,81.70582,24.95,6.72,7.9,30300.18,1.71,0.73,8.65,82.48
4378,"SEA WATER, BAY OF BENGAL, MANGINAPUDI BEACH, MACHILIPATNAM (V & M)",BEACH,ANDHRA PRADESH,2023-01-01,16.242517,81.241292,25.71,6.11,7.99,46326.07,2.47,1.26,6.83,171.64
4378,"SEA WATER, BAY OF BENGAL, MANGINAPUDI BEACH, MACHILIPATNAM (V & M)",BEACH,ANDHRA PRADESH,2023-01-31,16.242517,81.241292,25.38,5.87,7.45,49261.55,2.49,1.32,6.79,161.22
4378,"SEA WATER, BAY OF BENGAL, MANGINAPUDI BEACH, MACHILIPATNAM (V & M)",BEACH,ANDHRA PRADESH,2023-03-02,16.242517,81.241292,26.55,5.94,7.39,45730.86,2.51,1.31,7.23,158.92
4378,"SEA WATER, BAY OF BENGAL, MANGINAPUDI BEACH, MACHILIPATNAM (V & M)",BEACH,ANDHRA PRADESH,2023-04-01,16.242517,81.241292,24.54,5.84,7.59,48746.68,2.54,1.31,6.79,166.05
4378,"SEA WATER, BAY OF BENGAL, MANGINAPUDI BEACH, MACHILIPATNAM (V & M)",BEACH,ANDHRA PRADESH,2023-05-01,16.242517,81.241292,25.43,5.91,7.63,47430.07,2.45,1.22,6.82,156.82
4378,"SEA WATER, BAY OF BENGAL, MANGINAPUDI BEACH, MACHILIPATNAM (V & M)",BEACH,ANDHRA PRADESH,2023-05-31,16.242517,81.241292,24.1,5.91,7.41,47276.98,2.51,1.25,6.86,161.94
4378,"SEA WATER, BAY OF BENGAL, MANGINAPUDI BEACH, MACHILIPATNAM (V & M)",BEACH,ANDHRA PRADESH,2023-06-30,16.242517,81.241292,24.31,6.05,7.54,45299.27,2.46,1.21,6.68,158.21
4378,"SEA WATER, BAY OF BENGAL, MANGINAPUDI BEACH, MACHILIPATNAM (V & M)",BEACH,ANDHRA PRADESH,2023-07-30,16.242517,81.241292,25.39,5.92,7.45,46946.86,2.38,1.31,6.8,148.56
4378,"SEA WATER, BAY OF BENGAL, MANGINAPUDI BEACH, MACHILIPATNAM (V & M)",BEACH,ANDHRA PRADESH,2023-08-29,16.242517,81.241292,24.19,5.84,6.88,43315.45,2.5,1.3,6.36,146.91
4378,"SEA WATER, BAY OF BENGAL, MANGINAPUDI BEACH, MACHILIPATNAM (V & M)",BEACH,ANDHRA PRADESH,2023-09-28,16.242517,81.241292,23.08,5.67,6.94,42896.17,2.33,1.22,6.46,144.6
4378,"SEA WATER, BAY OF BENGAL, MANGINAPUDI BEACH, MACHILIPATNAM (V & M)",BEACH,ANDHRA PRADESH,2023-10-28,16.242517,81.241292,24.91,5.59,7.22,42274.46,2.37,1.25,6.52,152.13
4378,"SEA WATER, BAY OF BENGAL, MANGINAPUDI BEACH, MACHILIPATNAM (V & M)",BEACH,ANDHRA PRADESH,2023-11-27,16.242517,81.241292,24.79,5.37,6.99,43696.64,2.45,1.2,6.06,151.79
4378,"SEA WATER, BAY OF BENGAL, MANGINAPUDI BEACH, MACHILIPATNAM (V & M)",BEACH,ANDHRA PRADESH,2023-12-27,16.242517,81.241292,22.75,5.51,6.9,41866.07,2.47,1.15,6.52,144.31
4378,"SEA WATER, BAY OF BENGAL, MANGINAPUDI BEACH, MACHILIPATNAM (V & M)",BEACH,ANDHRA PRADESH,2024-01-26,16.242517,81.241292,23.88,5.49,7.15,44407.22,2.36,1.23,6.59,138.68
4378,"SEA WATER, BAY OF BENGAL, MANGINAPUDI BEACH, MACHILIPATNAM (V & M)",BEACH,ANDHRA PRADESH,2024-02-25,16.242517,81.241292,23.99,5.22,7.13,41027.54,2.17,1.22,5.86,137.57
4378,"SEA WATER, BAY OF BENGAL, MANGINAPUDI BEACH, MACHILIPATNAM (V & M)",BEACH,ANDHRA PRADESH,2024-03-26,16.242517,81.241292,22.18,5.3,7.08,42001.09,2.23,1.18,6.21,139.93
4378,"SEA WATER, BAY OF BENGAL, MANGINAPUDI BEACH, MACHILIPATNAM (V & M)",BEACH,ANDHRA PRADESH,2024-04-25,16.242517,81.241292,23.68,5.05,7.07,43735.42,2.21,1.14,6.24,149.05
4378,"SEA WATER, BAY OF BENGAL, MANGINAPUDI BEACH, MACHILIPATNAM (V & M)",BEACH,ANDHRA PRADESH,2024-05-25,16.242517,81.241292,22.07,5.5,6.99,43256.38,2.3,1.2,6.01,135.97
4378,"SEA WATER, BAY OF BENGAL, MANGINAPUDI BEACH, MACHILIPATNAM (V & M)",BEACH,ANDHRA PRADESH,2024-06-24,16.242517,81.241292,22.46,4.99,6.89,38799.33,2.26,1.07,5.74,131.12
4378,"SEA WATER, BAY OF BENGAL, MANGINAPUDI BEACH, MACHILIPATNAM (V & M)",BEACH,ANDHRA PRADESH,2024-07-24,16.242517,81.241292,22.17,5.48,6.45,38790.97,2.14,1.09,5.87,135.49
4378,"SEA WATER, BAY OF BENGAL, MANGINAPUDI BEACH, MACHILIPATNAM (V & M)",BEACH,ANDHRA PRADESH,2024-08-23,16.242517,81.241292,22.87,4.88,6.34,39304.64,2.25,1.07,6.13,129.52
4378,"SEA WATER, BAY OF BENGAL, MANGINAPUDI BEACH, MACHILIPATNAM (V & M)",BEACH,ANDHRA PRADESH,2024-09-22,16.242517,81.241292,22.43,5.05,6.57,39505.31,2.03,1.14,5.69,139.59
4378,"SEA WATER, BAY OF BENGAL, MANGINAPUDI BEACH, MACHILIPATNAM (V & M)",BEACH,ANDHRA PRADESH,2024-10-22,16.242517,81.241292,21.34,5.23,6.0,41647.76,2.08,1.07,5.6,135.51
4378,"SEA WATER, BAY OF BENGAL, MANGINAPUDI BEACH, MACHILIPATNAM (V & M)",BEACH,ANDHRA PRADESH,2024-11-21,16.242517,81.241292,20.85,4.75,6.17,39244.35,2.06,1.07,5.61,125.79
4383,"SEA WATER BAY OF BENGAL, FISHING HARBOUR, NIZAMPATNAM (V & M)",MARINE,ANDHRA PRADESH,2023-01-01,15.877884,80.652347,24.09,5.6,7.74,40515.79,2.48,1.34,8.37,171.07
4383,"SEA WATER BAY OF BENGAL, FISHING HARBOUR, NIZAMPATNAM (V & M)",MARINE,ANDHRA PRADESH,2023-01-31,15.877884,80.652347,24.33,5.94,7.48,40528.75,2.67,1.34,8.21,161.83
4383,"SEA WATER BAY OF BENGAL, FISHING HARBOUR, NIZAMPATNAM (V & M)",MARINE,ANDHRA PRADESH,2023-03-02,15.877884,80.652347,23.04,5.94,7.46,42133.39,2.53,1.37,8.32,163.32
4383,"SEA WATER BAY OF BENGAL, FISHING HARBOUR, NIZAMPATNAM (V & M)",MARINE,ANDHRA PRADESH,2023-04-01,15.877884,80.652347,24.34,5.69,7.97,40615.69,2.74,1.32,8.34,167.71
4383,"SEA WATER BAY OF BENGAL, FISHING HARBOUR, NIZAMPATNAM (V & M)",MARINE,ANDHRA PRADESH,2023-05-01,15.877884,80.652347,24.74,5.62,8.27,43484.95,2.59,1.36,7.91,169.7
4383,"SEA WATER BAY OF BENGAL, FISHING HARBOUR, NIZAMPATNAM (V & M)",MARINE,ANDHRA PRADESH,2023-05-31,15.877884,80.652347,24.61,5.72,8.33,42156.94,2.79,1.41,8.19,172.75
4383,"SEA WATER BAY OF BENGAL, FISHING HARBOUR, NIZAMPATNAM (V & M)",MARINE,ANDHRA PRADESH,2023-06-30,15.877884,80.652347,24.17,5.99,7.89,44973.75,2.84,1.41,8.44,180.53
4383,"SEA WATER BAY OF BENGAL, FISHING HARBOUR, NIZAMPATNAM (V & M)",MARINE,ANDHRA PRADESH,2023-07-30,15.877884,80.652347,24.97,5.91,8.11,44385.03,2.71,1.44,8.61,182.92
4383,"SEA WATER BAY OF BENGAL, FISHING HARBOUR, NIZAMPATNAM (V & M)",MARINE,ANDHRA PRADESH,2023-08-29,15.877884,80.652347,24.77,6.23,8.35,45169.57,2.71,1.4,8.9,182.46
4383,"SEA WATER BAY OF BENGAL, FISHING HARBOUR, NIZAMPATNAM (V & M)",MARINE,ANDHRA PRADESH,2023-09-28,15.877884,80.652347,24.04,6.3,8.55,45169.93,2.76,1.44,8.89,172.45
4383,"SEA WATER BAY OF BENGAL, FISHING HARBOUR, NIZAMPATNAM (V & M)",MARINE,ANDHRA PRADESH,2023-10-28,15.877884,80.652347,24.55,6.02,8.46,44452.74,2.74,1.39,8.34,190.32
4383,"SEA WATER BAY OF BENGAL, FISHING HARBOUR, NIZAMPATNAM (V & M)",MARINE,ANDHRA PRADESH,2023-11-27,15.877884,80.652347,25.63,5.99,8.03,46166.92,2.96,1.5,8.49,181.17
4383,"SEA WATER BAY OF BENGAL, FISHING HARBOUR, NIZAMPATNAM (V & M)",MARINE,ANDHRA PRADESH,2023-12-27,15.877884,80.652347,25.71,6.41,8.18,45751.6,2.79,1.44,8.78,179.77
4383,"SEA WATER BAY OF BENGAL, FISHING HARBOUR, NIZAMPATNAM (V & M)",MARINE,ANDHRA PRADESH,2024-01-26,15.877884,80.652347,24.52,5.99,8.69,46139.49,2.88,1.49,8.51,190.02
4383,"SEA WATER BAY OF BENGAL, FISHING HARBOUR, NIZAMPATNAM (V & M)",MARINE,ANDHRA PRADESH,2024-02-25,15.877884,80.652347,26.45,6.17,8.88,47827.07,2.9,1.49,8.94,190.45
4383,"SEA WATER BAY OF BENGAL, FISHING HARBOUR, NIZAMPATNAM (V & M)",MARINE,ANDHRA PRADESH,2024-03-26,15.877884,80.652347,25.88,6.3,8.43,45878.63,2.91,1.53,8.8,197.08
4383,"SEA WATER BAY OF BENGAL, FISHING HARBOUR, NIZAMPATNAM (V & M)",MARINE,ANDHRA PRADESH,2024-04-25,15.877884,80.652347,26.51,6.28,8.47,45079.97,2.88,1.55,8.81,194.45
4383,"SEA WATER BAY OF BENGAL, FISHING HARBOUR, NIZAMPATNAM (V & M)",MARINE,ANDHRA PRADESH,2024-05-25,15.877884,80.652347,26.44,6.53,8.82,46003.36,3.1,1.53,9.41,184.37
4383,"SEA WATER BAY OF BENGAL, FISHING HARBOUR, NIZAMPATNAM (V & M)",MARINE,ANDHRA PRADESH,2024-06-24,15.877884,80.652347,27.27,6.77,8.9,48516.07,3.08,1.49,8.96,185.89
4383,"SEA WATER BAY OF BENGAL, FISHING HARBOUR, NIZAMPATNAM (V & M)",MARINE,ANDHRA PRADESH,2024-07-24,15.877884,80.652347,27.64,6.52,8.51,45964.25,2.9,1.55,9.25,202.37
4383,"SEA WATER BAY OF BENGAL, FISHING HARBOUR, NIZAMPATNAM (V & M)",MARINE,ANDHRA PRADESH,2024-08-23,15.877884,80.652347,26.6,6.63,9.24,49373.99,3.04,1.58,9.51,204.05
4383,"SEA WATER BAY OF BENGAL, FISHING HARBOUR, NIZAMPATNAM (V & M)",MARINE,ANDHRA PRADESH,2024-09-22,15.877884,80.652347,26.39,6.87,8.73,47871.97,3.0,1.56,9.45,195.52
4383,"SEA WATER BAY OF BENGAL, FISHING HARBOUR, NIZAMPATNAM (V & M)",MARINE,ANDHRA PRADESH,2024-10-22,15.877884,80.652347,27.71,6.41,9.01,48607.75,3.16,1.55,9.77,201.21
4383,"SEA WATER BAY OF BENGAL, FISHING HARBOUR, NIZAMPATNAM (V & M)",MARINE,ANDHRA PRADESH,2024-11-21,15.877884,80.652347,27.34,6.88,9.32,49738.26,3.21,1.55,9.23,200.25
4385,"SEA WATER, BAY OF BENGAL, KOTHAPATNAM BEACH",BEACH,ANDHRA PRADESH,2023-01-01,15.419125,80.168512,24.12,5.72,8.07,46322.96,2.57,1.31,10.84,205.6
4385,"SEA WATER, BAY OF BENGAL, KOTHAPATNAM BEACH",BEACH,ANDHRA PRADESH,2023-01-31,15.419125,80.168512,23.02,5.88,8.17,44124.09,2.43,1.26,10.69,203.51
4385,"SEA WATER, BAY OF BENGAL, KOTHAPATNAM BEACH",BEACH,ANDHRA PRADESH,2023-03-02,15.419125,80.168512,24.33,5.93,7.62,44271.28,2.59,1.21,10.43,202.52
4385,"SEA WATER, BAY OF BENGAL, KOTHAPATNAM BEACH",BEACH,ANDHRA PRADESH,2023-04-01,15.419125,80.168512,23.23,6.08,7.99,45356.92,2.62,1.29,10.44,200.33
4385,"SEA WATER, BAY OF BENGAL, KOTHAPATNAM BEACH",BEACH,ANDHRA PRADESH,2023-05-01,15.419125,80.168512,23.17,5.75,8.0,45848.73,2.55,1.3,10.93,205.84
4385,"SEA WATER, BAY OF BENGAL, KOTHAPATNAM BEACH",BEACH,ANDHRA PRADESH,2023-05-31,15.419125,80.168512,24.27,5.72,8.09,43862.14,2.49,1.22,10.14,202.84
4385,"SEA WATER, BAY OF BENGAL, KOTHAPATNAM BEACH",BEACH,ANDHRA PRADESH,2023-06-30,15.419125,80.168512,23.62,6.06,7.94,47171.48,2.65,1.22,10.86,203.93
4385,"SEA WATER, BAY OF BENGAL, KOTHAPATNAM BEACH",BEACH,ANDHRA PRADESH,2023-07-30,15.419125,80.168512,23.31,5.85,7.53,45680.94,2.6,1.3,11.0,210.25
4385,"SEA WATER, BAY OF BENGAL, KOTHAPATNAM BEACH",BEACH,ANDHRA PRADESH,2023-08-29,15.419125,80.168512,25.05,5.6,8.06,44280.58,2.45,1.25,10.58,207.65
4385,"SEA WATER, BAY OF BENGAL, KOTHAPATNAM BEACH",BEACH,ANDHRA PRADESH,2023-09-28,15.419125,80.168512,23.12,5.63,7.89,46837.01,2.59,1.33,10.83,207.08
4385,"SEA WATER, BAY OF BENGAL, KOTHAPATNAM BEACH",BEACH,ANDHRA PRADESH,2023-10-28,15.419125,80.168512,23.18,6.04,8.11,44649.68,2.53,1.23,10.76,208.07
4385,"SEA WATER, BAY OF BENGAL, KOTHAPATNAM BEACH",BEACH,ANDHRA PRADESH,2023-11-27,15.419125,80.168512,24.01,5.79,7.67,45776.76,2.52,1.27,10.91,208.46
4385,"SEA WATER, BAY OF BENGAL, KOTHAPATNAM BEACH",BEACH,ANDHRA PRADESH,2023-12-27,15.419125,80.168512,23.11,5.62,7.84,43934.28,2.49,1.23,10.61,205.31
4385,"SEA WATER, BAY OF BENGAL, KOTHAPATNAM BEACH",BEACH,ANDHRA PRADESH,2024-01-26,15.419125,80.168512,23.03,5.73,8.25,45416.2,2.56,1.23,10.17,215.49
4385,"SEA WATER, BAY OF BENGAL, KOTHAPATNAM BEACH",BEACH,ANDHRA PRADESH,2024-02-25,15.419125,80.168512,24.76,5.7,7.73,46779.4,2.55,1.22,10.07,206.28
4385,"SEA WATER, BAY OF BENGAL, KOTHAPATNAM BEACH",BEACH,ANDHRA PRADESH,2024-03-26,15.419125,80.168512,23.04,6.09,7.98,47014.76,2.57,1.33,10.07,211.27
4385,"SEA WATER, BAY OF BENGAL, KOTHAPATNAM BEACH",BEACH,ANDHRA PRADESH,2024-04-25,15.419125,80.168512,23.22,6.14,7.64,44274.11,2.63,1.2,10.1,216.11
4385,"SEA WATER, BAY OF BENGAL, KOTHAPATNAM BEACH",BEACH,ANDHRA PRADESH,2024-05-25,15.419125,80.168512,23.29,6.07,7.82,46368.93,2.55,1.3,10.89,204.34
4385,"SEA WATER, BAY OF BENGAL, KOTHAPATNAM BEACH",BEACH,ANDHRA PRADESH,2024-06-24,15.419125,80.168512,23.8,5.61,7.88,43403.71,2.54,1.22,10.75,213.53
4385,"SEA WATER, BAY OF BENGAL, KOTHAPATNAM BEACH",BEACH,ANDHRA PRADESH,2024-07-24,15.419125,80.168512,24.17,5.94,7.83,44625.89,2.44,1.24,10.0,217.11
4385,"SEA WATER, BAY OF BENGAL, KOTHAPATNAM BEACH",BEACH,ANDHRA PRADESH,2024-08-23,15.419125,80.168512,23.34,5.78,7.91,46525.82,2.43,1.23,10.78,210.71
4385,"SEA WATER, BAY OF BENGAL, KOTHAPATNAM BEACH",BEACH,ANDHRA PRADESH,2024-09-22,15.419125,80.168512,23.19,5.95,7.98,43189.39,2.61,1.29,10.69,210.4
4385,"SEA WATER, BAY OF BENGAL, KOTHAPATNAM BEACH",BEACH,ANDHRA PRADESH,2024-10-22,15.419125,80.168512,24.59,6.0,8.29,46042.23,2.59,1.27,10.16,208.62
4385,"SEA WATER, BAY OF BENGAL, KOTHAPATNAM BEACH",BEACH,ANDHRA PRADESH,2024-11-21,15.419125,80.168512,23.42,5.98,8.28,45613.33,2.47,1.27,10.01,212.01
4386,"SEA WATER, BAY OF BENGAL, VODAREVU BEACH, CHIRALA",BEACH,ANDHRA PRADESH,2023-01-01,15.780704,80.411638,23.59,6.07,7.83,46410.09,2.88,1.21,6.2,143.46
4386,"SEA WATER, BAY OF BENGAL, VODAREVU BEACH, CHIRALA",BEACH,ANDHRA PRADESH,2023-01-31,15.780704,80.411638,22.91,6.14,7.62,44863.94,2.87,1.23,6.36,144.73
4386,"SEA WATER, BAY OF BENGAL, VODAREVU BEACH, CHIRALA",BEACH,ANDHRA PRADESH,2023-03-02,15.780704,80.411638,23.0,6.12,8.2,44516.46,2.62,1.22,6.3,140.99
4386,"SEA WATER, BAY OF BENGAL, VODAREVU BEACH, CHIRALA",BEACH,ANDHRA PRADESH,2023-04-01,15.780704,80.411638,23.33,6.15,7.92,43933.67,2.7,1.14,6.76,143.21
4386,"SEA WATER, BAY OF BENGAL, VODAREVU BEACH, CHIRALA",BEACH,ANDHRA PRADESH,2023-05-01,15.780704,80.411638,23.0,6.12,7.97,46031.85,2.77,1.15,6.19,143.55
4386,"SEA WATER, BAY OF BENGAL, VODAREVU BEACH, CHIRALA",BEACH,ANDHRA PRADESH,2023-05-31,15.780704,80.411638,23.55,5.77,7.78,45769.21,2.64,1.14,6.24,143.34
4386,"SEA WATER, BAY OF BENGAL, VODAREVU BEACH, CHIRALA",BEACH,ANDHRA PRADESH,2023-06-30,15.780704,80.411638,23.35,6.04,7.5,46206.94,2.73,1.25,6.21,148.51
4386,"SEA WATER, BAY OF BENGAL, VODAREVU BEACH, CHIRALA",BEACH,ANDHRA PRADESH,2023-07-30,15.780704,80.411638,22.65,5.8,8.17,46118.39,2.85,1.23,6.44,147.51
4386,"SEA WATER, BAY OF BENGAL, VODAREVU BEACH, CHIRALA",BEACH,ANDHRA PRADESH,2023-08-29,15.780704,80.411638,24.64,6.11,8.22,44121.93,2.87,1.23,6.75,142.64
4386,"SEA WATER, BAY OF BENGAL, VODAREVU BEACH, CHIRALA",BEACH,ANDHRA PRADESH,2023-09-28,15.780704,80.411638,23.2,6.04,7.74,43733.08,2.86,1.15,6.36,138.69
4386,"SEA WATER, BAY OF BENGAL, VODAREVU BEACH, CHIRALA",BEACH,ANDHRA PRADESH,2023-10-28,15.780704,80.411638,23.74,6.07,8.24,46867.38,2.79,1.15,6.79,146.47
4386,"SEA WATER, BAY OF BENGAL, VODAREVU BEACH, CHIRALA",BEACH,ANDHRA PRADESH,2023-11-27,15.780704,80.411638,24.26,5.91,7.52,45336.62,2.76,1.14,6.24,143.37
4386,"SEA WATER, BAY OF BENGAL, VODAREVU BEACH, CHIRALA",BEACH,ANDHRA PRADESH,2023-12-27,15.780704,80.411638,23.34,6.01,7.58,45235.13,2.85,1.16,6.78,144.06
4386,"SEA WATER, BAY OF BENGAL, VODAREVU BEACH, CHIRALA",BEACH,ANDHRA PRADESH,2024-01-26,15.780704,80.411638,23.26,5.91,7.66,43318.11,2.76,1.17,6.6,135.38
4386,"SEA WATER, BAY OF BENGAL, VODAREVU BEACH, CHIRALA",BEACH,ANDHRA PRADESH,2024-02-25,15.780704,80.411638,22.98,6.07,8.14,44362.52,2.85,1.21,6.77,138.78
4386,"SEA WATER, BAY OF BENGAL, VODAREVU BEACH, CHIRALA",BEACH,ANDHRA PRADESH,2024-03-26,15.780704,80.411638,22.48,6.1,8.1,44469.37,2.8,1.2,6.38,144.21
4386,"SEA WATER, BAY OF BENGAL, VODAREVU BEACH, CHIRALA",BEACH,ANDHRA PRADESH,2024-04-25,15.780704,80.411638,24.62,6.23,8.0,46450.6,2.7,1.2,6.36,144.27
4386,"SEA WATER, BAY OF BENGAL, VODAREVU BEACH, CHIRALA",BEACH,ANDHRA PRADESH,2024-05-25,15.780704,80.411638,23.73,6.2,7.89,45967.46,2.73,1.17,6.51,144.64
4386,"SEA WATER, BAY OF BENGAL, VODAREVU BEACH, CHIRALA",BEACH,ANDHRA PRADESH,2024-06-24,15.780704,80.411638,22.64,6.28,8.24,43131.52,2.67,1.19,6.4,138.23
4386,"SEA WATER, BAY OF BENGAL, VODAREVU BEACH, CHIRALA",BEACH,ANDHRA PRADESH,2024-07-24,15.780704,80.411638,23.01,6.34,8.13,46357.09,2.62,1.14,6.52,143.46
4386,"SEA WATER, BAY OF BENGAL, VODAREVU BEACH, CHIRALA",BEACH,ANDHRA PRADESH,2024-08-23,15.780704,80.411638,23.92,6.04,8.17,42803.52,2.62,1.24,6.29,138.03
4386,"SEA WATER, BAY OF BENGAL, VODAREVU BEACH, CHIRALA",BEACH,ANDHRA PRADESH,2024-09-22,15.780704,80.411638,23.97,6.08,7.58,46307.41,2.63,1.15,6.56,149.29
4386,"SEA WATER, BAY OF BENGAL, VODAREVU BEACH, CHIRALA",BEACH,ANDHRA PRADESH,2024-10-22,15.780704,80.411638,23.81,6.16,8.18,43944.84,2.73,1.22,6.52,146.42
4386,"SEA WATER, BAY OF BENGAL, VODAREVU BEACH, CHIRALA",BEACH,ANDHRA PRADESH,2024-11-21,15.780704,80.411638,22.4,6.23,7.77,45026.45,2.76,1.25,6.6,145.74
4387,"SEA WATER, BAY OF BENGAL, KRISHNAPATNAM PORT",MARINE,ANDHRA PRADESH,2023-01-01,14.252922,80.110153,20.09,6.02,7.74,40892.78,2.57,1.02,6.71,157.35
4387,"SEA WATER, BAY OF BENGAL, KRISHNAPATNAM PORT",MARINE,ANDHRA PRADESH,2023-01-31,14.252922,80.110153,19.36,6.32,7.4,42737.3,2.55,0.95,6.78,162.11
4387,"SEA WATER, BAY OF BENGAL, KRISHNAPATNAM PORT",MARINE,ANDHRA PRADESH,2023-03-02,14.252922,80.110153,20.45,6.04,8.09,40868.97,2.65,0.99,6.81,160.63
4387,"SEA WATER, BAY OF BENGAL, KRISHNAPATNAM PORT",MARINE,ANDHRA PRADESH,2023-04-01,14.252922,80.110153,21.34,6.17,7.86,42050.18,2.84,1.02,7.2,156.75
4387,"SEA WATER, BAY OF BENGAL, KRISHNAPATNAM PORT",MARINE,ANDHRA PRADESH,2023-05-01,14.252922,80.110153,20.01,6.11,7.55,43222.95,2.81,1.03,7.58,156.19
4387,"SEA WATER, BAY OF BENGAL, KRISHNAPATNAM PORT",MARINE,ANDHRA PRADESH,2023-05-31,14.252922,80.110153,21.1,6.46,7.78,44286.32,2.68,1.02,7.62,159.2
4387,"SEA WATER, BAY OF BENGAL, KRISHNAPATNAM PORT",MARINE,ANDHRA PRADESH,2023-06-30,14.252922,80.110153,21.04,6.55,8.11,42615.68,2.89,0.99,7.58,164.39
4387,"SEA WATER, BAY OF BENGAL, KRISHNAPATNAM PORT",MARINE,ANDHRA PRADESH,2023-07-30,14.252922,80.110153,20.69,6.49,8.12,44988.41,2.79,1.05,7.44,157.31
4387,"SEA WATER, BAY OF BENGAL, KRISHNAPATNAM PORT",MARINE,ANDHRA PRADESH,2023-08-29,14.252922,80.110153,21.42,6.67,7.91,45458.51,2.72,1.05,7.25,163.56
4387,"SEA WATER, BAY OF BENGAL, KRISHNAPATNAM PORT",MARINE,ANDHRA PRADESH,2023-09-28,14.252922,80.110153,22.48,6.76,8.13,45620.36,2.88,1.02,7.39,159.83
4387,"SEA WATER, BAY OF BENGAL, KRISHNAPATNAM PORT",MARINE,ANDHRA PRADESH,2023-10-28,14.252922,80.110153,20.93,6.76,8.13,44112.5,2.92,1.1,7.35,171.37
4387,"SEA WATER, BAY OF BENGAL, KRISHNAPATNAM PORT",MARINE,ANDHRA PRADESH,2023-11-27,14.252922,80.110153,21.41,6.94,8.64,46160.21,2.82,1.08,7.88,167.04
4387,"SEA WATER, BAY OF BENGAL, KRISHNAPATNAM PORT",MARINE,ANDHRA PRADESH,2023-12-27,14.252922,80.110153,22.89,7.05,8.43,44884.72,2.89,1.1,7.73,167.78
4387,"SEA WATER, BAY OF BENGAL, KRISHNAPATNAM PORT",MARINE,ANDHRA PRADESH,2024-01-26,14.252922,80.110153,22.57,7.05,8.26,48426.12,2.95,1.08,8.02,172.81
4387,"SEA WATER, BAY OF BENGAL, KRISHNAPATNAM PORT",MARINE,ANDHRA PRADESH,2024-02-25,14.252922,80.110153,23.25,6.63,8.71,45060.67,3.04,1.05,7.47,165.3
4387,"SEA WATER, BAY OF BENGAL, KRISHNAPATNAM PORT",MARINE,ANDHRA PRADESH,2024-03-26,14.252922,80.110153,22.52,7.16,8.26,49403.8,2.87,1.09,7.67,173.22
4387,"SEA WATER, BAY OF BENGAL, KRISHNAPATNAM PORT",MARINE,ANDHRA PRADESH,2024-04-25,14.252922,80.110153,22.09,7.27,8.64,47528.42,2.9,1.12,7.93,176.53
4387,"SEA WATER, BAY OF BENGAL, KRISHNAPATNAM PORT",MARINE,ANDHRA PRADESH,2024-05-25,14.252922,80.110153,22.56,6.98,8.94,48284.59,2.97,1.1,8.01,168.79
4387,"SEA WATER, BAY OF BENGAL, KRISHNAPATNAM PORT",MARINE,ANDHRA PRADESH,2024-06-24,14.252922,80.110153,22.47,7.3,8.57,50237.46,2.93,1.16,8.06,177.55
4387,"SEA WATER, BAY OF BENGAL, KRISHNAPATNAM PORT",MARINE,ANDHRA PRADESH,2024-07-24,14.252922,80.110153,22.35,7.18,9.01,50249.88,2.98,1.12,7.87,171.8
4387,"SEA WATER, BAY OF BENGAL, KRISHNAPATNAM PORT",MARINE,ANDHRA PRADESH,2024-08-23,14.252922,80.110153,22.35,7.37,8.6,48149.2,3.12,1.1,8.24,182.98
4387,"SEA WATER, BAY OF BENGAL, KRISHNAPATNAM PORT",MARINE,ANDHRA PRADESH,2024-09-22,14.252922,80.110153,24.13,6.94,8.7,49032.87,3.12,1.14,8.54,185.59
4387,"SEA WATER, BAY OF BENGAL, KRISHNAPATNAM PORT",MARINE,ANDHRA PRADESH,2024-10-22,14.252922,80.110153,23.07,7.27,8.82,50781.24,3.11,1.14,8.52,175.24
4387,"SEA WATER, BAY OF BENGAL, KRISHNAPATNAM PORT",MARINE,ANDHRA PRADESH,2024-11-21,14.252922,80.110153,23.16,7.44,9.13,48141.25,3.29,1.19,8.57,176.14
4013,TIRACOL BEACH,BEACH,GOA,2023-01-01,15.720857,73.68186,28.73,7.0,8.01,40316.51,1.57,1.35,188.67,281.3
4013,TIRACOL BEACH,BEACH,GOA,2023-01-31,15.720857,73.68186,28.09,6.64,7.71,40910.62,1.73,1.25,180.37,280.41
4013,TIRACOL BEACH,BEACH,GOA,2023-03-02,15.720857,73.68186,29.71,6.66,7.83,42145.37,1.67,1.24,188.91,282.06
4013,TIRACOL BEACH,BEACH,GOA,2023-04-01,15.720857,73.68186,30.32,6.61,8.03,43025.38,1.64,1.24,177.43,289.35
4013,TIRACOL BEACH,BEACH,GOA,2023-05-01,15.720857,73.68186,27.57,6.58,7.6,41676.4,1.71,1.35,176.63,275.85
4013,TIRACOL BEACH,BEACH,GOA,2023-05-31,15.720857,73.68186,30.34,6.8,7.98,40518.74,1.59,1.28,187.77,274.93
4013,TIRACOL BEACH,BEACH,GOA,2023-06-30,15.720857,73.68186,30.34,6.42,7.62,39800.69,1.6,1.25,189.36,294.47
4013,TIRACOL BEACH,BEACH,GOA,2023-07-30,15.720857,73.68186,28.99,6.6,7.81,39906.62,1.63,1.29,176.63,277.9
4013,TIRACOL BEACH,BEACH,GOA,2023-08-29,15.720857,73.68186,29.95,6.76,7.55,40898.88,1.65,1.35,182.04,280.4
4013,TIRACOL BEACH,BEACH,GOA,2023-09-28,15.720857,73.68186,30.23,6.83,7.37,41177.19,1.61,1.32,181.22,291.37
4013,TIRACOL BEACH,BEACH,GOA,2023-10-28,15.720857,73.68186,28.3,6.91,7.76,41340.28,1.59,1.28,175.5,293.14
4013,TIRACOL BEACH,BEACH,GOA,2023-11-27,15.720857,73.68186,28.96,6.96,7.92,41279.89,1.65,1.31,182.62,294.03
4013,TIRACOL BEACH,BEACH,GOA,2023-12-27,15.720857,73.68186,27.8,6.51,7.37,43425.81,1.58,1.27,189.29,290.07
4013,TIRACOL BEACH,BEACH,GOA,2024-01-26,15.720857,73.68186,28.59,6.94,7.9,39738.6,1.67,1.33,182.69,280.82
4013,TIRACOL BEACH,BEACH,GOA,2024-02-25,15.720857,73.68186,30.33,6.69,8.03,41392.24,1.68,1.33,189.06,267.62
4013,TIRACOL BEACH,BEACH,GOA,2024-03-26,15.720857,73.68186,28.51,6.6,8.07,40744.67,1.64,1.33,176.61,289.87
4013,TIRACOL BEACH,BEACH,GOA,2024-04-25,15.720857,73.68186,29.55,6.75,8.07,41009.84,1.67,1.23,189.07,274.4
4013,TIRACOL BEACH,BEACH,GOA,2024-05-25,15.720857,73.68186,28.82,6.46,7.98,41591.78,1.64,1.26,186.67,288.85
4013,TIRACOL BEACH,BEACH,GOA,2024-06-24,15.720857,73.68186,28.08,6.97,7.62,39617.47,1.68,1.33,176.05,269.33
4013,TIRACOL BEACH,BEACH,GOA,2024-07-24,15.720857,73.68186,29.1,6.78,7.55,41255.08,1.72,1.24,187.71,270.02
4013,TIRACOL BEACH,BEACH,GOA,2024-08-23,15.720857,73.68186,29.39,7.03,8.0,43499.61,1.69,1.31,179.11,283.88
4013,TIRACOL BEACH,BEACH,GOA,2024-09-22,15.720857,73.68186,29.14,6.52,7.81,42227.27,1.69,1.33,189.53,268.56
4013,TIRACOL BEACH,BEACH,GOA,2024-10-22,15.720857,73.68186,28.12,6.38,7.39,40843.37,1.66,1.32,178.87,270.79
4013,TIRACOL BEACH,BEACH,GOA,2024-11-21,15.720857,73.68186,29.69,6.61,7.46,39837.28,1.62,1.34,176.97,277.29
4014,MIRAMAR BEACH,BEACH,GOA,2023-01-01,15.482664,73.807302,28.95,6.72,8.44,30773.08,1.57,0.37,203.91,340.08
4014,MIRAMAR BEACH,BEACH,GOA,2023-01-31,15.482664,73.807302,30.24,6.6,8.33,33045.31,1.56,0.36,215.46,317.77
4014,MIRAMAR BEACH,BEACH,GOA,2023-03-02,15.482664,73.807302,28.22,6.63,7.7,31955.0,1.43,0.34,204.07,326.69
4014,MIRAMAR BEACH,BEACH,GOA,2023-04-01,15.482664,73.807302,29.25,6.71,7.93,30880.86,1.53,0.35,216.21,322.3
4014,MIRAMAR BEACH,BEACH,GOA,2023-05-01,15.482664,73.807302,29.82,6.78,7.56,31725.89,1.52,0.32,212.81,307.54
4014,MIRAMAR BEACH,BEACH,GOA,2023-05-31,15.482664,73.807302,29.65,6.3,7.96,32286.78,1.38,0.34,213.44,321.35
4014,MIRAMAR BEACH,BEACH,GOA,2023-06-30,15.482664,73.807302,27.78,6.52,8.02,31714.57,1.48,0.34,193.88,298.42
4014,MIRAMAR BEACH,BEACH,GOA,2023-07-30,15.482664,73.807302,27.85,6.62,7.84,31995.23,1.46,0.34,192.59,311.76
4014,MIRAMAR BEACH,BEACH,GOA,2023-08-29,15.482664,73.807302,29.22,6.16,7.67,30649.46,1.43,0.31,201.84,294.1
4014,MIRAMAR BEACH,BEACH,GOA,2023-09-28,15.482664,73.807302,28.45,6.27,7.21,30874.75,1.46,0.31,192.41,313.58
4014,MIRAMAR BEACH,BEACH,GOA,2023-10-28,15.482664,73.807302,27.35,6.5,7.54,31112.51,1.41,0.3,201.92,309.8
4014,MIRAMAR BEACH,BEACH,GOA,2023-11-27,15.482664,73.807302,27.4,6.45,7.37,30298.68,1.41,0.31,200.65,289.4
4014,MIRAMAR BEACH,BEACH,GOA,2023-12-27,15.482664,73.807302,25.57,5.79,7.55,29460.05,1.35,0.31,196.97,283.86
4014,MIRAMAR BEACH,BEACH,GOA,2024-01-26,15.482664,73.807302,26.04,6.18,7.54,29594.17,1.36,0.31,184.64,303.98
4014,MIRAMAR BEACH,BEACH,GOA,2024-02-25,15.482664,73.807302,25.06,5.64,6.87,29212.91,1.29,0.31,198.89,282.7
4014,MIRAMAR BEACH,BEACH,GOA,2024-03-26,15.482664,73.807302,25.86,5.7,7.08,28731.13,1.27,0.31,186.21,278.38
4014,MIRAMAR BEACH,BEACH,GOA,2024-04-25,15.482664,73.807302,27.01,5.91,7.0,27133.34,1.25,0.29,183.93,266.7
4014,MIRAMAR BEACH,BEACH,GOA,2024-05-25,15.482664,73.807302,25.74,5.89,6.57,26921.37,1.33,0.3,194.73,276.01
4014,MIRAMAR BEACH,BEACH,GOA,2024-06-24,15.482664,73.807302,26.66,5.51,6.61,28257.52,1.33,0.3,185.23,276.14
4014,MIRAMAR BEACH,BEACH,GOA,2024-07-24,15.482664,73.807302,26.48,5.6,6.81,27201.52,1.19,0.29,188.85,285.08
4014,MIRAMAR BEACH,BEACH,GOA,2024-08-23,15.482664,73.807302,23.7,5.84,6.46,26640.12,1.3,0.3,170.65,276.97
4014,MIRAMAR BEACH,BEACH,GOA,2024-09-22,15.482664,73.807302,25.68,5.88,6.72,25094.75,1.28,0.29,176.01,253.43
4014,MIRAMAR BEACH,BEACH,GOA,2024-10-22,15.482664,73.807302,25.66,5.64,6.91,27484.47,1.16,0.3,176.78,277.3
4014,MIRAMAR BEACH,BEACH,GOA,2024-11-21,15.482664,73.807302,24.26,5.49,6.19,27268.47,1.28,0.27,176.72,252.51
4015,CALANGUTE BEACH,BEACH,GOA,2023-01-01,15.531787,73.75851,29.01,6.65,8.21,41808.53,1.44,0.37,204.89,300.95
4015,CALANGUTE BEACH,BEACH,GOA,2023-01-31,15.531787,73.75851,27.84,6.31,7.98,42044.33,1.45,0.37,204.41,309.06
4015,CALANGUTE BEACH,BEACH,GOA,2023-03-02,15.531787,73.75851,28.55,6.65,8.06,40007.79,1.38,0.36,202.54,301.86
4015,CALANGUTE BEACH,BEACH,GOA,2023-04-01,15.531787,73.75851,28.34,6.28,7.9,41771.48,1.45,0.37,203.16,305.93
4015,CALANGUTE BEACH,BEACH,GOA,2023-05-01,15.531787,73.75851,29.35,6.74,8.14,42582.53,1.43,0.36,200.97,309.69
4015,CALANGUTE BEACH,BEACH,GOA,2023-05-31,15.531787,73.75851,27.16,6.69,7.51,43009.51,1.43,0.38,207.47,304.16
4015,CALANGUTE BEACH,BEACH,GOA,2023-06-30,15.531787,73.75851,27.53,6.82,7.71,40227.83,1.5,0.38,191.23,302.57
4015,CALANGUTE BEACH,BEACH,GOA,2023-07-30,15.531787,73.75851,27.21,6.57,7.91,40889.8,1.52,0.38,195.41,320.86
4015,CALANGUTE BEACH,BEACH,GOA,2023-08-29,15.531787,73.75851,27.7,6.35,8.27,43460.17,1.42,0.37,193.05,311.25
4015,CALANGUTE BEACH,BEACH,GOA,2023-09-28,15.531787,73.75851,29.49,6.86,7.81,40798.96,1.4,0.37,207.97,311.6
4015,CALANGUTE BEACH,BEACH,GOA,2023-10-28,15.531787,73.75851,29.47,6.9,7.68,42329.16,1.43,0.37,196.05,316.15
4015,CALANGUTE BEACH,BEACH,GOA,2023-11-27,15.531787,73.75851,28.24,6.65,7.57,41753.23,1.43,0.36,206.75,320.27
4015,CALANGUTE BEACH,BEACH,GOA,2023-12-27,15.531787,73.75851,27.65,6.45,8.21,41024.65,1.42,0.36,193.48,305.84
4015,CALANGUTE BEACH,BEACH,GOA,2024-01-26,15.531787,73.75851,29.0,6.4,8.09,42596.84,1.42,0.37,207.03,315.84
4015,CALANGUTE BEACH,BEACH,GOA,2024-02-25,15.531787,73.75851,27.7,6.75,7.98,41190.11,1.48,0.37,197.43,323.2
4015,CALANGUTE BEACH,BEACH,GOA,2024-03-26,15.531787,73.75851,29.34,6.43,7.55,41311.33,1.39,0.37,202.53,308.55
4015,CALANGUTE BEACH,BEACH,GOA,2024-04-25,15.531787,73.75851,28.56,6.61,8.0,40736.7,1.47,0.35,195.91,322.61
4015,CALANGUTE BEACH,BEACH,GOA,2024-05-25,15.531787,73.75851,28.91,6.57,8.28,40358.38,1.47,0.36,191.24,309.59
4015,CALANGUTE BEACH,BEACH,GOA,2024-06-24,15.531787,73.75851,28.08,6.68,7.68,39891.88,1.46,0.38,195.19,309.6
4015,CALANGUTE BEACH,BEACH,GOA,2024-07-24,15.531787,73.75851,29.58,6.45,7.57,43647.82,1.45,0.36,204.49,324.08
4015,CALANGUTE BEACH,BEACH,GOA,2024-08-23,15.531787,73.75851,29.31,6.8,7.78,40364.15,1.47,0.35,196.13,308.89
4015,CALANGUTE BEACH,BEACH,GOA,2024-09-22,15.531787,73.75851,29.06,6.59,8.15,41277.46,1.4,0.38,208.27,313.19
4015,CALANGUTE BEACH,BEACH,GOA,2024-10-22,15.531787,73.75851,27.37,6.68,7.98,42552.89,1.46,0.36,204.29,324.21
4015,CALANGUTE BEACH,BEACH,GOA,2024-11-21,15.531787,73.75851,29.12,6.75,7.76,39710.02,1.43,0.37,194.5,300.36
4016,MORJIM BEACH,BEACH,GOA,2023-01-01,15.629169,73.725747,30.23,6.21,8.29,37416.17,1.62,0.32,112.81,152.26
4016,MORJIM BEACH,BEACH,GOA,2023-01-31,15.629169,73.725747,29.87,6.5,7.66,34945.27,1.51,0.32,112.73,152.17
4016,MORJIM BEACH,BEACH,GOA,2023-03-02,15.629169,73.725747,28.32,6.46,8.1,35745.07,1.53,0.32,115.2,157.76
4016,MORJIM BEACH,BEACH,GOA,2023-04-01,15.629169,73.725747,29.11,6.28,7.66,36315.46,1.56,0.33,111.33,147.62
4016,MORJIM BEACH,BEACH,GOA,2023-05-01,15.629169,73.725747,30.01,6.51,7.63,35713.69,1.48,0.31,119.16,150.96
4016,MORJIM BEACH,BEACH,GOA,2023-05-31,15.629169,73.725747,29.99,6.25,8.11,34435.04,1.49,0.32,116.44,154.62
4016,MORJIM BEACH,BEACH,GOA,2023-06-30,15.629169,73.725747,28.77,6.7,8.01,36223.08,1.52,0.33,112.29,155.41
4016,MORJIM BEACH,BEACH,GOA,2023-07-30,15.629169,73.725747,29.3,6.69,7.72,35301.38,1.59,0.32,114.35,156.64
4016,MORJIM BEACH,BEACH,GOA,2023-08-29,15.629169,73.725747,29.24,6.6,8.0,37641.92,1.61,0.31,119.08,156.23
4016,MORJIM BEACH,BEACH,GOA,2023-09-28,15.629169,73.725747,29.9,6.22,8.26,37149.4,1.57,0.33,118.48,153.59
4016,MORJIM BEACH,BEACH,GOA,2023-10-28,15.629169,73.725747,29.83,6.4,8.36,37768.94,1.52,0.31,113.96,146.14
4016,MORJIM BEACH,BEACH,GOA,2023-11-27,15.629169,73.725747,28.0,6.5,8.04,36825.24,1.6,0.33,120.12,144.19
4016,MORJIM BEACH,BEACH,GOA,2023-12-27,15.629169,73.725747,27.95,6.19,8.11,37932.53,1.55,0.31,117.39,145.88
4016,MORJIM BEACH,BEACH,GOA,2024-01-26,15.629169,73.725747,29.6,6.27,7.85,37225.61,1.55,0.31,120.3,154.45
4016,MORJIM BEACH,BEACH,GOA,2024-02-25,15.629169,73.725747,29.33,6.24,8.25,37814.59,1.61,0.33,116.29,151.88
4016,MORJIM BEACH,BEACH,GOA,2024-03-26,15.629169,73.725747,30.39,6.09,8.28,36466.4,1.59,0.33,120.28,158.44
4016,MORJIM BEACH,BEACH,GOA,2024-04-25,15.629169,73.725747,28.42,6.08,7.69,35991.18,1.61,0.31,121.83,146.16
4016,MORJIM BEACH,BEACH,GOA,2024-05-25,15.629169,73.725747,28.01,6.72,7.68,35369.05,1.49,0.33,110.85,159.05
4016,MORJIM BEACH,BEACH,GOA,2024-06-24,15.629169,73.725747,28.49,6.55,8.34,37263.24,1.49,0.33,115.32,145.54
4016,MORJIM BEACH,BEACH,GOA,2024-07-24,15.629169,73.725747,30.26,6.11,8.09,36132.24,1.53,0.33,113.02,152.7
4016,MORJIM BEACH,BEACH,GOA,2024-08-23,15.629169,73.725747,29.71,6.26,8.3,37215.32,1.56,0.33,121.79,146.67
4016,MORJIM BEACH,BEACH,GOA,2024-09-22,15.629169,73.725747,30.4,6.41,8.11,36696.95,1.6,0.31,117.12,157.91
4016,MORJIM BEACH,BEACH,GOA,2024-10-22,15.629169,73.725747,28.41,6.38,7.96,36990.89,1.59,0.32,112.44,151.24
4016,MORJIM BEACH,BEACH,GOA,2024-11-21,15.629169,73.725747,29.85,6.44,8.3,35712.82,1.62,0.31,121.79,156.26
3051,"BUDAMERU CANAL NEAR BDG AT NH-5, KEESARAPALLI (V), GANNAVARAM (M)",CANAL,ANDHRA PRADESH,2023-01-01,16.518542,80.77469,25.07,2.41,7.35,930.23,16.76,5.29,188.54,2941.12
3051,"BUDAMERU CANAL NEAR BDG AT NH-5, KEESARAPALLI (V), GANNAVARAM (M)",CANAL,ANDHRA PRADESH,2023-01-31,16.518542,80.77469,25.44,2.23,7.39,967.77,16.48,5.27,180.8,2948.86
3051,"BUDAMERU CANAL NEAR BDG AT NH-5, KEESARAPALLI (V), GANNAVARAM (M)",CANAL,ANDHRA PRADESH,2023-03-02,16.518542,80.77469,23.84,2.26,7.37,910.22,16.18,5.3,186.99,2971.84
3051,"BUDAMERU CANAL NEAR BDG AT NH-5, KEESARAPALLI (V), GANNAVARAM (M)",CANAL,ANDHRA PRADESH,2023-04-01,16.518542,80.77469,23.01,2.33,6.89,970.43,15.62,4.96,179.96,2803.33
3051,"BUDAMERU CANAL NEAR BDG AT NH-5, KEESARAPALLI (V), GANNAVARAM (M)",CANAL,ANDHRA PRADESH,2023-05-01,16.518542,80.77469,23.17,2.18,7.05,884.9,16.08,5.04,188.65,2787.6
3051,"BUDAMERU CANAL NEAR BDG AT NH-5, KEESARAPALLI (V), GANNAVARAM (M)",CANAL,ANDHRA PRADESH,2023-05-31,16.518542,80.77469,24.18,2.21,7.2,956.94,15.88,5.15,180.02,2769.37
3051,"BUDAMERU CANAL NEAR BDG AT NH-5, KEESARAPALLI (V), GANNAVARAM (M)",CANAL,ANDHRA PRADESH,2023-06-30,16.518542,80.77469,23.58,2.35,7.01,939.15,15.94,5.21,181.03,2999.62
3051,"BUDAMERU CANAL NEAR BDG AT NH-5, KEESARAPALLI (V), GANNAVARAM (M)",CANAL,ANDHRA PRADESH,2023-07-30,16.518542,80.77469,22.62,2.32,6.94,909.68,15.52,4.84,187.94,2916.28
3051,"BUDAMERU CANAL NEAR BDG AT NH-5, KEESARAPALLI (V), GANNAVARAM (M)",CANAL,ANDHRA PRADESH,2023-08-29,16.518542,80.77469,23.46,2.12,7.18,867.24,15.29,4.95,169.1,2800.56
3051,"BUDAMERU CANAL NEAR BDG AT NH-5, KEESARAPALLI (V), GANNAVARAM (M)",CANAL,ANDHRA PRADESH,2023-09-28,16.518542,80.77469,23.76,2.16,7.09,926.73,14.28,5.1,175.65,2899.19
3051,"BUDAMERU CANAL NEAR BDG AT NH-5, KEESARAPALLI (V), GANNAVARAM (M)",CANAL,ANDHRA PRADESH,2023-10-28,16.518542,80.77469,21.82,2.2,7.03,922.18,15.0,4.83,171.78,2679.54
3051,"BUDAMERU CANAL NEAR BDG AT NH-5, KEESARAPALLI (V), GANNAVARAM (M)",CANAL,ANDHRA PRADESH,2023-11-27,16.518542,80.77469,21.17,2.02,6.55,854.9,13.74,4.67,174.26,2722.26
3051,"BUDAMERU CANAL NEAR BDG AT NH-5, KEESARAPALLI (V), GANNAVARAM (M)",CANAL,ANDHRA PRADESH,2023-12-27,16.518542,80.77469,22.11,2.13,6.34,897.74,14.47,4.86,174.37,2800.16
3051,"BUDAMERU CANAL NEAR BDG AT NH-5, KEESARAPALLI (V), GANNAVARAM (M)",CANAL,ANDHRA PRADESH,2024-01-26,16.518542,80.77469,20.7,2.06,6.86,825.55,14.12,4.86,173.76,2647.17
3051,"BUDAMERU CANAL NEAR BDG AT NH-5, KEESARAPALLI (V), GANNAVARAM (M)",CANAL,ANDHRA PRADESH,2024-02-25,16.518542,80.77469,21.54,2.17,6.72,879.48,14.05,4.93,173.2,2598.55
3051,"BUDAMERU CANAL NEAR BDG AT NH-5, KEESARAPALLI (V), GANNAVARAM (M)",CANAL,ANDHRA PRADESH,2024-03-26,16.518542,80.77469,21.96,2.11,6.45,860.52,14.6,4.66,158.11,2571.16
3051,"BUDAMERU CANAL NEAR BDG AT NH-5, KEESARAPALLI (V), GANNAVARAM (M)",CANAL,ANDHRA PRADESH,2024-04-25,16.518542,80.77469,20.44,2.12,6.55,853.64,14.6,4.6,158.59,2491.65
3051,"BUDAMERU CANAL NEAR BDG AT NH-5, KEESARAPALLI (V), GANNAVARAM (M)",CANAL,ANDHRA PRADESH,2024-05-25,16.518542,80.77469,21.64,1.91,6.64,806.78,13.85,4.79,156.63,2678.04
3051,"BUDAMERU CANAL NEAR BDG AT NH-5, KEESARAPALLI (V), GANNAVARAM (M)",CANAL,ANDHRA PRADESH,2024-06-24,16.518542,80.77469,20.96,2.11,5.89,796.89,14.3,4.56,154.82,2494.19
3051,"BUDAMERU CANAL NEAR BDG AT NH-5, KEESARAPALLI (V), GANNAVARAM (M)",CANAL,ANDHRA PRADESH,2024-07-24,16.518542,80.77469,20.92,1.89,6.42,788.05,14.03,4.28,167.82,2560.01
3051,"BUDAMERU CANAL NEAR BDG AT NH-5, KEESARAPALLI (V), GANNAVARAM (M)",CANAL,ANDHRA PRADESH,2024-08-23,16.518542,80.77469,19.6,2.02,6.08,812.37,13.22,4.43,160.12,2615.06
3051,"BUDAMERU CANAL NEAR BDG AT NH-5, KEESARAPALLI (V), GANNAVARAM (M)",CANAL,ANDHRA PRADESH,2024-09-22,16.518542,80.77469,19.77,1.92,6.37,795.7,13.05,4.35,153.51,2532.86
3051,"BUDAMERU CANAL NEAR BDG AT NH-5, KEESARAPALLI (V), GANNAVARAM (M)",CANAL,ANDHRA PRADESH,2024-10-22,16.518542,80.77469,21.02,1.89,5.67,786.54,12.93,4.41,163.99,2432.06
3051,"BUDAMERU CANAL NEAR BDG AT NH-5, KEESARAPALLI (V), GANNAVARAM (M)",CANAL,ANDHRA PRADESH,2024-11-21,16.518542,80.77469,18.61,1.89,6.02,806.01,13.07,4.44,157.02,2370.61
4356,"ELERU CANAL, NEAR PHARMA CITY,THADI (V),PARAVADA (M)",CANAL,ANDHRA PRADESH,2023-01-01,16.720398,81.108729,27.89,5.73,7.71,167.29,1.91,0.59,12.55,260.76
4356,"ELERU CANAL, NEAR PHARMA CITY,THADI (V),PARAVADA (M)",CANAL,ANDHRA PRADESH,2023-01-31,16.720398,81.108729,27.07,5.54,8.15,179.2,1.87,0.59,12.23,267.9
4356,"ELERU CANAL, NEAR PHARMA CITY,THADI (V),PARAVADA (M)",CANAL,ANDHRA PRADESH,2023-03-02,16.720398,81.108729,27.59,5.37,7.42,178.64,2.01,0.62,11.96,269.24
4356,"ELERU CANAL, NEAR PHARMA CITY,THADI (V),PARAVADA (M)",CANAL,ANDHRA PRADESH,2023-04-01,16.720398,81.108729,28.13,5.58,7.71,180.66,2.03,0.6,12.38,266.49
4356,"ELERU CANAL, NEAR PHARMA CITY,THADI (V),PARAVADA (M)",CANAL,ANDHRA PRADESH,2023-05-01,16.720398,81.108729,26.22,5.61,7.87,182.62,1.98,0.58,11.52,255.63
4356,"ELERU CANAL, NEAR PHARMA CITY,THADI (V),PARAVADA (M)",CANAL,ANDHRA PRADESH,2023-05-31,16.720398,81.108729,27.31,5.23,7.52,177.21,1.91,0.61,12.37,259.6
4356,"ELERU CANAL, NEAR PHARMA CITY,THADI (V),PARAVADA (M)",CANAL,ANDHRA PRADESH,2023-06-30,16.720398,81.108729,28.72,5.7,7.54,168.2,1.9,0.6,12.59,264.42
4356,"ELERU CANAL, NEAR PHARMA CITY,THADI (V),PARAVADA (M)",CANAL,ANDHRA PRADESH,2023-07-30,16.720398,81.108729,26.93,5.31,7.67,170.56,2.04,0.62,11.91,258.5
4356,"ELERU CANAL, NEAR PHARMA CITY,THADI (V),PARAVADA (M)",CANAL,ANDHRA PRADESH,2023-08-29,16.720398,81.108729,27.49,5.53,7.94,175.21,1.94,0.59,11.92,265.37
4356,"ELERU CANAL, NEAR PHARMA CITY,THADI (V),PARAVADA (M)",CANAL,ANDHRA PRADESH,2023-09-28,16.720398,81.108729,28.42,5.76,8.03,175.68,1.93,0.57,12.3,276.84
4356,"ELERU CANAL, NEAR PHARMA CITY,THADI (V),PARAVADA (M)",CANAL,ANDHRA PRADESH,2023-10-28,16.720398,81.108729,27.69,5.6,7.8,170.44,2.0,0.6,12.05,268.25
4356,"ELERU CANAL, NEAR PHARMA CITY,THADI (V),PARAVADA (M)",CANAL,ANDHRA PRADESH,2023-11-27,16.720398,81.108729,26.25,5.45,7.71,176.56,1.94,0.61,11.57,269.91
4356,"ELERU CANAL, NEAR PHARMA CITY,THADI (V),PARAVADA (M)",CANAL,ANDHRA PRADESH,2023-12-27,16.720398,81.108729,27.03,5.36,8.14,170.62,1.97,0.63,12.06,258.35
4356,"ELERU CANAL, NEAR PHARMA CITY,THADI (V),PARAVADA (M)",CANAL,ANDHRA PRADESH,2024-01-26,16.720398,81.108729,26.77,5.69,7.69,168.4,1.85,0.62,11.49,263.6
4356,"ELERU CANAL, NEAR PHARMA CITY,THADI (V),PARAVADA (M)",CANAL,ANDHRA PRADESH,2024-02-25,16.720398,81.108729,27.02,5.4,7.86,183.57,1.92,0.57,12.52,261.5
4356,"ELERU CANAL, NEAR PHARMA CITY,THADI (V),PARAVADA (M)",CANAL,ANDHRA PRADESH,2024-03-26,16.720398,81.108729,28.39,5.38,7.8,179.51,2.03,0.6,12.33,275.44
4356,"ELERU CANAL, NEAR PHARMA CITY,THADI (V),PARAVADA (M)",CANAL,ANDHRA PRADESH,2024-04-25,16.720398,81.108729,28.78,5.47,7.59,183.67,1.97,0.6,12.07,273.3
4356,"ELERU CANAL, NEAR PHARMA CITY,THADI (V),PARAVADA (M)",CANAL,ANDHRA PRADESH,2024-05-25,16.720398,81.108729,28.06,5.56,7.65,180.05,2.01,0.62,12.24,276.82
4356,"ELERU CANAL, NEAR PHARMA CITY,THADI (V),PARAVADA (M)",CANAL,ANDHRA PRADESH,2024-06-24,16.720398,81.108729,28.7,5.26,7.42,171.14,1.85,0.6,11.89,269.44
4356,"ELERU CANAL, NEAR PHARMA CITY,THADI (V),PARAVADA (M)",CANAL,ANDHRA PRADESH,2024-07-24,16.720398,81.108729,27.51,5.54,7.98,181.96,2.03,0.6,12.3,259.82
4356,"ELERU CANAL, NEAR PHARMA CITY,THADI (V),PARAVADA (M)",CANAL,ANDHRA PRADESH,2024-08-23,16.720398,81.108729,28.05,5.33,7.87,177.18,1.91,0.61,11.68,257.74
4356,"ELERU CANAL, NEAR PHARMA CITY,THADI (V),PARAVADA (M)",CANAL,ANDHRA PRADESH,2024-09-22,16.720398,81.108729,28.21,5.34,7.65,179.89,1.85,0.62,12.34,273.29
4356,"ELERU CANAL, NEAR PHARMA CITY,THADI (V),PARAVADA (M)",CANAL,ANDHRA PRADESH,2024-10-22,16.720398,81.108729,28.65,5.49,7.88,181.93,1.92,0.57,12.18,265.08
4356,"ELERU CANAL, NEAR PHARMA CITY,THADI (V),PARAVADA (M)",CANAL,ANDHRA PRADESH,2024-11-21,16.720398,81.108729,27.02,5.68,8.04,175.1,2.04,0.61,12.01,270.53
4370,"KRISHNA CANAL AT HANUMAN NAGAR, NEAR SAIBABA TEMPLE, ELURU",CANAL,ANDHRA PRADESH,2023-01-01,16.752674,81.02373,24.0,6.37,7.84,121.32,1.96,1.56,13.35,300.55
4370,"KRISHNA CANAL AT HANUMAN NAGAR, NEAR SAIBABA TEMPLE, ELURU",CANAL,ANDHRA PRADESH,2023-01-31,16.752674,81.02373,24.73,6.57,8.07,126.2,2.07,1.61,14.7,302.41
4370,"KRISHNA CANAL AT HANUMAN NAGAR, NEAR SAIBABA TEMPLE, ELURU",CANAL,ANDHRA PRADESH,2023-03-02,16.752674,81.02373,26.53,6.46,8.26,131.46,1.94,1.62,14.26,309.04
4370,"KRISHNA CANAL AT HANUMAN NAGAR, NEAR SAIBABA TEMPLE, ELURU",CANAL,ANDHRA PRADESH,2023-04-01,16.752674,81.02373,24.87,6.46,8.26,132.58,2.0,1.7,14.06,304.19
4370,"KRISHNA CANAL AT HANUMAN NAGAR, NEAR SAIBABA TEMPLE, ELURU",CANAL,ANDHRA PRADESH,2023-05-01,16.752674,81.02373,25.38,6.66,8.17,130.09,2.12,1.65,14.78,310.55
4370,"KRISHNA CANAL AT HANUMAN NAGAR, NEAR SAIBABA TEMPLE, ELURU",CANAL,ANDHRA PRADESH,2023-05-31,16.752674,81.02373,24.84,6.7,8.17,135.67,2.14,1.71,14.73,312.82
4370,"KRISHNA CANAL AT HANUMAN NAGAR, NEAR SAIBABA TEMPLE, ELURU",CANAL,ANDHRA PRADESH,2023-06-30,16.752674,81.02373,25.17,6.32,8.08,126.84,2.01,1.66,14.96,314.3
4370,"KRISHNA CANAL AT HANUMAN NAGAR, NEAR SAIBABA TEMPLE, ELURU",CANAL,ANDHRA PRADESH,2023-07-30,16.752674,81.02373,26.46,6.6,8.13,138.28,2.04,1.7,15.0,304.41
4370,"KRISHNA CANAL AT HANUMAN NAGAR, NEAR SAIBABA TEMPLE, ELURU",CANAL,ANDHRA PRADESH,2023-08-29,16.752674,81.02373,26.22,6.6,8.37,129.17,2.14,1.71,14.37,316.45
4370,"KRISHNA CANAL AT HANUMAN NAGAR, NEAR SAIBABA TEMPLE, ELURU",CANAL,ANDHRA PRADESH,2023-09-28,16.752674,81.02373,27.25,6.48,8.48,136.89,2.1,1.77,15.63,322.29
4370,"KRISHNA CANAL AT HANUMAN NAGAR, NEAR SAIBABA TEMPLE, ELURU",CANAL,ANDHRA PRADESH,2023-10-28,16.752674,81.02373,27.2,6.97,8.48,141.13,2.15,1.67,15.38,304.72
4370,"KRISHNA CANAL AT HANUMAN NAGAR, NEAR SAIBABA TEMPLE, ELURU",CANAL,ANDHRA PRADESH,2023-11-27,16.752674,81.02373,26.89,6.94,8.64,143.63,2.1,1.69,15.67,315.98
4370,"KRISHNA CANAL AT HANUMAN NAGAR, NEAR SAIBABA TEMPLE, ELURU",CANAL,ANDHRA PRADESH,2023-12-27,16.752674,81.02373,26.6,6.71,8.68,144.39,2.13,1.78,15.04,311.43
4370,"KRISHNA CANAL AT HANUMAN NAGAR, NEAR SAIBABA TEMPLE, ELURU",CANAL,ANDHRA PRADESH,2024-01-26,16.752674,81.02373,27.94,6.73,8.48,140.19,2.25,1.73,16.15,319.93
4370,"KRISHNA CANAL AT HANUMAN NAGAR, NEAR SAIBABA TEMPLE, ELURU",CANAL,ANDHRA PRADESH,2024-02-25,16.752674,81.02373,28.92,6.72,8.44,136.94,2.18,1.82,16.24,332.54
4370,"KRISHNA CANAL AT HANUMAN NAGAR, NEAR SAIBABA TEMPLE, ELURU",CANAL,ANDHRA PRADESH,2024-03-26,16.752674,81.02373,28.13,7.37,8.92,147.54,2.24,1.85,15.36,325.54
4370,"KRISHNA CANAL AT HANUMAN NAGAR, NEAR SAIBABA TEMPLE, ELURU",CANAL,ANDHRA PRADESH,2024-04-25,16.752674,81.02373,29.29,7.15,8.88,143.33,2.21,1.8,15.46,329.97
4370,"KRISHNA CANAL AT HANUMAN NAGAR, NEAR SAIBABA TEMPLE, ELURU",CANAL,ANDHRA PRADESH,2024-05-25,16.752674,81.02373,28.13,7.32,8.5,145.92,2.22,1.91,15.95,319.43
4370,"KRISHNA CANAL AT HANUMAN NAGAR, NEAR SAIBABA TEMPLE, ELURU",CANAL,ANDHRA PRADESH,2024-06-24,16.752674,81.02373,28.55,7.27,8.54,140.67,2.3,1.91,15.47,331.2
4370,"KRISHNA CANAL AT HANUMAN NAGAR, NEAR SAIBABA TEMPLE, ELURU",CANAL,ANDHRA PRADESH,2024-07-24,16.752674,81.02373,28.94,7.28,9.1,145.2,2.34,1.83,16.2,338.68
4370,"KRISHNA CANAL AT HANUMAN NAGAR, NEAR SAIBABA TEMPLE, ELURU",CANAL,ANDHRA PRADESH,2024-08-23,16.752674,81.02373,30.4,7.08,9.18,141.76,2.39,1.86,16.47,336.39
4370,"KRISHNA CANAL AT HANUMAN NAGAR, NEAR SAIBABA TEMPLE, ELURU",CANAL,ANDHRA PRADESH,2024-09-22,16.752674,81.02373,30.09,7.37,8.88,143.16,2.45,1.88,16.3,347.66
4370,"KRISHNA CANAL AT HANUMAN NAGAR, NEAR SAIBABA TEMPLE, ELURU",CANAL,ANDHRA PRADESH,2024-10-22,16.752674,81.02373,28.36,7.34,9.17,149.98,2.45,1.84,16.91,349.6
4370,"KRISHNA CANAL AT HANUMAN NAGAR, NEAR SAIBABA TEMPLE, ELURU",CANAL,ANDHRA PRADESH,2024-11-21,16.752674,81.02373,30.47,7.3,9.09,154.84,2.32,1.92,16.84,341.7
2354,"SAMARLA KOTA CANAL,SAMARLA KOTA (V & M)",CANAL,ANDHRA PRADESH,2023-01-01,17.042624,82.166873,27.16,5.4,7.06,151.39,3.78,1.55,17.98,558.88
2354,"SAMARLA KOTA CANAL,SAMARLA KOTA (V & M)",CANAL,ANDHRA PRADESH,2023-01-31,17.042624,82.166873,24.97,4.98,7.7,153.33,3.98,1.6,17.49,581.77
2354,"SAMARLA KOTA CANAL,SAMARLA KOTA (V & M)",CANAL,ANDHRA PRADESH,2023-03-02,17.042624,82.166873,25.27,5.12,7.1,155.48,3.95,1.56,18.15,596.88
2354,"SAMARLA KOTA CANAL,SAMARLA KOTA (V & M)",CANAL,ANDHRA PRADESH,2023-04-01,17.042624,82.166873,24.87,5.15,7.21,151.56,3.66,1.67,17.87,567.81
2354,"SAMARLA KOTA CANAL,SAMARLA KOTA (V & M)",CANAL,ANDHRA PRADESH,2023-05-01,17.042624,82.166873,26.5,5.15,7.15,149.88,3.8,1.59,16.69,582.28
2354,"SAMARLA KOTA CANAL,SAMARLA KOTA (V & M)",CANAL,ANDHRA PRADESH,2023-05-31,17.042624,82.166873,27.15,5.4,7.2,156.85,3.63,1.66,16.68,583.59
2354,"SAMARLA KOTA CANAL,SAMARLA KOTA (V & M)",CANAL,ANDHRA PRADESH,2023-06-30,17.042624,82.166873,25.88,5.18,7.59,156.22,3.86,1.6,17.12,555.7
2354,"SAMARLA KOTA CANAL,SAMARLA KOTA (V & M)",CANAL,ANDHRA PRADESH,2023-07-30,17.042624,82.166873,26.64,5.26,7.67,153.57,3.84,1.55,16.78,585.3
2354,"SAMARLA KOTA CANAL,SAMARLA KOTA (V & M)",CANAL,ANDHRA PRADESH,2023-08-29,17.042624,82.166873,26.18,5.1,7.22,159.09,3.93,1.63,17.14,562.12
2354,"SAMARLA KOTA CANAL,SAMARLA KOTA (V & M)",CANAL,ANDHRA PRADESH,2023-09-28,17.042624,82.166873,24.77,5.19,7.53,150.95,3.72,1.59,17.68,553.23
2354,"SAMARLA KOTA CANAL,SAMARLA KOTA (V & M)",CANAL,ANDHRA PRADESH,2023-10-28,17.042624,82.166873,25.94,5.26,7.32,146.98,3.77,1.56,17.33,569.6
2354,"SAMARLA KOTA CANAL,SAMARLA KOTA (V & M)",CANAL,ANDHRA PRADESH,2023-11-27,17.042624,82.166873,25.37,5.1,7.02,153.42,3.84,1.68,17.32,556.69
2354,"SAMARLA KOTA CANAL,SAMARLA KOTA (V & M)",CANAL,ANDHRA PRADESH,2023-12-27,17.042624,82.166873,25.35,5.02,7.57,151.45,3.84,1.53,18.14,581.82
2354,"SAMARLA KOTA CANAL,SAMARLA KOTA (V & M)",CANAL,ANDHRA PRADESH,2024-01-26,17.042624,82.166873,25.03,5.3,7.03,155.52,3.72,1.66,17.07,584.98
2354,"SAMARLA KOTA CANAL,SAMARLA KOTA (V & M)",CANAL,ANDHRA PRADESH,2024-02-25,17.042624,82.166873,24.86,5.03,7.7,145.11,3.69,1.68,17.81,582.91
2354,"SAMARLA KOTA CANAL,SAMARLA KOTA (V & M)",CANAL,ANDHRA PRADESH,2024-03-26,17.042624,82.166873,26.56,4.97,7.48,158.9,3.62,1.57,16.78,610.54
2354,"SAMARLA KOTA CANAL,SAMARLA KOTA (V & M)",CANAL,ANDHRA PRADESH,2024-04-25,17.042624,82.166873,25.49,5.16,7.27,160.03,3.83,1.66,17.93,558.64
2354,"SAMARLA KOTA CANAL,SAMARLA KOTA (V & M)",CANAL,ANDHRA PRADESH,2024-05-25,17.042624,82.166873,25.1,5.0,7.59,147.04,3.67,1.58,17.49,607.03
2354,"SAMARLA KOTA CANAL,SAMARLA KOTA (V & M)",CANAL,ANDHRA PRADESH,2024-06-24,17.042624,82.166873,26.11,5.45,7.49,152.37,3.62,1.6,17.76,583.78
2354,"SAMARLA KOTA CANAL,SAMARLA KOTA (V & M)",CANAL,ANDHRA PRADESH,2024-07-24,17.042624,82.166873,24.89,5.31,7.49,151.53,3.91,1.66,16.89,561.25
2354,"SAMARLA KOTA CANAL,SAMARLA KOTA (V & M)",CANAL,ANDHRA PRADESH,2024-08-23,17.042624,82.166873,25.64,4.96,7.59,148.62,3.92,1.67,17.08,590.62
2354,"SAMARLA KOTA CANAL,SAMARLA KOTA (V & M)",CANAL,ANDHRA PRADESH,2024-09-22,17.042624,82.166873,26.49,5.22,7.34,155.17,3.89,1.56,18.05,574.13
2354,"SAMARLA KOTA CANAL,SAMARLA KOTA (V & M)",CANAL,ANDHRA PRADESH,2024-10-22,17.042624,82.166873,24.76,5.22,7.45,151.08,3.67,1.53,17.55,564.42
2354,"SAMARLA KOTA CANAL,SAMARLA KOTA (V & M)",CANAL,ANDHRA PRADESH,2024-11-21,17.042624,82.166873,26.95,5.41,7.1,151.06,3.73,1.58,17.49,563.25
4374,"GOSTTA NADI- VELPURU CANAL AT HANUMAN TEMPLE, DOWNSTREAM OF TANUKU TOWN, TANUKU",CANAL,ANDHRA PRADESH,2023-01-01,16.709955,81.547483,26.92,5.67,7.45,119.18,3.0,4.28,7.16,180.25
4374,"GOSTTA NADI- VELPURU CANAL AT HANUMAN TEMPLE, DOWNSTREAM OF TANUKU TOWN, TANUKU",CANAL,ANDHRA PRADESH,2023-01-31,16.709955,81.547483,26.22,5.89,7.5,119.9,2.83,4.29,7.53,178.5
4374,"GOSTTA NADI- VELPURU CANAL AT HANUMAN TEMPLE, DOWNSTREAM OF TANUKU TOWN, TANUKU",CANAL,ANDHRA PRADESH,2023-03-02,16.709955,81.547483,25.84,5.99,7.79,119.28,3.03,4.47,7.83,177.8
4374,"GOSTTA NADI- VELPURU CANAL AT HANUMAN TEMPLE, DOWNSTREAM OF TANUKU TOWN, TANUKU",CANAL,ANDHRA PRADESH,2023-04-01,16.709955,81.547483,26.59,5.53,8.04,127.88,2.81,4.3,7.56,177.15
4374,"GOSTTA NADI- VELPURU CANAL AT HANUMAN TEMPLE, DOWNSTREAM OF TANUKU TOWN, TANUKU",CANAL,ANDHRA PRADESH,2023-05-01,16.709955,81.547483,25.87,5.97,8.09,120.89,2.9,4.58,7.64,183.09
4374,"GOSTTA NADI- VELPURU CANAL AT HANUMAN TEMPLE, DOWNSTREAM OF TANUKU TOWN, TANUKU",CANAL,ANDHRA PRADESH,2023-05-31,16.709955,81.547483,27.2,5.93,8.17,127.42,2.88,4.53,7.75,175.78
4374,"GOSTTA NADI- VELPURU CANAL AT HANUMAN TEMPLE, DOWNSTREAM OF TANUKU TOWN, TANUKU",CANAL,ANDHRA PRADESH,2023-06-30,16.709955,81.547483,27.01,5.95,7.79,126.11,2.88,4.44,7.48,177.03
4374,"GOSTTA NADI- VELPURU CANAL AT HANUMAN TEMPLE, DOWNSTREAM OF TANUKU TOWN, TANUKU",CANAL,ANDHRA PRADESH,2023-07-30,16.709955,81.547483,26.3,6.01,7.73,122.63,3.04,4.56,7.34,179.03
4374,"GOSTTA NADI- VELPURU CANAL AT HANUMAN TEMPLE, DOWNSTREAM OF TANUKU TOWN, TANUKU",CANAL,ANDHRA PRADESH,2023-08-29,16.709955,81.547483,27.0,5.99,8.08,125.08,2.95,4.24,7.77,182.52
4374,"GOSTTA NADI- VELPURU CANAL AT HANUMAN TEMPLE, DOWNSTREAM OF TANUKU TOWN, TANUKU",CANAL,ANDHRA PRADESH,2023-09-28,16.709955,81.547483,25.38,5.83,7.68,123.11,3.01,4.35,7.21,185.6
4374,"GOSTTA NADI- VELPURU CANAL AT HANUMAN TEMPLE, DOWNSTREAM OF TANUKU TOWN, TANUKU",CANAL,ANDHRA PRADESH,2023-10-28,16.709955,81.547483,24.72,5.67,8.18,129.56,2.88,4.4,7.2,181.76
4374,"GOSTTA NADI- VELPURU CANAL AT HANUMAN TEMPLE, DOWNSTREAM OF TANUKU TOWN, TANUKU",CANAL,ANDHRA PRADESH,2023-11-27,16.709955,81.547483,25.07,5.67,7.75,127.3,2.84,4.54,7.33,179.28
4374,"GOSTTA NADI- VELPURU CANAL AT HANUMAN TEMPLE, DOWNSTREAM OF TANUKU TOWN, TANUKU",CANAL,ANDHRA PRADESH,2023-12-27,16.709955,81.547483,25.72,5.93,8.05,130.06,2.97,4.58,7.64,187.67
4374,"GOSTTA NADI- VELPURU CANAL AT HANUMAN TEMPLE, DOWNSTREAM OF TANUKU TOWN, TANUKU",CANAL,ANDHRA PRADESH,2024-01-26,16.709955,81.547483,24.93,5.65,7.55,130.23,2.79,4.33,7.4,175.41
4374,"GOSTTA NADI- VELPURU CANAL AT HANUMAN TEMPLE, DOWNSTREAM OF TANUKU TOWN, TANUKU",CANAL,ANDHRA PRADESH,2024-02-25,16.709955,81.547483,26.44,5.48,7.72,121.72,3.04,4.23,7.69,185.38
4374,"GOSTTA NADI- VELPURU CANAL AT HANUMAN TEMPLE, DOWNSTREAM OF TANUKU TOWN, TANUKU",CANAL,ANDHRA PRADESH,2024-03-26,16.709955,81.547483,26.22,5.92,7.58,126.59,2.91,4.35,7.54,188.51
4374,"GOSTTA NADI- VELPURU CANAL AT HANUMAN TEMPLE, DOWNSTREAM OF TANUKU TOWN, TANUKU",CANAL,ANDHRA PRADESH,2024-04-25,16.709955,81.547483,26.59,5.93,7.69,124.04,3.01,4.61,7.58,185.75
4374,"GOSTTA NADI- VELPURU CANAL AT HANUMAN TEMPLE, DOWNSTREAM OF TANUKU TOWN, TANUKU",CANAL,ANDHRA PRADESH,2024-05-25,16.709955,81.547483,25.22,5.75,7.51,118.97,3.0,4.64,7.82,173.97
4374,"GOSTTA NADI- VELPURU CANAL AT HANUMAN TEMPLE, DOWNSTREAM OF TANUKU TOWN, TANUKU",CANAL,ANDHRA PRADESH,2024-06-24,16.709955,81.547483,27.0,6.03,7.78,119.34,2.9,4.3,7.75,172.73
4374,"GOSTTA NADI- VELPURU CANAL AT HANUMAN TEMPLE, DOWNSTREAM OF TANUKU TOWN, TANUKU",CANAL,ANDHRA PRADESH,2024-07-24,16.709955,81.547483,26.68,5.94,7.82,123.18,2.81,4.43,7.74,172.77
4374,"GOSTTA NADI- VELPURU CANAL AT HANUMAN TEMPLE, DOWNSTREAM OF TANUKU TOWN, TANUKU",CANAL,ANDHRA PRADESH,2024-08-23,16.709955,81.547483,25.02,5.61,7.47,130.48,2.94,4.62,7.21,181.92
4374,"GOSTTA NADI- VELPURU CANAL AT HANUMAN TEMPLE, DOWNSTREAM OF TANUKU TOWN, TANUKU",CANAL,ANDHRA PRADESH,2024-09-22,16.709955,81.547483,24.72,5.58,7.42,122.09,2.91,4.43,7.14,188.8
4374,"GOSTTA NADI- VELPURU CANAL AT HANUMAN TEMPLE, DOWNSTREAM OF TANUKU TOWN, TANUKU",CANAL,ANDHRA PRADESH,2024-10-22,16.709955,81.547483,26.83,5.65,7.81,123.79,2.78,4.63,7.24,172.0
4374,"GOSTTA NADI- VELPURU CANAL AT HANUMAN TEMPLE, DOWNSTREAM OF TANUKU TOWN, TANUKU",CANAL,ANDHRA PRADESH,2024-11-21,16.709955,81.547483,25.36,5.6,8.07,124.81,2.99,4.33,7.59,179.35
2057,"AGRA CANAL, MADANPUR KHADAR, DELHI",CANAL,DELHI,2023-01-01,28.546369,77.312597,,0.93,7.51,,38.67,,235703.93,
2057,"AGRA CANAL, MADANPUR KHADAR, DELHI",CANAL,DELHI,2023-01-31,28.546369,77.312597,,0.91,7.45,,37.98,,237721.98,
2057,"AGRA CANAL, MADANPUR KHADAR, DELHI",CANAL,DELHI,2023-03-02,28.546369,77.312597,,0.91,7.42,,40.61,,237349.15,
2057,"AGRA CANAL, MADANPUR KHADAR, DELHI",CANAL,DELHI,2023-04-01,28.546369,77.312597,,0.89,7.56,,38.29,,227255.26,
2057,"AGRA CANAL, MADANPUR KHADAR, DELHI",CANAL,DELHI,2023-05-01,28.546369,77.312597,,0.95,7.54,,40.06,,233967.67,
2057,"AGRA CANAL, MADANPUR KHADAR, DELHI",CANAL,DELHI,2023-05-31,28.546369,77.312597,,0.91,7.4,,40.35,,225747.06,
2057,"AGRA CANAL, MADANPUR KHADAR, DELHI",CANAL,DELHI,2023-06-30,28.546369,77.312597,,0.92,7.54,,42.29,,241578.79,
2057,"AGRA CANAL, MADANPUR KHADAR, DELHI",CANAL,DELHI,2023-07-30,28.546369,77.312597,,0.95,7.95,,41.14,,234272.68,
2057,"AGRA CANAL, MADANPUR KHADAR, DELHI",CANAL,DELHI,2023-08-29,28.546369,77.312597,,0.95,8.01,,42.45,,246419.15,
2057,"AGRA CANAL, MADANPUR KHADAR, DELHI",CANAL,DELHI,2023-09-28,28.546369,77.312597,,1.01,7.59,,41.59,,244737.68,
2057,"AGRA CANAL, MADANPUR KHADAR, DELHI",CANAL,DELHI,2023-10-28,28.546369,77.312597,,0.95,8.26,,41.9,,236090.5,
2057,"AGRA CANAL, MADANPUR KHADAR, DELHI",CANAL,DELHI,2023-11-27,28.546369,77.312597,,1.0,7.76,,42.85,,254183.02,
2057,"AGRA CANAL, MADANPUR KHADAR, DELHI",CANAL,DELHI,2023-12-27,28.546369,77.312597,,0.99,7.69,,43.42,,240971.44,
2057,"AGRA CANAL, MADANPUR KHADAR, DELHI",CANAL,DELHI,2024-01-26,28.546369,77.312597,,0.99,7.81,,44.72,,244073.62,
2057,"AGRA CANAL, MADANPUR KHADAR, DELHI",CANAL,DELHI,2024-02-25,28.546369,77.312597,,1.03,8.45,,44.04,,260586.76,
2057,"AGRA CANAL, MADANPUR KHADAR, DELHI",CANAL,DELHI,2024-03-26,28.546369,77.312597,,1.04,8.58,,45.64,,258582.47,
2057,"AGRA CANAL, MADANPUR KHADAR, DELHI",CANAL,DELHI,2024-04-25,28.546369,77.312597,,1.05,8.28,,45.42,,248719.29,
2057,"AGRA CANAL, MADANPUR KHADAR, DELHI",CANAL,DELHI,2024-05-25,28.546369,77.312597,,1.01,8.04,,44.99,,248543.58,
2057,"AGRA CANAL, MADANPUR KHADAR, DELHI",CANAL,DELHI,2024-06-24,28.546369,77.312597,,1.02,8.45,,45.16,,248689.63,
2057,"AGRA CANAL, MADANPUR KHADAR, DELHI",CANAL,DELHI,2024-07-24,28.546369,77.312597,,1.05,8.71,,44.42,,250334.63,
2057,"AGRA CANAL, MADANPUR KHADAR, DELHI",CANAL,DELHI,2024-08-23,28.546369,77.312597,,1.01,8.25,,44.96,,254939.94,
2057,"AGRA CANAL, MADANPUR KHADAR, DELHI",CANAL,DELHI,2024-09-22,28.546369,77.312597,,1.05,8.81,,45.4,,271960.76,
2057,"AGRA CANAL, MADANPUR KHADAR, DELHI",CANAL,DELHI,2024-10-22,28.546369,77.312597,,1.04,8.5,,46.84,,260975.4,
2057,"AGRA CANAL, MADANPUR KHADAR, DELHI",CANAL,DELHI,2024-11-21,28.546369,77.312597,,1.07,8.65,,47.1,,267991.01,
1479,"WESTERN YAMUNA CANAL AT HAIDERPUR WATER WORKS, DELHI",CANAL,DELHI,2023-01-01,28.72121,77.139675,,,7.2,,,0.44,,
1479,"WESTERN YAMUNA CANAL AT HAIDERPUR WATER WORKS, DELHI",CANAL,DELHI,2023-01-31,28.72121,77.139675,,,7.08,,,0.43,,
1479,"WESTERN YAMUNA CANAL AT HAIDERPUR WATER WORKS, DELHI",CANAL,DELHI,2023-03-02,28.72121,77.139675,,,7.2,,,0.42,,
1479,"WESTERN YAMUNA CANAL AT HAIDERPUR WATER WORKS, DELHI",CANAL,DELHI,2023-04-01,28.72121,77.139675,,,7.59,,,0.42,,
1479,"WESTERN YAMUNA CANAL AT HAIDERPUR WATER WORKS, DELHI",CANAL,DELHI,2023-05-01,28.72121,77.139675,,,6.93,,,0.43,,
1479,"WESTERN YAMUNA CANAL AT HAIDERPUR WATER WORKS, DELHI",CANAL,DELHI,2023-05-31,28.72121,77.139675,,,7.27,,,0.42,,
1479,"WESTERN YAMUNA CANAL AT HAIDERPUR WATER WORKS, DELHI",CANAL,DELHI,2023-06-30,28.72121,77.139675,,,6.74,,,0.43,,
1479,"WESTERN YAMUNA CANAL AT HAIDERPUR WATER WORKS, DELHI",CANAL,DELHI,2023-07-30,28.72121,77.139675,,,6.83,,,0.43,,
1479,"WESTERN YAMUNA CANAL AT HAIDERPUR WATER WORKS, DELHI",CANAL,DELHI,2023-08-29,28.72121,77.139675,,,6.7,,,0.43,,
1479,"WESTERN YAMUNA CANAL AT HAIDERPUR WATER WORKS, DELHI",CANAL,DELHI,2023-09-28,28.72121,77.139675,,,6.9,,,0.41,,
1479,"WESTERN YAMUNA CANAL AT HAIDERPUR WATER WORKS, DELHI",CANAL,DELHI,2023-10-28,28.72121,77.139675,,,6.86,,,0.42,,
1479,"WESTERN YAMUNA CANAL AT HAIDERPUR WATER WORKS, DELHI",CANAL,DELHI,2023-11-27,28.72121,77.139675,,,6.62,,,0.39,,
1479,"WESTERN YAMUNA CANAL AT HAIDERPUR WATER WORKS, DELHI",CANAL,DELHI,2023-12-27,28.72121,77.139675,,,6.59,,,0.41,,
1479,"WESTERN YAMUNA CANAL AT HAIDERPUR WATER WORKS, DELHI",CANAL,DELHI,2024-01-26,28.72121,77.139675,,,6.98,,,0.38,,
1479,"WESTERN YAMUNA CANAL AT HAIDERPUR WATER WORKS, DELHI",CANAL,DELHI,2024-02-25,28.72121,77.139675,,,6.39,,,0.4,,
1479,"WESTERN YAMUNA CANAL AT HAIDERPUR WATER WORKS, DELHI",CANAL,DELHI,2024-03-26,28.72121,77.139675,,,6.59,,,0.39,,
1479,"WESTERN YAMUNA CANAL AT HAIDERPUR WATER WORKS, DELHI",CANAL,DELHI,2024-04-25,28.72121,77.139675,,,6.66,,,0.38,,
1479,"WESTERN YAMUNA CANAL AT HAIDERPUR WATER WORKS, DELHI",CANAL,DELHI,2024-05-25,28.72121,77.139675,,,6.59,,,0.39,,
1479,"WESTERN YAMUNA CANAL AT HAIDERPUR WATER WORKS, DELHI",CANAL,DELHI,2024-06-24,28.72121,77.139675,,,6.15,,,0.4,,
1479,"WESTERN YAMUNA CANAL AT HAIDERPUR WATER WORKS, DELHI",CANAL,DELHI,2024-07-24,28.72121,77.139675,,,6.15,,,0.36,,
1479,"WESTERN YAMUNA CANAL AT HAIDERPUR WATER WORKS, DELHI",CANAL,DELHI,2024-08-23,28.72121,77.139675,,,6.49,,,0.38,,
1479,"WESTERN YAMUNA CANAL AT HAIDERPUR WATER WORKS, DELHI",CANAL,DELHI,2024-09-22,28.72121,77.139675,,,6.29,,,0.37,,
1479,"WESTERN YAMUNA CANAL AT HAIDERPUR WATER WORKS, DELHI",CANAL,DELHI,2024-10-22,28.72121,77.139675,,,5.89,,,0.37,,
1479,"WESTERN YAMUNA CANAL AT HAIDERPUR WATER WORKS, DELHI",CANAL,DELHI,2024-11-21,28.72121,77.139675,,,6.12,,,0.38,,
2265,"CANAL UP STREAM OF CUNCOLIM INDL.EST. CUNCOLIM, SALCETE (1 KM FROM M/S NICOMENT INDUSTRIES)",CANAL,GOA,2023-01-01,15.182391,73.990575,29.5,6.04,6.32,693.03,1.37,0.56,1647.08,5280.56
2265,"CANAL UP STREAM OF CUNCOLIM INDL.EST. CUNCOLIM, SALCETE (1 KM FROM M/S NICOMENT INDUSTRIES)",CANAL,GOA,2023-01-31,15.182391,73.990575,29.64,6.17,6.31,706.11,1.36,0.57,1634.01,5427.62
2265,"CANAL UP STREAM OF CUNCOLIM INDL.EST. CUNCOLIM, SALCETE (1 KM FROM M/S NICOMENT INDUSTRIES)",CANAL,GOA,2023-03-02,15.182391,73.990575,28.08,6.5,6.88,717.75,1.34,0.53,1601.43,5348.62
2265,"CANAL UP STREAM OF CUNCOLIM INDL.EST. CUNCOLIM, SALCETE (1 KM FROM M/S NICOMENT INDUSTRIES)",CANAL,GOA,2023-04-01,15.182391,73.990575,29.33,6.08,6.57,721.4,1.37,0.58,1688.27,5424.46
2265,"CANAL UP STREAM OF CUNCOLIM INDL.EST. CUNCOLIM, SALCETE (1 KM FROM M/S NICOMENT INDUSTRIES)",CANAL,GOA,2023-05-01,15.182391,73.990575,31.0,6.2,6.55,766.07,1.43,0.57,1710.93,5726.49
2265,"CANAL UP STREAM OF CUNCOLIM INDL.EST. CUNCOLIM, SALCETE (1 KM FROM M/S NICOMENT INDUSTRIES)",CANAL,GOA,2023-05-31,15.182391,73.990575,30.8,6.59,7.03,777.66,1.38,0.56,1702.3,5521.44
2265,"CANAL UP STREAM OF CUNCOLIM INDL.EST. CUNCOLIM, SALCETE (1 KM FROM M/S NICOMENT INDUSTRIES)",CANAL,GOA,2023-06-30,15.182391,73.990575,31.71,6.28,6.82,777.03,1.4,0.58,1699.37,5363.27
2265,"CANAL UP STREAM OF CUNCOLIM INDL.EST. CUNCOLIM, SALCETE (1 KM FROM M/S NICOMENT INDUSTRIES)",CANAL,GOA,2023-07-30,15.182391,73.990575,31.45,6.44,7.09,763.07,1.47,0.59,1752.37,5504.9
2265,"CANAL UP STREAM OF CUNCOLIM INDL.EST. CUNCOLIM, SALCETE (1 KM FROM M/S NICOMENT INDUSTRIES)",CANAL,GOA,2023-08-29,15.182391,73.990575,31.44,6.55,6.95,768.61,1.43,0.59,1696.09,5620.37
2265,"CANAL UP STREAM OF CUNCOLIM INDL.EST. CUNCOLIM, SALCETE (1 KM FROM M/S NICOMENT INDUSTRIES)",CANAL,GOA,2023-09-28,15.182391,73.990575,30.56,6.9,6.75,773.06,1.45,0.6,1706.82,5589.04
2265,"CANAL UP STREAM OF CUNCOLIM INDL.EST. CUNCOLIM, SALCETE (1 KM FROM M/S NICOMENT INDUSTRIES)",CANAL,GOA,2023-10-28,15.182391,73.990575,31.39,6.6,6.86,775.06,1.47,0.61,1784.59,5659.65
2265,"CANAL UP STREAM OF CUNCOLIM INDL.EST. CUNCOLIM, SALCETE (1 KM FROM M/S NICOMENT INDUSTRIES)",CANAL,GOA,2023-11-27,15.182391,73.990575,31.3,6.77,7.05,800.53,1.41,0.62,1835.62,5604.05
2265,"CANAL UP STREAM OF CUNCOLIM INDL.EST. CUNCOLIM, SALCETE (1 KM FROM M/S NICOMENT INDUSTRIES)",CANAL,GOA,2023-12-27,15.182391,73.990575,32.14,6.64,7.31,797.5,1.5,0.62,1762.53,5646.96
2265,"CANAL UP STREAM OF CUNCOLIM INDL.EST. CUNCOLIM, SALCETE (1 KM FROM M/S NICOMENT INDUSTRIES)",CANAL,GOA,2024-01-26,15.182391,73.990575,31.67,7.02,7.0,770.17,1.56,0.61,1864.54,5747.01
2265,"CANAL UP STREAM OF CUNCOLIM INDL.EST. CUNCOLIM, SALCETE (1 KM FROM M/S NICOMENT INDUSTRIES)",CANAL,GOA,2024-02-25,15.182391,73.990575,33.57,6.63,7.02,806.11,1.48,0.61,1892.65,6116.3
2265,"CANAL UP STREAM OF CUNCOLIM INDL.EST. CUNCOLIM, SALCETE (1 KM FROM M/S NICOMENT INDUSTRIES)",CANAL,GOA,2024-03-26,15.182391,73.990575,31.73,7.1,7.41,795.03,1.45,0.62,1830.45,6075.39
2265,"CANAL UP STREAM OF CUNCOLIM INDL.EST. CUNCOLIM, SALCETE (1 KM FROM M/S NICOMENT INDUSTRIES)",CANAL,GOA,2024-04-25,15.182391,73.990575,32.4,6.83,7.52,790.92,1.46,0.64,1817.89,5964.11
2265,"CANAL UP STREAM OF CUNCOLIM INDL.EST. CUNCOLIM, SALCETE (1 KM FROM M/S NICOMENT INDUSTRIES)",CANAL,GOA,2024-05-25,15.182391,73.990575,32.26,6.98,7.56,827.84,1.49,0.63,1811.68,5975.48
2265,"CANAL UP STREAM OF CUNCOLIM INDL.EST. CUNCOLIM, SALCETE (1 KM FROM M/S NICOMENT INDUSTRIES)",CANAL,GOA,2024-06-24,15.182391,73.990575,33.62,7.03,7.22,842.29,1.52,0.62,1822.86,5843.19
2265,"CANAL UP STREAM OF CUNCOLIM INDL.EST. CUNCOLIM, SALCETE (1 KM FROM M/S NICOMENT INDUSTRIES)",CANAL,GOA,2024-07-24,15.182391,73.990575,33.7,7.15,7.72,841.63,1.55,0.65,1988.83,6090.79
2265,"CANAL UP STREAM OF CUNCOLIM INDL.EST. CUNCOLIM, SALCETE (1 KM FROM M/S NICOMENT INDUSTRIES)",CANAL,GOA,2024-08-23,15.182391,73.990575,34.57,7.3,7.65,865.66,1.51,0.65,1988.03,6402.26
2265,"CANAL UP STREAM OF CUNCOLIM INDL.EST. CUNCOLIM, SALCETE (1 KM FROM M/S NICOMENT INDUSTRIES)",CANAL,GOA,2024-09-22,15.182391,73.990575,33.92,7.48,7.69,835.01,1.63,0.63,1895.69,6163.79
2265,"CANAL UP STREAM OF CUNCOLIM INDL.EST. CUNCOLIM, SALCETE (1 KM FROM M/S NICOMENT INDUSTRIES)",CANAL,GOA,2024-10-22,15.182391,73.990575,34.67,7.34,7.39,879.15,1.55,0.66,1948.33,6508.3
2265,"CANAL UP STREAM OF CUNCOLIM INDL.EST. CUNCOLIM, SALCETE (1 KM FROM M/S NICOMENT INDUSTRIES)",CANAL,GOA,2024-11-21,15.182391,73.990575,34.3,7.7,7.88,852.34,1.64,0.68,1995.29,6530.67
2266,"CANAL DOWNSTREAM OF CUNCOLIM INDL.EST. CUNCOLIM, SALCETE (NEAR RAILWAY BRIDGE)",CANAL,GOA,2023-01-01,15.16806,74.010058,27.43,6.6,6.44,221.45,1.46,0.91,1493.53,4047.51
2266,"CANAL DOWNSTREAM OF CUNCOLIM INDL.EST. CUNCOLIM, SALCETE (NEAR RAILWAY BRIDGE)",CANAL,GOA,2023-01-31,15.16806,74.010058,29.18,6.27,6.9,223.94,1.5,0.97,1468.71,4218.73
2266,"CANAL DOWNSTREAM OF CUNCOLIM INDL.EST. CUNCOLIM, SALCETE (NEAR RAILWAY BRIDGE)",CANAL,GOA,2023-03-02,15.16806,74.010058,28.02,6.49,6.53,212.29,1.44,0.98,1434.59,3949.75
2266,"CANAL DOWNSTREAM OF CUNCOLIM INDL.EST. CUNCOLIM, SALCETE (NEAR RAILWAY BRIDGE)",CANAL,GOA,2023-04-01,15.16806,74.010058,27.42,6.04,6.91,221.71,1.44,0.99,1449.96,4235.18
2266,"CANAL DOWNSTREAM OF CUNCOLIM INDL.EST. CUNCOLIM, SALCETE (NEAR RAILWAY BRIDGE)",CANAL,GOA,2023-05-01,15.16806,74.010058,27.1,6.02,6.68,218.09,1.54,0.95,1495.27,3991.56
2266,"CANAL DOWNSTREAM OF CUNCOLIM INDL.EST. CUNCOLIM, SALCETE (NEAR RAILWAY BRIDGE)",CANAL,GOA,2023-05-31,15.16806,74.010058,27.88,6.53,6.32,210.03,1.57,0.99,1498.95,4199.92
2266,"CANAL DOWNSTREAM OF CUNCOLIM INDL.EST. CUNCOLIM, SALCETE (NEAR RAILWAY BRIDGE)",CANAL,GOA,2023-06-30,15.16806,74.010058,27.32,6.33,6.59,208.69,1.57,0.91,1474.47,3993.27
2266,"CANAL DOWNSTREAM OF CUNCOLIM INDL.EST. CUNCOLIM, SALCETE (NEAR RAILWAY BRIDGE)",CANAL,GOA,2023-07-30,15.16806,74.010058,27.69,6.42,6.57,211.28,1.51,0.96,1432.7,4290.6
2266,"CANAL DOWNSTREAM OF CUNCOLIM INDL.EST. CUNCOLIM, SALCETE (NEAR RAILWAY BRIDGE)",CANAL,GOA,2023-08-29,15.16806,74.010058,28.39,6.17,6.88,217.01,1.55,0.97,1437.53,4283.4
2266,"CANAL DOWNSTREAM OF CUNCOLIM INDL.EST. CUNCOLIM, SALCETE (NEAR RAILWAY BRIDGE)",CANAL,GOA,2023-09-28,15.16806,74.010058,28.98,6.02,6.96,205.5,1.57,0.99,1486.35,4295.21
2266,"CANAL DOWNSTREAM OF CUNCOLIM INDL.EST. CUNCOLIM, SALCETE (NEAR RAILWAY BRIDGE)",CANAL,GOA,2023-10-28,15.16806,74.010058,28.73,6.33,6.58,223.84,1.43,0.96,1519.95,4079.81
2266,"CANAL DOWNSTREAM OF CUNCOLIM INDL.EST. CUNCOLIM, SALCETE (NEAR RAILWAY BRIDGE)",CANAL,GOA,2023-11-27,15.16806,74.010058,29.49,6.31,6.79,216.96,1.53,0.92,1516.8,4013.97
2266,"CANAL DOWNSTREAM OF CUNCOLIM INDL.EST. CUNCOLIM, SALCETE (NEAR RAILWAY BRIDGE)",CANAL,GOA,2023-12-27,15.16806,74.010058,27.74,6.31,6.93,205.98,1.44,0.94,1496.3,4282.22
2266,"CANAL DOWNSTREAM OF CUNCOLIM INDL.EST. CUNCOLIM, SALCETE (NEAR RAILWAY BRIDGE)",CANAL,GOA,2024-01-26,15.16806,74.010058,27.64,6.36,6.45,215.56,1.54,0.98,1502.37,4323.67
2266,"CANAL DOWNSTREAM OF CUNCOLIM INDL.EST. CUNCOLIM, SALCETE (NEAR RAILWAY BRIDGE)",CANAL,GOA,2024-02-25,15.16806,74.010058,28.09,6.47,6.39,210.94,1.46,0.96,1509.06,4209.34
2266,"CANAL DOWNSTREAM OF CUNCOLIM INDL.EST. CUNCOLIM, SALCETE (NEAR RAILWAY BRIDGE)",CANAL,GOA,2024-03-26,15.16806,74.010058,29.92,6.45,6.38,222.07,1.57,0.93,1438.38,4308.01
2266,"CANAL DOWNSTREAM OF CUNCOLIM INDL.EST. CUNCOLIM, SALCETE (NEAR RAILWAY BRIDGE)",CANAL,GOA,2024-04-25,15.16806,74.010058,29.53,6.36,6.67,207.99,1.47,0.96,1418.76,4340.16
2266,"CANAL DOWNSTREAM OF CUNCOLIM INDL.EST. CUNCOLIM, SALCETE (NEAR RAILWAY BRIDGE)",CANAL,GOA,2024-05-25,15.16806,74.010058,28.24,6.24,6.6,216.37,1.5,0.98,1421.86,4124.02
2266,"CANAL DOWNSTREAM OF CUNCOLIM INDL.EST. CUNCOLIM, SALCETE (NEAR RAILWAY BRIDGE)",CANAL,GOA,2024-06-24,15.16806,74.010058,29.3,6.01,6.98,220.2,1.51,0.98,1443.94,4133.06
2266,"CANAL DOWNSTREAM OF CUNCOLIM INDL.EST. CUNCOLIM, SALCETE (NEAR RAILWAY BRIDGE)",CANAL,GOA,2024-07-24,15.16806,74.010058,29.27,6.59,6.63,223.67,1.48,0.91,1408.7,4137.76
2266,"CANAL DOWNSTREAM OF CUNCOLIM INDL.EST. CUNCOLIM, SALCETE (NEAR RAILWAY BRIDGE)",CANAL,GOA,2024-08-23,15.16806,74.010058,27.96,6.36,6.7,213.49,1.44,0.93,1466.96,4026.73
2266,"CANAL DOWNSTREAM OF CUNCOLIM INDL.EST. CUNCOLIM, SALCETE (NEAR RAILWAY BRIDGE)",CANAL,GOA,2024-09-22,15.16806,74.010058,29.64,6.19,6.71,223.17,1.51,0.98,1386.89,4141.4
2266,"CANAL DOWNSTREAM OF CUNCOLIM INDL.EST. CUNCOLIM, SALCETE (NEAR RAILWAY BRIDGE)",CANAL,GOA,2024-10-22,15.16806,74.010058,27.75,6.28,6.83,216.24,1.56,0.94,1433.09,3957.85
2266,"CANAL DOWNSTREAM OF CUNCOLIM INDL.EST. CUNCOLIM, SALCETE (NEAR RAILWAY BRIDGE)",CANAL,GOA,2024-11-21,15.16806,74.010058,29.13,6.6,6.64,206.76,1.49,0.91,1394.36,4227.03
2268,CUMBARJUA CANAL CORLIM(DISCHARGE POINT OF SYNGENTA LIMITED),CANAL,GOA,2023-01-01,15.502818,73.949118,27.67,5.71,7.21,601.6,1.54,0.47,1444.64,2259.72
2268,CUMBARJUA CANAL CORLIM(DISCHARGE POINT OF SYNGENTA LIMITED),CANAL,GOA,2023-01-31,15.502818,73.949118,26.91,5.75,7.38,597.6,1.51,0.46,1377.38,2252.95
2268,CUMBARJUA CANAL CORLIM(DISCHARGE POINT OF SYNGENTA LIMITED),CANAL,GOA,2023-03-02,15.502818,73.949118,29.35,5.76,7.35,602.8,1.56,0.45,1364.62,2270.23
2268,CUMBARJUA CANAL CORLIM(DISCHARGE POINT OF SYNGENTA LIMITED),CANAL,GOA,2023-04-01,15.502818,73.949118,27.25,5.94,7.44,632.69,1.49,0.43,1370.81,2296.12
2268,CUMBARJUA CANAL CORLIM(DISCHARGE POINT OF SYNGENTA LIMITED),CANAL,GOA,2023-05-01,15.502818,73.949118,26.78,5.76,7.38,606.94,1.54,0.44,1446.27,2266.41
2268,CUMBARJUA CANAL CORLIM(DISCHARGE POINT OF SYNGENTA LIMITED),CANAL,GOA,2023-05-31,15.502818,73.949118,26.63,5.56,7.34,645.18,1.43,0.47,1392.28,2286.49
2268,CUMBARJUA CANAL CORLIM(DISCHARGE POINT OF SYNGENTA LIMITED),CANAL,GOA,2023-06-30,15.502818,73.949118,27.74,6.13,7.36,610.42,1.5,0.45,1408.79,2131.88
2268,CUMBARJUA CANAL CORLIM(DISCHARGE POINT OF SYNGENTA LIMITED),CANAL,GOA,2023-07-30,15.502818,73.949118,29.19,5.65,7.61,642.57,1.53,0.46,1464.73,2271.04
2268,CUMBARJUA CANAL CORLIM(DISCHARGE POINT OF SYNGENTA LIMITED),CANAL,GOA,2023-08-29,15.502818,73.949118,28.68,5.61,7.08,658.44,1.55,0.45,1373.78,2207.8
2268,CUMBARJUA CANAL CORLIM(DISCHARGE POINT OF SYNGENTA LIMITED),CANAL,GOA,2023-09-28,15.502818,73.949118,28.58,5.63,7.54,629.78,1.48,0.47,1407.28,2119.46
2268,CUMBARJUA CANAL CORLIM(DISCHARGE POINT OF SYNGENTA LIMITED),CANAL,GOA,2023-10-28,15.502818,73.949118,27.15,6.04,6.92,654.94,1.56,0.46,1437.24,2265.4
2268,CUMBARJUA CANAL CORLIM(DISCHARGE POINT OF SYNGENTA LIMITED),CANAL,GOA,2023-11-27,15.502818,73.949118,26.66,6.08,7.5,630.32,1.48,0.47,1436.35,2236.92
2268,CUMBARJUA CANAL CORLIM(DISCHARGE POINT OF SYNGENTA LIMITED),CANAL,GOA,2023-12-27,15.502818,73.949118,28.29,5.58,7.5,641.28,1.5,0.46,1376.95,2228.5
2268,CUMBARJUA CANAL CORLIM(DISCHARGE POINT OF SYNGENTA LIMITED),CANAL,GOA,2024-01-26,15.502818,73.949118,27.15,5.96,6.98,621.26,1.52,0.43,1488.3,2212.44
2268,CUMBARJUA CANAL CORLIM(DISCHARGE POINT OF SYNGENTA LIMITED),CANAL,GOA,2024-02-25,15.502818,73.949118,28.89,5.6,7.32,605.76,1.47,0.44,1353.43,2201.87
2268,CUMBARJUA CANAL CORLIM(DISCHARGE POINT OF SYNGENTA LIMITED),CANAL,GOA,2024-03-26,15.502818,73.949118,28.98,5.76,6.95,647.16,1.48,0.46,1482.43,2249.69
2268,CUMBARJUA CANAL CORLIM(DISCHARGE POINT OF SYNGENTA LIMITED),CANAL,GOA,2024-04-25,15.502818,73.949118,27.66,5.99,7.35,644.95,1.48,0.45,1459.71,2211.39
2268,CUMBARJUA CANAL CORLIM(DISCHARGE POINT OF SYNGENTA LIMITED),CANAL,GOA,2024-05-25,15.502818,73.949118,28.98,6.03,7.41,630.22,1.57,0.45,1426.03,2104.67
2268,CUMBARJUA CANAL CORLIM(DISCHARGE POINT OF SYNGENTA LIMITED),CANAL,GOA,2024-06-24,15.502818,73.949118,27.68,5.82,7.37,648.33,1.44,0.45,1485.91,2229.2
2268,CUMBARJUA CANAL CORLIM(DISCHARGE POINT OF SYNGENTA LIMITED),CANAL,GOA,2024-07-24,15.502818,73.949118,27.45,5.9,7.14,627.21,1.44,0.43,1467.16,2318.1
2268,CUMBARJUA CANAL CORLIM(DISCHARGE POINT OF SYNGENTA LIMITED),CANAL,GOA,2024-08-23,15.502818,73.949118,29.27,5.81,7.18,627.54,1.54,0.45,1349.9,2253.16
2268,CUMBARJUA CANAL CORLIM(DISCHARGE POINT OF SYNGENTA LIMITED),CANAL,GOA,2024-09-22,15.502818,73.949118,27.66,6.06,7.46,600.84,1.46,0.44,1376.51,2135.47
2268,CUMBARJUA CANAL CORLIM(DISCHARGE POINT OF SYNGENTA LIMITED),CANAL,GOA,2024-10-22,15.502818,73.949118,28.92,6.09,7.55,632.73,1.57,0.45,1424.73,2238.53
2268,CUMBARJUA CANAL CORLIM(DISCHARGE POINT OF SYNGENTA LIMITED),CANAL,GOA,2024-11-21,15.502818,73.949118,28.15,5.69,7.12,648.45,1.47,0.47,1434.2,2312.61
2073,"NARMADA MAIN CANAL, NR. VILLAGE. LIMBADIA, DIST. GANDHINAGAR,NARMADA CANAL AT LIMBADIYA",CANAL,GUJARAT,2023-01-01,23.134936,72.611525,29.49,5.99,8.14,112.88,1.2,0.79,2.02,11.97
2073,"NARMADA MAIN CANAL, NR. VILLAGE. LIMBADIA, DIST. GANDHINAGAR,NARMADA CANAL AT LIMBADIYA",CANAL,GUJARAT,2023-01-31,23.134936,72.611525,30.64,6.4,8.02,110.44,1.19,0.78,1.96,12.02
2073,"NARMADA MAIN CANAL, NR. VILLAGE. LIMBADIA, DIST. GANDHINAGAR,NARMADA CANAL AT LIMBADIYA",CANAL,GUJARAT,2023-03-02,23.134936,72.611525,31.45,6.21,7.68,106.02,1.1,0.76,2.08,12.31
2073,"NARMADA MAIN CANAL, NR. VILLAGE. LIMBADIA, DIST. GANDHINAGAR,NARMADA CANAL AT LIMBADIYA",CANAL,GUJARAT,2023-04-01,23.134936,72.611525,31.42,6.41,7.92,111.28,1.12,0.78,2.06,11.91
2073,"NARMADA MAIN CANAL, NR. VILLAGE. LIMBADIA, DIST. GANDHINAGAR,NARMADA CANAL AT LIMBADIYA",CANAL,GUJARAT,2023-05-01,23.134936,72.611525,30.15,6.01,7.76,112.18,1.15,0.79,1.94,12.99
2073,"NARMADA MAIN CANAL, NR. VILLAGE. LIMBADIA, DIST. GANDHINAGAR,NARMADA CANAL AT LIMBADIYA",CANAL,GUJARAT,2023-05-31,23.134936,72.611525,29.97,6.2,7.62,105.83,1.1,0.78,1.97,12.0
2073,"NARMADA MAIN CANAL, NR. VILLAGE. LIMBADIA, DIST. GANDHINAGAR,NARMADA CANAL AT LIMBADIYA",CANAL,GUJARAT,2023-06-30,23.134936,72.611525,29.15,6.07,7.97,106.35,1.13,0.79,1.96,13.02
2073,"NARMADA MAIN CANAL, NR. VILLAGE. LIMBADIA, DIST. GANDHINAGAR,NARMADA CANAL AT LIMBADIYA",CANAL,GUJARAT,2023-07-30,23.134936,72.611525,29.3,5.99,7.53,104.8,1.19,0.81,1.96,12.33
2073,"NARMADA MAIN CANAL, NR. VILLAGE. LIMBADIA, DIST. GANDHINAGAR,NARMADA CANAL AT LIMBADIYA",CANAL,GUJARAT,2023-08-29,23.134936,72.611525,30.75,5.93,8.12,104.62,1.14,0.78,1.96,12.95
2073,"NARMADA MAIN CANAL, NR. VILLAGE. LIMBADIA, DIST. GANDHINAGAR,NARMADA CANAL AT LIMBADIYA",CANAL,GUJARAT,2023-09-28,23.134936,72.611525,29.61,6.18,7.96,106.62,1.18,0.81,2.1,12.22
2073,"NARMADA MAIN CANAL, NR. VILLAGE. LIMBADIA, DIST. GANDHINAGAR,NARMADA CANAL AT LIMBADIYA",CANAL,GUJARAT,2023-10-28,23.134936,72.611525,30.42,6.14,8.23,110.76,1.11,0.8,1.98,11.9
2073,"NARMADA MAIN CANAL, NR. VILLAGE. LIMBADIA, DIST. GANDHINAGAR,NARMADA CANAL AT LIMBADIYA",CANAL,GUJARAT,2023-11-27,23.134936,72.611525,30.28,6.05,7.87,112.28,1.19,0.82,2.1,13.06
2073,"NARMADA MAIN CANAL, NR. VILLAGE. LIMBADIA, DIST. GANDHINAGAR,NARMADA CANAL AT LIMBADIYA",CANAL,GUJARAT,2023-12-27,23.134936,72.611525,29.05,6.13,7.7,111.95,1.18,0.8,2.08,12.7
2073,"NARMADA MAIN CANAL, NR. VILLAGE. LIMBADIA, DIST. GANDHINAGAR,NARMADA CANAL AT LIMBADIYA",CANAL,GUJARAT,2024-01-26,23.134936,72.611525,31.08,6.14,7.74,104.28,1.16,0.82,1.98,12.58
2073,"NARMADA MAIN CANAL, NR. VILLAGE. LIMBADIA, DIST. GANDHINAGAR,NARMADA CANAL AT LIMBADIYA",CANAL,GUJARAT,2024-02-25,23.134936,72.611525,28.5,5.98,8.04,109.07,1.2,0.79,1.91,13.04
2073,"NARMADA MAIN CANAL, NR. VILLAGE. LIMBADIA, DIST. GANDHINAGAR,NARMADA CANAL AT LIMBADIYA",CANAL,GUJARAT,2024-03-26,23.134936,72.611525,30.4,6.43,8.12,112.03,1.13,0.83,2.02,13.03
2073,"NARMADA MAIN CANAL, NR. VILLAGE. LIMBADIA, DIST. GANDHINAGAR,NARMADA CANAL AT LIMBADIYA",CANAL,GUJARAT,2024-04-25,23.134936,72.611525,31.34,6.45,8.1,111.79,1.12,0.82,1.97,12.74
2073,"NARMADA MAIN CANAL, NR. VILLAGE. LIMBADIA, DIST. GANDHINAGAR,NARMADA CANAL AT LIMBADIYA",CANAL,GUJARAT,2024-05-25,23.134936,72.611525,30.76,6.37,8.06,112.37,1.11,0.83,2.02,13.12
2073,"NARMADA MAIN CANAL, NR. VILLAGE. LIMBADIA, DIST. GANDHINAGAR,NARMADA CANAL AT LIMBADIYA",CANAL,GUJARAT,2024-06-24,23.134936,72.611525,30.35,5.96,7.97,109.65,1.19,0.83,1.92,12.71
2073,"NARMADA MAIN CANAL, NR. VILLAGE. LIMBADIA, DIST. GANDHINAGAR,NARMADA CANAL AT LIMBADIYA",CANAL,GUJARAT,2024-07-24,23.134936,72.611525,30.19,6.42,7.66,104.85,1.1,0.76,2.08,12.06
2073,"NARMADA MAIN CANAL, NR. VILLAGE. LIMBADIA, DIST. GANDHINAGAR,NARMADA CANAL AT LIMBADIYA",CANAL,GUJARAT,2024-08-23,23.134936,72.611525,28.7,5.98,7.59,112.78,1.13,0.77,1.94,12.67
2073,"NARMADA MAIN CANAL, NR. VILLAGE. LIMBADIA, DIST. GANDHINAGAR,NARMADA CANAL AT LIMBADIYA",CANAL,GUJARAT,2024-09-22,23.134936,72.611525,30.83,6.15,7.8,107.99,1.15,0.83,1.96,12.13
2073,"NARMADA MAIN CANAL, NR. VILLAGE. LIMBADIA, DIST. GANDHINAGAR,NARMADA CANAL AT LIMBADIYA",CANAL,GUJARAT,2024-10-22,23.134936,72.611525,29.35,6.16,7.87,112.73,1.14,0.77,2.05,12.66
2073,"NARMADA MAIN CANAL, NR. VILLAGE. LIMBADIA, DIST. GANDHINAGAR,NARMADA CANAL AT LIMBADIYA",CANAL,GUJARAT,2024-11-21,23.134936,72.611525,29.49,6.32,7.6,103.06,1.17,0.76,1.99,12.01
5521,"NEAR AZARA RAILWAY STATION, GANAKPARA CHAKARDOI",LAKE,ASSAM,2023-01-01,,,28.15,7.48,7.52,273.96,4.57,1.78,729.64,1876.74
5521,"NEAR AZARA RAILWAY STATION, GANAKPARA CHAKARDOI",LAKE,ASSAM,2023-01-31,,,27.68,7.69,7.34,262.34,4.55,1.75,713.88,1912.79
5521,"NEAR AZARA RAILWAY STATION, GANAKPARA CHAKARDOI",LAKE,ASSAM,2023-03-02,,,29.15,7.31,7.49,267.22,4.69,1.77,750.38,1878.64
5521,"NEAR AZARA RAILWAY STATION, GANAKPARA CHAKARDOI",LAKE,ASSAM,2023-04-01,,,28.19,7.67,6.94,281.64,4.61,1.7,738.44,2026.23
5521,"NEAR AZARA RAILWAY STATION, GANAKPARA CHAKARDOI",LAKE,ASSAM,2023-05-01,,,28.31,7.66,7.33,277.6,4.46,1.68,782.73,1903.54
5521,"NEAR AZARA RAILWAY STATION, GANAKPARA CHAKARDOI",LAKE,ASSAM,2023-05-31,,,29.52,7.69,7.41,265.33,4.54,1.64,783.05,1965.17
5521,"NEAR AZARA RAILWAY STATION, GANAKPARA CHAKARDOI",LAKE,ASSAM,2023-06-30,,,29.31,7.08,7.43,267.1,4.71,1.62,773.61,1970.02
5521,"NEAR AZARA RAILWAY STATION, GANAKPARA CHAKARDOI",LAKE,ASSAM,2023-07-30,,,28.51,7.57,7.59,266.41,4.75,1.64,740.13,1874.11
5521,"NEAR AZARA RAILWAY STATION, GANAKPARA CHAKARDOI",LAKE,ASSAM,2023-08-29,,,28.52,7.29,7.5,262.95,4.67,1.71,762.31,1901.43
5521,"NEAR AZARA RAILWAY STATION, GANAKPARA CHAKARDOI",LAKE,ASSAM,2023-09-28,,,27.8,6.99,7.29,273.94,4.72,1.78,715.07,1848.88
5521,"NEAR AZARA RAILWAY STATION, GANAKPARA CHAKARDOI",LAKE,ASSAM,2023-10-28,,,27.98,7.13,7.29,260.56,4.81,1.74,723.44,1878.77
5521,"NEAR AZARA RAILWAY STATION, GANAKPARA CHAKARDOI",LAKE,ASSAM,2023-11-27,,,28.05,7.02,7.42,260.78,4.5,1.73,722.04,1834.77
5521,"NEAR AZARA RAILWAY STATION, GANAKPARA CHAKARDOI",LAKE,ASSAM,2023-12-27,,,29.15,7.67,7.13,257.06,4.57,1.76,721.72,2024.08
5521,"NEAR AZARA RAILWAY STATION, GANAKPARA CHAKARDOI",LAKE,ASSAM,2024-01-26,,,29.0,7.16,7.19,262.64,4.73,1.65,718.29,2006.75
5521,"NEAR AZARA RAILWAY STATION, GANAKPARA CHAKARDOI",LAKE,ASSAM,2024-02-25,,,27.14,7.5,7.24,265.52,4.7,1.65,755.79,2000.43
5521,"NEAR AZARA RAILWAY STATION, GANAKPARA CHAKARDOI",LAKE,ASSAM,2024-03-26,,,29.51,7.52,6.99,281.52,4.43,1.75,721.65,1886.03
5521,"NEAR AZARA RAILWAY STATION, GANAKPARA CHAKARDOI",LAKE,ASSAM,2024-04-25,,,28.09,7.33,7.04,269.37,4.48,1.68,786.48,2012.96
5521,"NEAR AZARA RAILWAY STATION, GANAKPARA CHAKARDOI",LAKE,ASSAM,2024-05-25,,,27.29,7.33,7.33,259.97,4.42,1.67,776.88,1844.79
5521,"NEAR AZARA RAILWAY STATION, GANAKPARA CHAKARDOI",LAKE,ASSAM,2024-06-24,,,28.55,7.34,7.08,258.98,4.47,1.72,771.99,1927.26
5521,"NEAR AZARA RAILWAY STATION, GANAKPARA CHAKARDOI",LAKE,ASSAM,2024-07-24,,,28.23,7.27,7.44,267.6,4.43,1.7,779.08,1851.17
5521,"NEAR AZARA RAILWAY STATION, GANAKPARA CHAKARDOI",LAKE,ASSAM,2024-08-23,,,29.9,7.62,7.43,258.97,4.86,1.76,747.14,1950.71
5521,"NEAR AZARA RAILWAY STATION, GANAKPARA CHAKARDOI",LAKE,ASSAM,2024-09-22,,,29.22,7.18,7.55,276.47,4.85,1.74,746.15,1914.15
5521,"NEAR AZARA RAILWAY STATION, GANAKPARA CHAKARDOI",LAKE,ASSAM,2024-10-22,,,29.85,7.48,7.61,259.75,4.84,1.68,737.49,2014.02
5521,"NEAR AZARA RAILWAY STATION, GANAKPARA CHAKARDOI",LAKE,ASSAM,2024-11-21,,,28.14,7.64,7.21,255.6,4.46,1.77,747.49,2007.96
5522,AT THE CENTER OF DEEPORBEEL,LAKE,ASSAM,2023-01-01,,,28.18,7.99,8.15,278.84,5.23,1.83,509.68,828.28
5522,AT THE CENTER OF DEEPORBEEL,LAKE,ASSAM,2023-01-31,,,27.8,7.61,8.08,286.53,5.49,1.82,515.22,801.85
5522,AT THE CENTER OF DEEPORBEEL,LAKE,ASSAM,2023-03-02,,,27.77,8.26,7.77,285.74,5.63,1.71,492.93,834.22
5522,AT THE CENTER OF DEEPORBEEL,LAKE,ASSAM,2023-04-01,,,28.28,8.28,8.24,268.39,5.71,1.82,501.67,830.74
5522,AT THE CENTER OF DEEPORBEEL,LAKE,ASSAM,2023-05-01,,,27.89,8.18,8.27,263.95,5.56,1.8,530.14,800.64
5522,AT THE CENTER OF DEEPORBEEL,LAKE,ASSAM,2023-05-31,,,28.44,8.4,8.49,270.13,5.6,1.71,533.69,785.22
5522,AT THE CENTER OF DEEPORBEEL,LAKE,ASSAM,2023-06-30,,,28.53,7.93,8.48,274.23,5.55,1.83,533.09,816.08
5522,AT THE CENTER OF DEEPORBEEL,LAKE,ASSAM,2023-07-30,,,28.82,7.68,8.24,286.86,5.46,1.84,507.32,767.22
5522,AT THE CENTER OF DEEPORBEEL,LAKE,ASSAM,2023-08-29,,,28.85,7.89,8.08,281.52,5.58,1.89,515.89,780.05
5522,AT THE CENTER OF DEEPORBEEL,LAKE,ASSAM,2023-09-28,,,28.46,8.26,8.35,265.89,5.47,1.85,536.94,800.73
5522,AT THE CENTER OF DEEPORBEEL,LAKE,ASSAM,2023-10-28,,,27.99,7.71,8.04,284.5,5.31,1.76,493.97,818.73
5522,AT THE CENTER OF DEEPORBEEL,LAKE,ASSAM,2023-11-27,,,28.36,8.2,7.7,266.27,5.29,1.82,511.93,770.84
5522,AT THE CENTER OF DEEPORBEEL,LAKE,ASSAM,2023-12-27,,,28.03,7.96,8.39,282.08,5.3,1.76,527.65,783.28
5522,AT THE CENTER OF DEEPORBEEL,LAKE,ASSAM,2024-01-26,,,28.53,8.27,8.25,266.7,5.47,1.76,533.02,833.1
5522,AT THE CENTER OF DEEPORBEEL,LAKE,ASSAM,2024-02-25,,,27.68,8.11,8.05,281.75,5.28,1.8,539.6,837.0
5522,AT THE CENTER OF DEEPORBEEL,LAKE,ASSAM,2024-03-26,,,27.37,8.36,8.38,284.72,5.63,1.73,513.83,799.54
5522,AT THE CENTER OF DEEPORBEEL,LAKE,ASSAM,2024-04-25,,,28.11,7.64,8.07,275.44,5.27,1.87,519.58,812.09
5522,AT THE CENTER OF DEEPORBEEL,LAKE,ASSAM,2024-05-25,,,27.73,8.15,8.12,263.7,5.62,1.74,493.39,793.6
5522,AT THE CENTER OF DEEPORBEEL,LAKE,ASSAM,2024-06-24,,,26.43,8.05,8.43,272.88,5.63,1.75,523.04,799.03
5522,AT THE CENTER OF DEEPORBEEL,LAKE,ASSAM,2024-07-24,,,27.46,7.8,8.13,272.13,5.77,1.74,525.64,822.64
5522,AT THE CENTER OF DEEPORBEEL,LAKE,ASSAM,2024-08-23,,,27.36,7.69,8.31,290.53,5.76,1.87,540.75,767.36
5522,AT THE CENTER OF DEEPORBEEL,LAKE,ASSAM,2024-09-22,,,27.45,8.0,8.33,274.37,5.67,1.86,532.09,782.46
5522,AT THE CENTER OF DEEPORBEEL,LAKE,ASSAM,2024-10-22,,,28.73,7.6,8.18,277.25,5.6,1.87,540.66,804.89
5522,AT THE CENTER OF DEEPORBEEL,LAKE,ASSAM,2024-11-21,,,28.03,7.82,8.11,288.97,5.4,1.75,523.87,829.04
3821,"DIPLAI BEEL AT SILGARA, KOKRAJHAR",LAKE,ASSAM,2023-01-01,26.236174,90.300305,26.46,5.5,7.47,130.14,2.23,1.46,334.38,1061.72
3821,"DIPLAI BEEL AT SILGARA, KOKRAJHAR",LAKE,ASSAM,2023-01-31,26.236174,90.300305,26.56,5.42,7.58,130.94,2.27,1.37,316.46,998.72
3821,"DIPLAI BEEL AT SILGARA, KOKRAJHAR",LAKE,ASSAM,2023-03-02,26.236174,90.300305,28.08,5.14,7.16,121.36,2.13,1.37,326.62,1061.37
3821,"DIPLAI BEEL AT SILGARA, KOKRAJHAR",LAKE,ASSAM,2023-04-01,26.236174,90.300305,27.62,5.42,7.09,126.75,2.06,1.43,308.28,998.69
3821,"DIPLAI BEEL AT SILGARA, KOKRAJHAR",LAKE,ASSAM,2023-05-01,26.236174,90.300305,25.75,5.48,6.88,129.07,2.08,1.34,331.04,973.48
3821,"DIPLAI BEEL AT SILGARA, KOKRAJHAR",LAKE,ASSAM,2023-05-31,26.236174,90.300305,26.19,5.11,6.67,122.92,2.05,1.32,320.19,983.32
3821,"DIPLAI BEEL AT SILGARA, KOKRAJHAR",LAKE,ASSAM,2023-06-30,26.236174,90.300305,27.45,4.88,6.64,120.01,2.19,1.39,313.46,1047.87
3821,"DIPLAI BEEL AT SILGARA, KOKRAJHAR",LAKE,ASSAM,2023-07-30,26.236174,90.300305,25.45,5.05,7.01,121.11,2.11,1.3,300.35,954.74
3821,"DIPLAI BEEL AT SILGARA, KOKRAJHAR",LAKE,ASSAM,2023-08-29,26.236174,90.300305,26.65,5.2,7.12,116.67,2.12,1.3,320.5,977.39
3821,"DIPLAI BEEL AT SILGARA, KOKRAJHAR",LAKE,ASSAM,2023-09-28,26.236174,90.300305,24.93,4.89,7.04,115.15,2.02,1.34,289.26,1011.99
3821,"DIPLAI BEEL AT SILGARA, KOKRAJHAR",LAKE,ASSAM,2023-10-28,26.236174,90.300305,25.35,4.75,6.74,111.62,1.98,1.33,307.78,927.12
3821,"DIPLAI BEEL AT SILGARA, KOKRAJHAR",LAKE,ASSAM,2023-11-27,26.236174,90.300305,24.02,5.0,6.81,118.06,1.95,1.32,305.85,1002.23
3821,"DIPLAI BEEL AT SILGARA, KOKRAJHAR",LAKE,ASSAM,2023-12-27,26.236174,90.300305,25.16,5.08,6.76,118.21,2.07,1.32,305.95,989.52
3821,"DIPLAI BEEL AT SILGARA, KOKRAJHAR",LAKE,ASSAM,2024-01-26,26.236174,90.300305,23.78,5.01,6.76,118.62,1.85,1.27,310.28,976.98
3821,"DIPLAI BEEL AT SILGARA, KOKRAJHAR",LAKE,ASSAM,2024-02-25,26.236174,90.300305,23.39,4.59,6.73,108.4,1.86,1.17,302.22,939.01
3821,"DIPLAI BEEL AT SILGARA, KOKRAJHAR",LAKE,ASSAM,2024-03-26,26.236174,90.300305,24.82,4.7,6.29,106.76,1.96,1.26,297.18,960.84
3821,"DIPLAI BEEL AT SILGARA, KOKRAJHAR",LAKE,ASSAM,2024-04-25,26.236174,90.300305,24.12,4.52,6.04,108.78,1.94,1.23,285.25,971.19
3821,"DIPLAI BEEL AT SILGARA, KOKRAJHAR",LAKE,ASSAM,2024-05-25,26.236174,90.300305,24.58,4.9,6.32,107.53,1.9,1.17,294.28,904.64
3821,"DIPLAI BEEL AT SILGARA, KOKRAJHAR",LAKE,ASSAM,2024-06-24,26.236174,90.300305,23.95,4.56,6.45,108.43,1.88,1.12,267.83,944.91
3821,"DIPLAI BEEL AT SILGARA, KOKRAJHAR",LAKE,ASSAM,2024-07-24,26.236174,90.300305,24.31,4.69,6.29,100.8,1.91,1.16,286.22,922.92
3821,"DIPLAI BEEL AT SILGARA, KOKRAJHAR",LAKE,ASSAM,2024-08-23,26.236174,90.300305,23.77,4.5,6.28,101.84,1.86,1.23,259.96,837.66
3821,"DIPLAI BEEL AT SILGARA, KOKRAJHAR",LAKE,ASSAM,2024-09-22,26.236174,90.300305,23.23,4.68,6.17,107.38,1.78,1.19,284.58,845.39
3821,"DIPLAI BEEL AT SILGARA, KOKRAJHAR",LAKE,ASSAM,2024-10-22,26.236174,90.300305,21.97,4.53,5.99,97.91,1.89,1.14,264.91,830.15
3821,"DIPLAI BEEL AT SILGARA, KOKRAJHAR",LAKE,ASSAM,2024-11-21,26.236174,90.300305,23.0,4.3,6.15,108.5,1.75,1.19,276.93,904.27
5619,DOLOO LAKE AT CACHAR,LAKE,ASSAM,2023-01-01,,,23.82,5.48,7.16,138.9,4.02,0.93,461.6,1099.51
5619,DOLOO LAKE AT CACHAR,LAKE,ASSAM,2023-01-31,,,25.71,5.19,7.25,134.12,3.94,0.88,474.2,1109.67
5619,DOLOO LAKE AT CACHAR,LAKE,ASSAM,2023-03-02,,,26.44,5.38,7.49,143.05,3.85,0.91,460.48,1097.96
5619,DOLOO LAKE AT CACHAR,LAKE,ASSAM,2023-04-01,,,25.95,5.36,7.62,134.93,3.98,0.9,454.89,1109.09
5619,DOLOO LAKE AT CACHAR,LAKE,ASSAM,2023-05-01,,,25.76,5.58,7.56,143.29,4.17,0.94,458.29,1192.92
5619,DOLOO LAKE AT CACHAR,LAKE,ASSAM,2023-05-31,,,26.65,5.45,7.48,143.68,4.15,0.98,467.55,1192.26
5619,DOLOO LAKE AT CACHAR,LAKE,ASSAM,2023-06-30,,,26.05,5.7,7.27,138.58,3.91,0.96,470.73,1206.5
5619,DOLOO LAKE AT CACHAR,LAKE,ASSAM,2023-07-30,,,26.56,5.48,7.35,144.91,4.25,0.99,481.87,1155.0
5619,DOLOO LAKE AT CACHAR,LAKE,ASSAM,2023-08-29,,,27.68,5.52,7.47,150.57,4.15,0.98,495.49,1159.95
5619,DOLOO LAKE AT CACHAR,LAKE,ASSAM,2023-09-28,,,26.82,5.6,7.99,144.18,4.31,0.97,503.47,1230.32
5619,DOLOO LAKE AT CACHAR,LAKE,ASSAM,2023-10-28,,,28.14,5.62,7.39,144.92,4.17,1.02,480.05,1245.55
5619,DOLOO LAKE AT CACHAR,LAKE,ASSAM,2023-11-27,,,28.51,5.7,7.75,150.81,4.43,0.95,513.76,1213.05
5619,DOLOO LAKE AT CACHAR,LAKE,ASSAM,2023-12-27,,,26.53,5.73,8.1,151.64,4.42,0.95,520.37,1187.22
5619,DOLOO LAKE AT CACHAR,LAKE,ASSAM,2024-01-26,,,27.99,5.62,7.86,148.89,4.32,0.96,510.77,1249.13
5619,DOLOO LAKE AT CACHAR,LAKE,ASSAM,2024-02-25,,,27.17,5.74,7.94,152.73,4.39,1.0,497.43,1192.77
5619,DOLOO LAKE AT CACHAR,LAKE,ASSAM,2024-03-26,,,28.42,5.79,8.27,151.18,4.5,0.98,529.23,1237.32
5619,DOLOO LAKE AT CACHAR,LAKE,ASSAM,2024-04-25,,,28.92,5.83,7.79,152.44,4.42,1.03,536.1,1237.17
5619,DOLOO LAKE AT CACHAR,LAKE,ASSAM,2024-05-25,,,29.4,6.11,7.99,154.55,4.6,1.0,508.47,1323.08
5619,DOLOO LAKE AT CACHAR,LAKE,ASSAM,2024-06-24,,,28.44,6.25,7.89,151.14,4.33,1.01,548.45,1287.69
5619,DOLOO LAKE AT CACHAR,LAKE,ASSAM,2024-07-24,,,29.39,5.88,7.94,163.84,4.54,1.05,517.91,1306.8
5619,DOLOO LAKE AT CACHAR,LAKE,ASSAM,2024-08-23,,,29.71,6.44,8.64,155.09,4.36,1.03,552.6,1309.87
5619,DOLOO LAKE AT CACHAR,LAKE,ASSAM,2024-09-22,,,29.11,6.48,8.66,160.03,4.45,1.03,531.66,1299.64
5619,DOLOO LAKE AT CACHAR,LAKE,ASSAM,2024-10-22,,,29.79,6.34,8.47,159.21,4.54,1.02,522.82,1280.82
5619,DOLOO LAKE AT CACHAR,LAKE,ASSAM,2024-11-21,,,29.84,6.25,8.31,168.97,4.7,1.11,556.94,1306.25
1263,"ELANGABEEL SYSTEM (CONNECTED TO R. KOLONG), ASSAM",LAKE,ASSAM,2023-01-01,26.132906,92.206483,25.18,4.94,7.58,250.38,2.46,1.63,503.02,1326.84
1263,"ELANGABEEL SYSTEM (CONNECTED TO R. KOLONG), ASSAM",LAKE,ASSAM,2023-01-31,26.132906,92.206483,23.85,4.78,6.94,247.7,2.54,1.66,502.37,1294.06
1263,"ELANGABEEL SYSTEM (CONNECTED TO R. KOLONG), ASSAM",LAKE,ASSAM,2023-03-02,26.132906,92.206483,25.42,5.08,7.45,245.69,2.6,1.53,492.19,1388.8
1263,"ELANGABEEL SYSTEM (CONNECTED TO R. KOLONG), ASSAM",LAKE,ASSAM,2023-04-01,26.132906,92.206483,25.14,4.88,6.92,253.54,2.62,1.53,535.52,1416.13
1263,"ELANGABEEL SYSTEM (CONNECTED TO R. KOLONG), ASSAM",LAKE,ASSAM,2023-05-01,26.132906,92.206483,25.65,5.04,7.48,263.06,2.5,1.57,533.21,1331.97
1263,"ELANGABEEL SYSTEM (CONNECTED TO R. KOLONG), ASSAM",LAKE,ASSAM,2023-05-31,26.132906,92.206483,23.9,5.07,7.58,246.36,2.45,1.65,533.47,1327.74
1263,"ELANGABEEL SYSTEM (CONNECTED TO R. KOLONG), ASSAM",LAKE,ASSAM,2023-06-30,26.132906,92.206483,25.25,4.75,7.58,270.74,2.45,1.65,530.84,1316.35
1263,"ELANGABEEL SYSTEM (CONNECTED TO R. KOLONG), ASSAM",LAKE,ASSAM,2023-07-30,26.132906,92.206483,24.08,4.71,7.37,264.56,2.51,1.55,520.82,1383.22
1263,"ELANGABEEL SYSTEM (CONNECTED TO R. KOLONG), ASSAM",LAKE,ASSAM,2023-08-29,26.132906,92.206483,23.84,4.77,7.29,269.42,2.52,1.57,529.35,1425.36
1263,"ELANGABEEL SYSTEM (CONNECTED TO R. KOLONG), ASSAM",LAKE,ASSAM,2023-09-28,26.132906,92.206483,25.05,5.07,7.44,257.29,2.66,1.56,519.0,1334.07
1263,"ELANGABEEL SYSTEM (CONNECTED TO R. KOLONG), ASSAM",LAKE,ASSAM,2023-10-28,26.132906,92.206483,25.02,5.14,7.19,262.29,2.6,1.6,515.72,1378.2
1263,"ELANGABEEL SYSTEM (CONNECTED TO R. KOLONG), ASSAM",LAKE,ASSAM,2023-11-27,26.132906,92.206483,24.11,4.69,7.15,270.26,2.67,1.63,500.43,1421.32
1263,"ELANGABEEL SYSTEM (CONNECTED TO R. KOLONG), ASSAM",LAKE,ASSAM,2023-12-27,26.132906,92.206483,23.77,4.84,7.4,267.09,2.58,1.62,529.57,1315.69
1263,"ELANGABEEL SYSTEM (CONNECTED TO R. KOLONG), ASSAM",LAKE,ASSAM,2024-01-26,26.132906,92.206483,24.35,4.84,7.49,256.97,2.63,1.64,492.39,1333.5
1263,"ELANGABEEL SYSTEM (CONNECTED TO R. KOLONG), ASSAM",LAKE,ASSAM,2024-02-25,26.132906,92.206483,25.6,5.06,7.55,245.62,2.67,1.68,538.08,1300.49
1263,"ELANGABEEL SYSTEM (CONNECTED TO R. KOLONG), ASSAM",LAKE,ASSAM,2024-03-26,26.132906,92.206483,24.95,5.12,7.27,246.87,2.67,1.64,522.18,1369.89
1263,"ELANGABEEL SYSTEM (CONNECTED TO R. KOLONG), ASSAM",LAKE,ASSAM,2024-04-25,26.132906,92.206483,25.74,5.09,7.02,262.29,2.54,1.58,500.24,1380.23
1263,"ELANGABEEL SYSTEM (CONNECTED TO R. KOLONG), ASSAM",LAKE,ASSAM,2024-05-25,26.132906,92.206483,26.09,4.71,6.96,251.8,2.42,1.55,504.27,1406.41
1263,"ELANGABEEL SYSTEM (CONNECTED TO R. KOLONG), ASSAM",LAKE,ASSAM,2024-06-24,26.132906,92.206483,25.89,4.8,7.51,248.84,2.67,1.67,509.83,1389.3
1263,"ELANGABEEL SYSTEM (CONNECTED TO R. KOLONG), ASSAM",LAKE,ASSAM,2024-07-24,26.132906,92.206483,25.14,4.66,7.23,255.98,2.65,1.53,520.5,1300.36
1263,"ELANGABEEL SYSTEM (CONNECTED TO R. KOLONG), ASSAM",LAKE,ASSAM,2024-08-23,26.132906,92.206483,26.17,5.03,7.05,268.05,2.63,1.65,518.37,1385.94
1263,"ELANGABEEL SYSTEM (CONNECTED TO R. KOLONG), ASSAM",LAKE,ASSAM,2024-09-22,26.132906,92.206483,24.79,4.98,7.3,246.13,2.63,1.67,499.5,1293.62
1263,"ELANGABEEL SYSTEM (CONNECTED TO R. KOLONG), ASSAM",LAKE,ASSAM,2024-10-22,26.132906,92.206483,25.2,4.93,7.17,269.39,2.52,1.6,518.09,1426.57
1263,"ELANGABEEL SYSTEM (CONNECTED TO R. KOLONG), ASSAM",LAKE,ASSAM,2024-11-21,26.132906,92.206483,26.02,4.93,6.89,260.18,2.6,1.61,516.48,1325.31
5623,"HAFLONG LAKE, HAFLONG TOWN",LAKE,ASSAM,2023-01-01,,,21.31,5.48,6.71,167.76,2.52,0.88,314.24,1079.5
5623,"HAFLONG LAKE, HAFLONG TOWN",LAKE,ASSAM,2023-01-31,,,19.59,5.24,7.23,159.7,2.33,0.91,317.81,1024.29
5623,"HAFLONG LAKE, HAFLONG TOWN",LAKE,ASSAM,2023-03-02,,,20.57,5.63,6.68,162.43,2.37,0.87,344.17,1068.74
5623,"HAFLONG LAKE, HAFLONG TOWN",LAKE,ASSAM,2023-04-01,,,19.55,5.58,7.13,155.35,2.38,0.88,343.14,1026.13
5623,"HAFLONG LAKE, HAFLONG TOWN",LAKE,ASSAM,2023-05-01,,,20.16,5.62,6.72,167.28,2.46,0.89,315.58,1039.2
5623,"HAFLONG LAKE, HAFLONG TOWN",LAKE,ASSAM,2023-05-31,,,20.83,5.35,6.9,167.24,2.29,0.91,330.56,1062.12
5623,"HAFLONG LAKE, HAFLONG TOWN",LAKE,ASSAM,2023-06-30,,,21.5,5.23,6.65,161.2,2.48,0.9,339.42,1092.46
5623,"HAFLONG LAKE, HAFLONG TOWN",LAKE,ASSAM,2023-07-30,,,21.21,5.5,7.05,159.8,2.44,0.92,333.08,1057.28
5623,"HAFLONG LAKE, HAFLONG TOWN",LAKE,ASSAM,2023-08-29,,,21.07,5.45,6.71,158.1,2.46,0.94,343.89,1032.12
5623,"HAFLONG LAKE, HAFLONG TOWN",LAKE,ASSAM,2023-09-28,,,20.37,5.46,7.3,156.16,2.29,0.87,319.32,1022.37
5623,"HAFLONG LAKE, HAFLONG TOWN",LAKE,ASSAM,2023-10-28,,,19.93,5.42,6.85,152.91,2.38,0.88,327.01,1085.5
5623,"HAFLONG LAKE, HAFLONG TOWN",LAKE,ASSAM,2023-11-27,,,20.46,5.7,7.11,166.85,2.51,0.88,332.92,1096.5
5623,"HAFLONG LAKE, HAFLONG TOWN",LAKE,ASSAM,2023-12-27,,,19.68,5.35,7.32,156.82,2.31,0.94,344.92,1082.51
5623,"HAFLONG LAKE, HAFLONG TOWN",LAKE,ASSAM,2024-01-26,,,20.44,5.69,7.32,156.92,2.33,0.93,327.04,1062.77
5623,"HAFLONG LAKE, HAFLONG TOWN",LAKE,ASSAM,2024-02-25,,,21.38,5.26,7.21,159.85,2.41,0.94,346.03,1013.0
5623,"HAFLONG LAKE, HAFLONG TOWN",LAKE,ASSAM,2024-03-26,,,21.31,5.31,6.97,157.79,2.39,0.88,338.58,1073.91
5623,"HAFLONG LAKE, HAFLONG TOWN",LAKE,ASSAM,2024-04-25,,,19.87,5.29,6.72,161.6,2.39,0.9,335.36,1074.75
5623,"HAFLONG LAKE, HAFLONG TOWN",LAKE,ASSAM,2024-05-25,,,20.35,5.54,7.27,156.66,2.28,0.91,325.63,1024.46
5623,"HAFLONG LAKE, HAFLONG TOWN",LAKE,ASSAM,2024-06-24,,,19.69,5.19,7.29,160.01,2.3,0.87,335.13,1052.3
5623,"HAFLONG LAKE, HAFLONG TOWN",LAKE,ASSAM,2024-07-24,,,19.89,5.29,6.66,159.7,2.48,0.91,328.51,1090.8
5623,"HAFLONG LAKE, HAFLONG TOWN",LAKE,ASSAM,2024-08-23,,,21.25,5.36,6.91,166.76,2.42,0.92,335.52,1041.7
5623,"HAFLONG LAKE, HAFLONG TOWN",LAKE,ASSAM,2024-09-22,,,20.09,5.2,7.1,157.82,2.39,0.87,327.18,1048.31
5623,"HAFLONG LAKE, HAFLONG TOWN",LAKE,ASSAM,2024-10-22,,,20.61,5.52,7.34,161.87,2.28,0.91,329.36,1039.74
5623,"HAFLONG LAKE, HAFLONG TOWN",LAKE,ASSAM,2024-11-21,,,20.8,5.25,7.14,156.07,2.42,0.87,318.6,1091.46
3787,"HOLLUNGA BEEL NEAR GAI NADI/ RIVER AT SOMARAJAN, DHEMA JI",LAKE,ASSAM,2023-01-01,27.644285,94.691039,23.85,6.1,6.84,117.34,2.35,1.33,475.42,989.55
3787,"HOLLUNGA BEEL NEAR GAI NADI/ RIVER AT SOMARAJAN, DHEMA JI",LAKE,ASSAM,2023-01-31,27.644285,94.691039,22.74,6.34,7.39,121.32,2.39,1.3,463.83,997.14
3787,"HOLLUNGA BEEL NEAR GAI NADI/ RIVER AT SOMARAJAN, DHEMA JI",LAKE,ASSAM,2023-03-02,27.644285,94.691039,23.89,6.27,7.25,124.98,2.32,1.24,450.1,962.7
3787,"HOLLUNGA BEEL NEAR GAI NADI/ RIVER AT SOMARAJAN, DHEMA JI",LAKE,ASSAM,2023-04-01,27.644285,94.691039,22.19,6.39,7.44,123.43,2.37,1.34,437.28,904.11
3787,"HOLLUNGA BEEL NEAR GAI NADI/ RIVER AT SOMARAJAN, DHEMA JI",LAKE,ASSAM,2023-05-01,27.644285,94.691039,22.27,6.33,7.11,125.53,2.33,1.32,475.5,992.91
3787,"HOLLUNGA BEEL NEAR GAI NADI/ RIVER AT SOMARAJAN, DHEMA JI",LAKE,ASSAM,2023-05-31,27.644285,94.691039,22.57,6.22,7.4,126.19,2.32,1.35,481.47,929.95
3787,"HOLLUNGA BEEL NEAR GAI NADI/ RIVER AT SOMARAJAN, DHEMA JI",LAKE,ASSAM,2023-06-30,27.644285,94.691039,23.76,6.34,6.88,118.61,2.35,1.29,458.51,908.65
3787,"HOLLUNGA BEEL NEAR GAI NADI/ RIVER AT SOMARAJAN, DHEMA JI",LAKE,ASSAM,2023-07-30,27.644285,94.691039,24.1,6.26,6.87,127.24,2.4,1.36,471.05,961.61
3787,"HOLLUNGA BEEL NEAR GAI NADI/ RIVER AT SOMARAJAN, DHEMA JI",LAKE,ASSAM,2023-08-29,27.644285,94.691039,22.98,6.02,7.11,125.43,2.41,1.25,456.7,995.54
3787,"HOLLUNGA BEEL NEAR GAI NADI/ RIVER AT SOMARAJAN, DHEMA JI",LAKE,ASSAM,2023-09-28,27.644285,94.691039,22.18,5.96,7.01,116.84,2.27,1.34,447.53,983.88
3787,"HOLLUNGA BEEL NEAR GAI NADI/ RIVER AT SOMARAJAN, DHEMA JI",LAKE,ASSAM,2023-10-28,27.644285,94.691039,22.51,6.34,7.41,125.76,2.22,1.35,471.68,938.81
3787,"HOLLUNGA BEEL NEAR GAI NADI/ RIVER AT SOMARAJAN, DHEMA JI",LAKE,ASSAM,2023-11-27,27.644285,94.691039,23.16,6.21,6.77,117.59,2.31,1.26,446.54,954.47
3787,"HOLLUNGA BEEL NEAR GAI NADI/ RIVER AT SOMARAJAN, DHEMA JI",LAKE,ASSAM,2023-12-27,27.644285,94.691039,23.76,6.44,7.37,117.65,2.28,1.3,444.77,996.73
3787,"HOLLUNGA BEEL NEAR GAI NADI/ RIVER AT SOMARAJAN, DHEMA JI",LAKE,ASSAM,2024-01-26,27.644285,94.691039,23.07,6.05,6.87,122.13,2.21,1.28,476.19,922.77
3787,"HOLLUNGA BEEL NEAR GAI NADI/ RIVER AT SOMARAJAN, DHEMA JI",LAKE,ASSAM,2024-02-25,27.644285,94.691039,22.55,6.3,6.95,118.52,2.32,1.34,460.86,922.74
3787,"HOLLUNGA BEEL NEAR GAI NADI/ RIVER AT SOMARAJAN, DHEMA JI",LAKE,ASSAM,2024-03-26,27.644285,94.691039,22.13,6.07,7.24,124.9,2.23,1.35,466.86,959.03
3787,"HOLLUNGA BEEL NEAR GAI NADI/ RIVER AT SOMARAJAN, DHEMA JI",LAKE,ASSAM,2024-04-25,27.644285,94.691039,22.64,5.95,6.82,125.89,2.22,1.35,477.17,976.25
3787,"HOLLUNGA BEEL NEAR GAI NADI/ RIVER AT SOMARAJAN, DHEMA JI",LAKE,ASSAM,2024-05-25,27.644285,94.691039,23.14,6.13,7.17,122.43,2.28,1.24,462.61,911.39
3787,"HOLLUNGA BEEL NEAR GAI NADI/ RIVER AT SOMARAJAN, DHEMA JI",LAKE,ASSAM,2024-06-24,27.644285,94.691039,23.09,5.87,7.37,123.35,2.33,1.29,441.1,982.14
3787,"HOLLUNGA BEEL NEAR GAI NADI/ RIVER AT SOMARAJAN, DHEMA JI",LAKE,ASSAM,2024-07-24,27.644285,94.691039,22.35,6.14,7.43,121.02,2.24,1.36,445.05,995.28
3787,"HOLLUNGA BEEL NEAR GAI NADI/ RIVER AT SOMARAJAN, DHEMA JI",LAKE,ASSAM,2024-08-23,27.644285,94.691039,23.45,5.86,7.12,127.2,2.19,1.34,448.91,907.71
3787,"HOLLUNGA BEEL NEAR GAI NADI/ RIVER AT SOMARAJAN, DHEMA JI",LAKE,ASSAM,2024-09-22,27.644285,94.691039,23.88,6.07,6.88,119.07,2.25,1.24,449.85,924.05
3787,"HOLLUNGA BEEL NEAR GAI NADI/ RIVER AT SOMARAJAN, DHEMA JI",LAKE,ASSAM,2024-10-22,27.644285,94.691039,24.1,5.86,7.03,123.04,2.24,1.24,462.44,927.85
3787,"HOLLUNGA BEEL NEAR GAI NADI/ RIVER AT SOMARAJAN, DHEMA JI",LAKE,ASSAM,2024-11-21,27.644285,94.691039,23.48,6.26,7.33,123.49,2.22,1.28,449.82,915.61
5617,"JUGIBEEL , GOLAGHAT",LAKE,ASSAM,2023-01-01,,,28.32,6.52,7.0,102.5,2.24,0.76,344.84,1038.13
5617,"JUGIBEEL , GOLAGHAT",LAKE,ASSAM,2023-01-31,,,26.72,6.37,7.47,98.95,2.28,0.78,333.03,1015.87
5617,"JUGIBEEL , GOLAGHAT",LAKE,ASSAM,2023-03-02,,,26.95,6.82,7.41,101.92,2.34,0.77,318.05,1086.36
5617,"JUGIBEEL , GOLAGHAT",LAKE,ASSAM,2023-04-01,,,26.17,6.59,6.93,103.15,2.21,0.73,328.89,1078.18
5617,"JUGIBEEL , GOLAGHAT",LAKE,ASSAM,2023-05-01,,,26.25,6.18,7.43,103.61,2.33,0.72,322.12,1020.33
5617,"JUGIBEEL , GOLAGHAT",LAKE,ASSAM,2023-05-31,,,26.44,6.51,7.0,98.64,2.38,0.78,329.87,1021.37
5617,"JUGIBEEL , GOLAGHAT",LAKE,ASSAM,2023-06-30,,,27.4,6.5,7.0,94.6,2.39,0.78,329.35,1112.1
5617,"JUGIBEEL , GOLAGHAT",LAKE,ASSAM,2023-07-30,,,26.54,6.24,7.33,99.52,2.38,0.74,338.05,1067.6
5617,"JUGIBEEL , GOLAGHAT",LAKE,ASSAM,2023-08-29,,,26.59,6.53,7.28,101.94,2.38,0.77,338.83,1036.17
5617,"JUGIBEEL , GOLAGHAT",LAKE,ASSAM,2023-09-28,,,26.3,6.5,7.19,98.68,2.36,0.74,346.02,1028.43
5617,"JUGIBEEL , GOLAGHAT",LAKE,ASSAM,2023-10-28,,,27.16,6.76,7.0,103.35,2.21,0.73,336.62,1057.06
5617,"JUGIBEEL , GOLAGHAT",LAKE,ASSAM,2023-11-27,,,26.8,6.59,7.43,96.27,2.31,0.76,318.89,1081.44
5617,"JUGIBEEL , GOLAGHAT",LAKE,ASSAM,2023-12-27,,,26.84,6.31,7.55,99.19,2.26,0.77,332.56,1008.06
5617,"JUGIBEEL , GOLAGHAT",LAKE,ASSAM,2024-01-26,,,28.3,6.57,7.04,94.6,2.21,0.74,345.83,1030.36
5617,"JUGIBEEL , GOLAGHAT",LAKE,ASSAM,2024-02-25,,,26.82,6.18,7.6,100.87,2.33,0.71,334.98,1044.5
5617,"JUGIBEEL , GOLAGHAT",LAKE,ASSAM,2024-03-26,,,26.27,6.81,7.56,102.85,2.24,0.76,324.93,1027.38
5617,"JUGIBEEL , GOLAGHAT",LAKE,ASSAM,2024-04-25,,,26.36,6.19,7.3,99.21,2.39,0.74,337.55,1092.09
5617,"JUGIBEEL , GOLAGHAT",LAKE,ASSAM,2024-05-25,,,27.83,6.47,7.25,94.39,2.36,0.73,337.58,1022.03
5617,"JUGIBEEL , GOLAGHAT",LAKE,ASSAM,2024-06-24,,,28.68,6.67,7.15,101.35,2.37,0.76,316.82,1028.08
5617,"JUGIBEEL , GOLAGHAT",LAKE,ASSAM,2024-07-24,,,26.69,6.8,7.02,100.69,2.25,0.72,319.96,1046.91
5617,"JUGIBEEL , GOLAGHAT",LAKE,ASSAM,2024-08-23,,,28.54,6.74,7.38,95.22,2.35,0.72,338.27,1030.84
5617,"JUGIBEEL , GOLAGHAT",LAKE,ASSAM,2024-09-22,,,27.6,6.34,7.25,99.62,2.19,0.73,341.75,1061.06
5617,"JUGIBEEL , GOLAGHAT",LAKE,ASSAM,2024-10-22,,,26.91,6.75,7.04,99.21,2.41,0.76,314.6,1026.51
5617,"JUGIBEEL , GOLAGHAT",LAKE,ASSAM,2024-11-21,,,26.54,6.58,7.1,102.43,2.21,0.76,341.29,1027.7
4337,"KAMALABARI LAKE INSIDE KAMALABARI CHILDREN'S PARK, GELEKY",LAKE,ASSAM,2023-01-01,26.77465,94.6681,26.59,6.33,6.88,93.66,2.11,1.01,563.51,769.22
4337,"KAMALABARI LAKE INSIDE KAMALABARI CHILDREN'S PARK, GELEKY",LAKE,ASSAM,2023-01-31,26.77465,94.6681,25.41,6.54,6.87,93.6,2.24,0.98,529.16,737.75
4337,"KAMALABARI LAKE INSIDE KAMALABARI CHILDREN'S PARK, GELEKY",LAKE,ASSAM,2023-03-02,26.77465,94.6681,25.98,6.08,7.0,96.19,2.21,0.99,523.48,755.91
4337,"KAMALABARI LAKE INSIDE KAMALABARI CHILDREN'S PARK, GELEKY",LAKE,ASSAM,2023-04-01,26.77465,94.6681,24.31,6.44,7.27,94.52,2.27,1.03,536.56,754.27
4337,"KAMALABARI LAKE INSIDE KAMALABARI CHILDREN'S PARK, GELEKY",LAKE,ASSAM,2023-05-01,26.77465,94.6681,24.76,6.05,7.33,89.5,2.21,1.01,524.79,761.22
4337,"KAMALABARI LAKE INSIDE KAMALABARI CHILDREN'S PARK, GELEKY",LAKE,ASSAM,2023-05-31,26.77465,94.6681,25.69,6.32,7.27,95.66,2.19,0.98,559.34,774.11
4337,"KAMALABARI LAKE INSIDE KAMALABARI CHILDREN'S PARK, GELEKY",LAKE,ASSAM,2023-06-30,26.77465,94.6681,26.06,6.21,7.2,89.38,2.28,1.01,533.19,780.17
4337,"KAMALABARI LAKE INSIDE KAMALABARI CHILDREN'S PARK, GELEKY",LAKE,ASSAM,2023-07-30,26.77465,94.6681,24.25,6.4,7.21,89.23,2.25,1.04,527.39,782.67
4337,"KAMALABARI LAKE INSIDE KAMALABARI CHILDREN'S PARK, GELEKY",LAKE,ASSAM,2023-08-29,26.77465,94.6681,26.06,6.06,7.02,89.36,2.26,1.03,543.94,718.77
4337,"KAMALABARI LAKE INSIDE KAMALABARI CHILDREN'S PARK, GELEKY",LAKE,ASSAM,2023-09-28,26.77465,94.6681,25.4,6.2,6.81,93.63,2.18,1.04,552.91,783.06
4337,"KAMALABARI LAKE INSIDE KAMALABARI CHILDREN'S PARK, GELEKY",LAKE,ASSAM,2023-10-28,26.77465,94.6681,25.93,6.14,6.78,95.43,2.21,0.96,528.86,774.9
4337,"KAMALABARI LAKE INSIDE KAMALABARI CHILDREN'S PARK, GELEKY",LAKE,ASSAM,2023-11-27,26.77465,94.6681,24.3,6.5,7.01,93.91,2.26,1.01,562.74,760.11
4337,"KAMALABARI LAKE INSIDE KAMALABARI CHILDREN'S PARK, GELEKY",LAKE,ASSAM,2023-12-27,26.77465,94.6681,25.62,6.05,6.82,90.1,2.25,1.01,520.19,731.31
4337,"KAMALABARI LAKE INSIDE KAMALABARI CHILDREN'S PARK, GELEKY",LAKE,ASSAM,2024-01-26,26.77465,94.6681,24.57,6.33,6.8,93.99,2.12,1.0,531.9,772.62
4337,"KAMALABARI LAKE INSIDE KAMALABARI CHILDREN'S PARK, GELEKY",LAKE,ASSAM,2024-02-25,26.77465,94.6681,24.59,6.0,7.35,92.85,2.22,1.0,531.98,728.34
4337,"KAMALABARI LAKE INSIDE KAMALABARI CHILDREN'S PARK, GELEKY",LAKE,ASSAM,2024-03-26,26.77465,94.6681,25.62,6.28,7.33,91.55,2.1,1.04,534.48,723.87
4337,"KAMALABARI LAKE INSIDE KAMALABARI CHILDREN'S PARK, GELEKY",LAKE,ASSAM,2024-04-25,26.77465,94.6681,25.32,6.11,7.12,95.39,2.14,1.0,563.4,751.48
4337,"KAMALABARI LAKE INSIDE KAMALABARI CHILDREN'S PARK, GELEKY",LAKE,ASSAM,2024-05-25,26.77465,94.6681,26.21,6.05,7.16,92.32,2.11,1.0,515.56,763.81
4337,"KAMALABARI LAKE INSIDE KAMALABARI CHILDREN'S PARK, GELEKY",LAKE,ASSAM,2024-06-24,26.77465,94.6681,26.02,6.26,6.9,91.61,2.16,1.0,541.55,777.97
4337,"KAMALABARI LAKE INSIDE KAMALABARI CHILDREN'S PARK, GELEKY",LAKE,ASSAM,2024-07-24,26.77465,94.6681,24.81,6.32,7.14,88.88,2.2,0.95,519.91,773.73
4337,"KAMALABARI LAKE INSIDE KAMALABARI CHILDREN'S PARK, GELEKY",LAKE,ASSAM,2024-08-23,26.77465,94.6681,24.23,5.96,6.96,96.45,2.1,1.0,536.56,773.77
4337,"KAMALABARI LAKE INSIDE KAMALABARI CHILDREN'S PARK, GELEKY",LAKE,ASSAM,2024-09-22,26.77465,94.6681,26.6,6.16,6.9,93.49,2.19,1.03,534.83,730.23
4337,"KAMALABARI LAKE INSIDE KAMALABARI CHILDREN'S PARK, GELEKY",LAKE,ASSAM,2024-10-22,26.77465,94.6681,25.46,6.29,7.01,89.67,2.25,1.04,541.84,744.04
4337,"KAMALABARI LAKE INSIDE KAMALABARI CHILDREN'S PARK, GELEKY",LAKE,ASSAM,2024-11-21,26.77465,94.6681,25.49,5.96,7.36,95.07,2.23,0.95,531.23,783.9
3812,"KAMALPUR BEEL, KAMALPUR",LAKE,ASSAM,2023-01-01,26.345545,91.677656,27.33,3.1,7.23,1067.54,22.88,2.9,1258.38,2436.28
3812,"KAMALPUR BEEL, KAMALPUR",LAKE,ASSAM,2023-01-31,26.345545,91.677656,27.11,3.3,7.14,1027.39,23.71,2.69,1267.95,2529.36
3812,"KAMALPUR BEEL, KAMALPUR",LAKE,ASSAM,2023-03-02,26.345545,91.677656,27.19,3.1,7.55,1063.97,22.35,2.86,1155.15,2621.93
3812,"KAMALPUR BEEL, KAMALPUR",LAKE,ASSAM,2023-04-01,26.345545,91.677656,26.62,3.09,7.29,982.69,24.07,2.73,1217.52,2497.08
3812,"KAMALPUR BEEL, KAMALPUR",LAKE,ASSAM,2023-05-01,26.345545,91.677656,26.59,3.09,7.27,1013.37,21.73,2.7,1210.09,2368.64
3812,"KAMALPUR BEEL, KAMALPUR",LAKE,ASSAM,2023-05-31,26.345545,91.677656,27.64,2.96,6.93,1021.07,23.54,2.76,1146.15,2568.54
3812,"KAMALPUR BEEL, KAMALPUR",LAKE,ASSAM,2023-06-30,26.345545,91.677656,26.72,3.03,7.32,1005.09,21.25,2.59,1171.92,2434.3
3812,"KAMALPUR BEEL, KAMALPUR",LAKE,ASSAM,2023-07-30,26.345545,91.677656,27.54,2.93,6.67,990.18,22.27,2.72,1177.3,2366.27
3812,"KAMALPUR BEEL, KAMALPUR",LAKE,ASSAM,2023-08-29,26.345545,91.677656,28.02,3.1,6.7,988.46,21.01,2.67,1092.32,2401.23
3812,"KAMALPUR BEEL, KAMALPUR",LAKE,ASSAM,2023-09-28,26.345545,91.677656,27.47,3.06,6.98,926.33,21.56,2.46,1099.75,2293.03
3812,"KAMALPUR BEEL, KAMALPUR",LAKE,ASSAM,2023-10-28,26.345545,91.677656,24.79,2.92,7.07,986.91,22.52,2.43,1170.1,2423.45
3812,"KAMALPUR BEEL, KAMALPUR",LAKE,ASSAM,2023-11-27,26.345545,91.677656,24.62,3.05,6.71,935.97,22.01,2.53,1088.07,2389.62
3812,"KAMALPUR BEEL, KAMALPUR",LAKE,ASSAM,2023-12-27,26.345545,91.677656,26.38,3.05,6.3,981.86,20.88,2.47,1101.61,2382.52
3812,"KAMALPUR BEEL, KAMALPUR",LAKE,ASSAM,2024-01-26,26.345545,91.677656,24.29,2.95,6.31,962.06,20.25,2.63,1049.0,2246.07
3812,"KAMALPUR BEEL, KAMALPUR",LAKE,ASSAM,2024-02-25,26.345545,91.677656,24.83,2.93,6.28,947.83,19.8,2.53,1044.43,2365.94
3812,"KAMALPUR BEEL, KAMALPUR",LAKE,ASSAM,2024-03-26,26.345545,91.677656,24.67,2.7,6.6,937.07,20.79,2.56,1088.38,2164.3
3812,"KAMALPUR BEEL, KAMALPUR",LAKE,ASSAM,2024-04-25,26.345545,91.677656,23.62,2.83,6.2,880.67,19.72,2.29,1088.95,2292.82
3812,"KAMALPUR BEEL, KAMALPUR",LAKE,ASSAM,2024-05-25,26.345545,91.677656,25.8,2.88,6.42,902.63,20.89,2.47,1067.75,2169.85
3812,"KAMALPUR BEEL, KAMALPUR",LAKE,ASSAM,2024-06-24,26.345545,91.677656,23.1,2.79,5.94,876.94,20.15,2.33,1018.38,2094.75
3812,"KAMALPUR BEEL, KAMALPUR",LAKE,ASSAM,2024-07-24,26.345545,91.677656,23.05,2.72,6.23,845.06,19.7,2.36,992.1,2028.03
3812,"KAMALPUR BEEL, KAMALPUR",LAKE,ASSAM,2024-08-23,26.345545,91.677656,23.54,2.69,6.13,908.32,20.83,2.31,1077.56,2051.22
3812,"KAMALPUR BEEL, KAMALPUR",LAKE,ASSAM,2024-09-22,26.345545,91.677656,23.72,2.81,6.26,834.97,18.45,2.44,985.33,1979.39
3812,"KAMALPUR BEEL, KAMALPUR",LAKE,ASSAM,2024-10-22,26.345545,91.677656,23.2,2.71,6.26,856.24,19.16,2.21,1011.83,2207.21
3812,"KAMALPUR BEEL, KAMALPUR",LAKE,ASSAM,2024-11-21,26.345545,91.677656,22.72,2.57,5.82,862.37,20.14,2.34,996.86,2138.23
5621,"LAUKHOWABEEL,DHUBRI",LAKE,ASSAM,2023-01-01,,,29.66,5.39,7.45,137.79,2.45,0.87,647.53,1329.41
5621,"LAUKHOWABEEL,DHUBRI",LAKE,ASSAM,2023-01-31,,,28.45,5.28,7.55,147.05,2.25,0.82,675.31,1314.87
5621,"LAUKHOWABEEL,DHUBRI",LAKE,ASSAM,2023-03-02,,,27.95,5.25,6.99,138.35,2.25,0.83,668.36,1274.93
5621,"LAUKHOWABEEL,DHUBRI",LAKE,ASSAM,2023-04-01,,,28.55,5.23,7.41,143.86,2.37,0.81,655.72,1304.18
5621,"LAUKHOWABEEL,DHUBRI",LAKE,ASSAM,2023-05-01,,,27.59,5.32,7.17,141.23,2.31,0.81,653.28,1365.65
5621,"LAUKHOWABEEL,DHUBRI",LAKE,ASSAM,2023-05-31,,,26.6,4.93,6.69,131.2,2.14,0.81,663.91,1237.4
5621,"LAUKHOWABEEL,DHUBRI",LAKE,ASSAM,2023-06-30,,,26.01,4.83,6.58,139.87,2.24,0.83,657.43,1299.36
5621,"LAUKHOWABEEL,DHUBRI",LAKE,ASSAM,2023-07-30,,,26.41,4.93,6.76,127.83,2.23,0.76,652.65,1217.2
5621,"LAUKHOWABEEL,DHUBRI",LAKE,ASSAM,2023-08-29,,,26.79,5.06,6.61,126.2,2.26,0.78,618.71,1252.85
5621,"LAUKHOWABEEL,DHUBRI",LAKE,ASSAM,2023-09-28,,,25.97,5.11,6.74,129.07,2.26,0.74,614.3,1261.67
5621,"LAUKHOWABEEL,DHUBRI",LAKE,ASSAM,2023-10-28,,,26.95,4.86,6.77,136.78,2.26,0.74,594.54,1249.51
5621,"LAUKHOWABEEL,DHUBRI",LAKE,ASSAM,2023-11-27,,,24.53,4.94,6.73,133.91,2.16,0.74,591.2,1206.98
5621,"LAUKHOWABEEL,DHUBRI",LAKE,ASSAM,2023-12-27,,,25.53,4.79,6.38,126.92,2.06,0.77,611.61,1285.92
5621,"LAUKHOWABEEL,DHUBRI",LAKE,ASSAM,2024-01-26,,,25.48,4.71,6.48,125.75,2.19,0.77,628.32,1144.82
5621,"LAUKHOWABEEL,DHUBRI",LAKE,ASSAM,2024-02-25,,,24.06,4.63,6.11,130.49,1.98,0.72,602.16,1174.77
5621,"LAUKHOWABEEL,DHUBRI",LAKE,ASSAM,2024-03-26,,,25.87,4.63,6.53,128.99,2.16,0.7,602.46,1171.27
5621,"LAUKHOWABEEL,DHUBRI",LAKE,ASSAM,2024-04-25,,,25.33,4.5,6.6,125.57,2.14,0.74,589.35,1116.96
5621,"LAUKHOWABEEL,DHUBRI",LAKE,ASSAM,2024-05-25,,,24.02,4.73,5.93,123.85,2.06,0.71,587.45,1172.24
5621,"LAUKHOWABEEL,DHUBRI",LAKE,ASSAM,2024-06-24,,,24.6,4.49,6.32,127.4,2.08,0.71,541.44,1222.26
5621,"LAUKHOWABEEL,DHUBRI",LAKE,ASSAM,2024-07-24,,,23.01,4.34,5.88,121.06,2.0,0.7,533.87,1091.04
5621,"LAUKHOWABEEL,DHUBRI",LAKE,ASSAM,2024-08-23,,,25.05,4.48,6.25,117.74,1.96,0.72,555.45,1168.02
5621,"LAUKHOWABEEL,DHUBRI",LAKE,ASSAM,2024-09-22,,,23.49,4.37,6.14,116.57,1.92,0.72,567.49,1188.42
5621,"LAUKHOWABEEL,DHUBRI",LAKE,ASSAM,2024-10-22,,,24.37,4.1,5.86,116.01,1.98,0.72,563.38,1063.43
5621,"LAUKHOWABEEL,DHUBRI",LAKE,ASSAM,2024-11-21,,,23.65,4.13,6.16,121.05,2.0,0.73,560.06,1106.77
3783,"MAGURI BEEL, GUIJAN, TINSUKIA",LAKE,ASSAM,2023-01-01,27.578879,95.328004,25.99,7.03,6.87,135.31,2.32,1.19,508.98,1137.26
3783,"MAGURI BEEL, GUIJAN, TINSUKIA",LAKE,ASSAM,2023-01-31,27.578879,95.328004,24.78,7.35,7.3,144.49,2.23,1.18,491.35,1119.05
3783,"MAGURI BEEL, GUIJAN, TINSUKIA",LAKE,ASSAM,2023-03-02,27.578879,95.328004,26.09,7.72,7.01,138.73,2.35,1.18,516.76,1174.71
3783,"MAGURI BEEL, GUIJAN, TINSUKIA",LAKE,ASSAM,2023-04-01,27.578879,95.328004,26.46,7.52,6.88,144.96,2.29,1.19,509.61,1171.65
3783,"MAGURI BEEL, GUIJAN, TINSUKIA",LAKE,ASSAM,2023-05-01,27.578879,95.328004,25.96,7.63,7.01,136.88,2.47,1.15,491.4,1206.75
3783,"MAGURI BEEL, GUIJAN, TINSUKIA",LAKE,ASSAM,2023-05-31,27.578879,95.328004,27.17,7.54,7.14,150.61,2.47,1.23,490.39,1204.59
3783,"MAGURI BEEL, GUIJAN, TINSUKIA",LAKE,ASSAM,2023-06-30,27.578879,95.328004,25.24,7.99,7.52,140.09,2.52,1.26,499.3,1120.21
3783,"MAGURI BEEL, GUIJAN, TINSUKIA",LAKE,ASSAM,2023-07-30,27.578879,95.328004,27.58,7.97,7.04,143.48,2.36,1.23,509.9,1139.98
3783,"MAGURI BEEL, GUIJAN, TINSUKIA",LAKE,ASSAM,2023-08-29,27.578879,95.328004,25.44,8.14,7.66,145.0,2.45,1.28,545.89,1232.43
3783,"MAGURI BEEL, GUIJAN, TINSUKIA",LAKE,ASSAM,2023-09-28,27.578879,95.328004,26.23,8.02,7.57,151.44,2.57,1.18,534.68,1243.03
3783,"MAGURI BEEL, GUIJAN, TINSUKIA",LAKE,ASSAM,2023-10-28,27.578879,95.328004,27.48,8.32,7.43,155.87,2.58,1.24,546.11,1219.83
3783,"MAGURI BEEL, GUIJAN, TINSUKIA",LAKE,ASSAM,2023-11-27,27.578879,95.328004,26.43,8.14,7.49,145.97,2.45,1.25,517.52,1266.39
3783,"MAGURI BEEL, GUIJAN, TINSUKIA",LAKE,ASSAM,2023-12-27,27.578879,95.328004,28.12,8.05,7.53,155.37,2.58,1.22,531.81,1194.04
3783,"MAGURI BEEL, GUIJAN, TINSUKIA",LAKE,ASSAM,2024-01-26,27.578879,95.328004,28.03,8.16,7.47,149.64,2.56,1.22,535.37,1262.61
3783,"MAGURI BEEL, GUIJAN, TINSUKIA",LAKE,ASSAM,2024-02-25,27.578879,95.328004,28.82,8.25,7.91,149.64,2.66,1.33,562.42,1250.03
3783,"MAGURI BEEL, GUIJAN, TINSUKIA",LAKE,ASSAM,2024-03-26,27.578879,95.328004,26.97,8.34,7.46,155.61,2.66,1.24,566.11,1212.35
3783,"MAGURI BEEL, GUIJAN, TINSUKIA",LAKE,ASSAM,2024-04-25,27.578879,95.328004,27.09,8.21,8.02,163.45,2.69,1.3,546.79,1265.95
3783,"MAGURI BEEL, GUIJAN, TINSUKIA",LAKE,ASSAM,2024-05-25,27.578879,95.328004,27.96,8.16,7.99,159.9,2.53,1.37,538.72,1319.09
3783,"MAGURI BEEL, GUIJAN, TINSUKIA",LAKE,ASSAM,2024-06-24,27.578879,95.328004,29.17,8.79,7.99,161.46,2.55,1.35,579.64,1334.73
3783,"MAGURI BEEL, GUIJAN, TINSUKIA",LAKE,ASSAM,2024-07-24,27.578879,95.328004,30.21,8.72,7.88,162.8,2.57,1.34,588.33,1264.17
3783,"MAGURI BEEL, GUIJAN, TINSUKIA",LAKE,ASSAM,2024-08-23,27.578879,95.328004,28.54,8.74,8.06,168.73,2.6,1.3,588.06,1261.42
3783,"MAGURI BEEL, GUIJAN, TINSUKIA",LAKE,ASSAM,2024-09-22,27.578879,95.328004,29.41,8.6,8.38,163.04,2.59,1.39,574.77,1333.65
3783,"MAGURI BEEL, GUIJAN, TINSUKIA",LAKE,ASSAM,2024-10-22,27.578879,95.328004,29.78,8.74,7.91,160.96,2.72,1.39,588.88,1360.21
3783,"MAGURI BEEL, GUIJAN, TINSUKIA",LAKE,ASSAM,2024-11-21,27.578879,95.328004,30.78,8.7,8.03,165.97,2.81,1.33,590.74,1364.93
5622,"MAGURI BEEL NEAR BRIDGE,TINSUKIA",LAKE,ASSAM,2023-01-01,,,24.05,7.19,7.2,145.58,2.31,0.92,318.11,965.9
5622,"MAGURI BEEL NEAR BRIDGE,TINSUKIA",LAKE,ASSAM,2023-01-31,,,24.6,7.03,7.19,140.01,2.33,0.93,314.81,1001.94
5622,"MAGURI BEEL NEAR BRIDGE,TINSUKIA",LAKE,ASSAM,2023-03-02,,,23.44,7.5,7.4,145.84,2.23,0.86,336.12,1006.22
5622,"MAGURI BEEL NEAR BRIDGE,TINSUKIA",LAKE,ASSAM,2023-04-01,,,24.17,7.3,7.04,142.8,2.22,0.93,315.87,961.03
5622,"MAGURI BEEL NEAR BRIDGE,TINSUKIA",LAKE,ASSAM,2023-05-01,,,24.0,7.56,7.02,141.35,2.24,0.88,332.48,998.45
5622,"MAGURI BEEL NEAR BRIDGE,TINSUKIA",LAKE,ASSAM,2023-05-31,,,23.38,7.61,7.45,137.68,2.23,0.86,331.36,998.02
5622,"MAGURI BEEL NEAR BRIDGE,TINSUKIA",LAKE,ASSAM,2023-06-30,,,23.96,6.95,7.68,141.53,2.32,0.87,335.45,1017.62
5622,"MAGURI BEEL NEAR BRIDGE,TINSUKIA",LAKE,ASSAM,2023-07-30,,,23.41,7.45,7.5,136.16,2.35,0.91,325.29,984.58
5622,"MAGURI BEEL NEAR BRIDGE,TINSUKIA",LAKE,ASSAM,2023-08-29,,,23.53,7.2,7.38,134.62,2.17,0.89,319.45,1009.76
5622,"MAGURI BEEL NEAR BRIDGE,TINSUKIA",LAKE,ASSAM,2023-09-28,,,24.24,6.94,7.62,133.97,2.25,0.86,317.76,956.88
5622,"MAGURI BEEL NEAR BRIDGE,TINSUKIA",LAKE,ASSAM,2023-10-28,,,24.99,6.91,7.23,134.72,2.17,0.92,343.78,989.24
5622,"MAGURI BEEL NEAR BRIDGE,TINSUKIA",LAKE,ASSAM,2023-11-27,,,24.12,7.25,7.47,134.03,2.35,0.86,328.27,984.85
5622,"MAGURI BEEL NEAR BRIDGE,TINSUKIA",LAKE,ASSAM,2023-12-27,,,25.01,6.92,7.37,147.24,2.17,0.9,316.31,1008.22
5622,"MAGURI BEEL NEAR BRIDGE,TINSUKIA",LAKE,ASSAM,2024-01-26,,,24.04,7.15,7.24,143.47,2.31,0.86,338.42,1050.45
5622,"MAGURI BEEL NEAR BRIDGE,TINSUKIA",LAKE,ASSAM,2024-02-25,,,23.84,6.92,7.54,141.98,2.21,0.89,338.04,1021.03
5622,"MAGURI BEEL NEAR BRIDGE,TINSUKIA",LAKE,ASSAM,2024-03-26,,,24.88,7.31,7.47,139.97,2.25,0.94,342.62,1006.64
5622,"MAGURI BEEL NEAR BRIDGE,TINSUKIA",LAKE,ASSAM,2024-04-25,,,22.97,6.97,7.42,145.54,2.14,0.87,336.34,960.97
5622,"MAGURI BEEL NEAR BRIDGE,TINSUKIA",LAKE,ASSAM,2024-05-25,,,23.91,7.4,7.7,139.64,2.26,0.87,334.19,1005.55
5622,"MAGURI BEEL NEAR BRIDGE,TINSUKIA",LAKE,ASSAM,2024-06-24,,,25.1,7.3,7.63,134.31,2.25,0.88,339.54,990.99
5622,"MAGURI BEEL NEAR BRIDGE,TINSUKIA",LAKE,ASSAM,2024-07-24,,,23.06,7.07,7.0,139.21,2.16,0.94,313.57,973.58
5622,"MAGURI BEEL NEAR BRIDGE,TINSUKIA",LAKE,ASSAM,2024-08-23,,,23.74,7.0,7.28,142.5,2.27,0.88,338.7,1017.92
5622,"MAGURI BEEL NEAR BRIDGE,TINSUKIA",LAKE,ASSAM,2024-09-22,,,23.47,6.9,7.61,146.72,2.19,0.89,337.02,1031.81
5622,"MAGURI BEEL NEAR BRIDGE,TINSUKIA",LAKE,ASSAM,2024-10-22,,,23.32,7.54,7.53,134.18,2.2,0.86,338.48,963.63
5622,"MAGURI BEEL NEAR BRIDGE,TINSUKIA",LAKE,ASSAM,2024-11-21,,,23.88,7.3,7.6,138.24,2.18,0.86,322.1,1034.04
3800,MALINI BEEL NEAR INDUTRIAL AREA AT RAMNAGAR,LAKE,ASSAM,2023-01-01,24.845637,92.770562,23.07,4.88,6.74,157.49,2.34,1.23,459.36,1200.16
3800,MALINI BEEL NEAR INDUTRIAL AREA AT RAMNAGAR,LAKE,ASSAM,2023-01-31,24.845637,92.770562,23.58,4.83,6.82,156.71,2.46,1.2,455.04,1126.75
3800,MALINI BEEL NEAR INDUTRIAL AREA AT RAMNAGAR,LAKE,ASSAM,2023-03-02,24.845637,92.770562,22.91,4.84,7.17,159.69,2.42,1.21,443.99,1169.3
3800,MALINI BEEL NEAR INDUTRIAL AREA AT RAMNAGAR,LAKE,ASSAM,2023-04-01,24.845637,92.770562,23.74,4.91,6.89,158.16,2.39,1.32,480.27,1236.47
3800,MALINI BEEL NEAR INDUTRIAL AREA AT RAMNAGAR,LAKE,ASSAM,2023-05-01,24.845637,92.770562,24.22,5.09,7.21,160.96,2.41,1.24,444.72,1179.62
3800,MALINI BEEL NEAR INDUTRIAL AREA AT RAMNAGAR,LAKE,ASSAM,2023-05-31,24.845637,92.770562,23.54,4.75,6.88,160.35,2.47,1.3,446.67,1189.41
3800,MALINI BEEL NEAR INDUTRIAL AREA AT RAMNAGAR,LAKE,ASSAM,2023-06-30,24.845637,92.770562,24.62,5.14,7.08,152.81,2.49,1.31,479.15,1196.62
3800,MALINI BEEL NEAR INDUTRIAL AREA AT RAMNAGAR,LAKE,ASSAM,2023-07-30,24.845637,92.770562,24.45,4.93,7.06,154.76,2.55,1.28,475.33,1247.57
3800,MALINI BEEL NEAR INDUTRIAL AREA AT RAMNAGAR,LAKE,ASSAM,2023-08-29,24.845637,92.770562,25.26,5.08,7.25,164.1,2.66,1.3,483.76,1224.37
3800,MALINI BEEL NEAR INDUTRIAL AREA AT RAMNAGAR,LAKE,ASSAM,2023-09-28,24.845637,92.770562,24.57,4.88,7.43,159.57,2.62,1.3,497.18,1202.12
3800,MALINI BEEL NEAR INDUTRIAL AREA AT RAMNAGAR,LAKE,ASSAM,2023-10-28,24.845637,92.770562,25.13,5.04,7.48,167.38,2.65,1.37,470.6,1194.94
3800,MALINI BEEL NEAR INDUTRIAL AREA AT RAMNAGAR,LAKE,ASSAM,2023-11-27,24.845637,92.770562,24.73,5.25,7.73,161.55,2.55,1.4,481.69,1205.48
3800,MALINI BEEL NEAR INDUTRIAL AREA AT RAMNAGAR,LAKE,ASSAM,2023-12-27,24.845637,92.770562,25.82,5.24,7.59,173.25,2.75,1.32,477.45,1249.91
3800,MALINI BEEL NEAR INDUTRIAL AREA AT RAMNAGAR,LAKE,ASSAM,2024-01-26,24.845637,92.770562,25.43,5.17,7.61,174.5,2.76,1.33,515.61,1316.21
3800,MALINI BEEL NEAR INDUTRIAL AREA AT RAMNAGAR,LAKE,ASSAM,2024-02-25,24.845637,92.770562,26.68,5.34,7.52,175.71,2.66,1.38,503.74,1311.39
3800,MALINI BEEL NEAR INDUTRIAL AREA AT RAMNAGAR,LAKE,ASSAM,2024-03-26,24.845637,92.770562,25.55,5.14,7.88,173.44,2.61,1.46,489.22,1267.27
3800,MALINI BEEL NEAR INDUTRIAL AREA AT RAMNAGAR,LAKE,ASSAM,2024-04-25,24.845637,92.770562,26.16,5.61,8.07,179.72,2.8,1.39,511.08,1352.43
3800,MALINI BEEL NEAR INDUTRIAL AREA AT RAMNAGAR,LAKE,ASSAM,2024-05-25,24.845637,92.770562,26.03,5.51,8.19,180.19,2.65,1.43,508.52,1282.66
3800,MALINI BEEL NEAR INDUTRIAL AREA AT RAMNAGAR,LAKE,ASSAM,2024-06-24,24.845637,92.770562,26.19,5.23,8.23,174.0,2.67,1.4,516.37,1289.17
3800,MALINI BEEL NEAR INDUTRIAL AREA AT RAMNAGAR,LAKE,ASSAM,2024-07-24,24.845637,92.770562,25.96,5.28,8.27,183.01,2.83,1.4,535.89,1368.94
3800,MALINI BEEL NEAR INDUTRIAL AREA AT RAMNAGAR,LAKE,ASSAM,2024-08-23,24.845637,92.770562,27.45,5.7,8.37,182.37,2.85,1.48,544.67,1364.17
3800,MALINI BEEL NEAR INDUTRIAL AREA AT RAMNAGAR,LAKE,ASSAM,2024-09-22,24.845637,92.770562,28.06,5.61,8.27,178.94,2.94,1.48,520.88,1371.08
3800,MALINI BEEL NEAR INDUTRIAL AREA AT RAMNAGAR,LAKE,ASSAM,2024-10-22,24.845637,92.770562,27.13,5.72,8.21,175.01,2.94,1.54,525.79,1384.69
3800,MALINI BEEL NEAR INDUTRIAL AREA AT RAMNAGAR,LAKE,ASSAM,2024-11-21,24.845637,92.770562,27.51,5.78,8.37,176.43,2.86,1.52,556.11,1430.49
2205,"MER BEEL AT MADHABPUR, ASSAM",LAKE,ASSAM,2023-01-01,27.316822,95.212211,22.02,6.22,6.98,140.59,2.28,1.18,659.74,1100.67
2205,"MER BEEL AT MADHABPUR, ASSAM",LAKE,ASSAM,2023-01-31,27.316822,95.212211,22.63,5.8,7.37,143.72,2.11,1.18,667.36,1099.39
2205,"MER BEEL AT MADHABPUR, ASSAM",LAKE,ASSAM,2023-03-02,27.316822,95.212211,23.54,5.75,6.88,141.36,2.16,1.18,648.59,1057.71
2205,"MER BEEL AT MADHABPUR, ASSAM",LAKE,ASSAM,2023-04-01,27.316822,95.212211,23.53,6.18,7.23,133.19,2.1,1.19,676.91,1130.09
2205,"MER BEEL AT MADHABPUR, ASSAM",LAKE,ASSAM,2023-05-01,27.316822,95.212211,23.46,5.92,7.03,136.85,2.3,1.15,701.86,1102.51
2205,"MER BEEL AT MADHABPUR, ASSAM",LAKE,ASSAM,2023-05-31,27.316822,95.212211,21.8,6.28,7.17,142.31,2.19,1.23,667.26,1115.45
2205,"MER BEEL AT MADHABPUR, ASSAM",LAKE,ASSAM,2023-06-30,27.316822,95.212211,21.97,6.02,7.07,143.34,2.27,1.17,701.14,1143.35
2205,"MER BEEL AT MADHABPUR, ASSAM",LAKE,ASSAM,2023-07-30,27.316822,95.212211,23.5,6.06,6.8,137.55,2.25,1.2,660.23,1116.96
2205,"MER BEEL AT MADHABPUR, ASSAM",LAKE,ASSAM,2023-08-29,27.316822,95.212211,22.91,6.22,7.26,134.71,2.1,1.19,668.62,1083.73
2205,"MER BEEL AT MADHABPUR, ASSAM",LAKE,ASSAM,2023-09-28,27.316822,95.212211,22.85,5.91,6.89,137.56,2.11,1.17,680.78,1072.62
2205,"MER BEEL AT MADHABPUR, ASSAM",LAKE,ASSAM,2023-10-28,27.316822,95.212211,21.65,6.34,7.1,141.28,2.25,1.25,641.47,1121.53
2205,"MER BEEL AT MADHABPUR, ASSAM",LAKE,ASSAM,2023-11-27,27.316822,95.212211,22.79,6.13,7.23,139.56,2.16,1.22,705.18,1103.18
2205,"MER BEEL AT MADHABPUR, ASSAM",LAKE,ASSAM,2023-12-27,27.316822,95.212211,21.82,5.78,7.08,132.54,2.09,1.23,684.26,1072.0
2205,"MER BEEL AT MADHABPUR, ASSAM",LAKE,ASSAM,2024-01-26,27.316822,95.212211,22.13,5.89,6.74,139.59,2.3,1.26,703.97,1061.21
2205,"MER BEEL AT MADHABPUR, ASSAM",LAKE,ASSAM,2024-02-25,27.316822,95.212211,22.25,6.16,6.82,141.46,2.09,1.21,653.14,1133.81
2205,"MER BEEL AT MADHABPUR, ASSAM",LAKE,ASSAM,2024-03-26,27.316822,95.212211,21.56,6.04,7.07,132.02,2.29,1.24,708.68,1120.96
2205,"MER BEEL AT MADHABPUR, ASSAM",LAKE,ASSAM,2024-04-25,27.316822,95.212211,22.43,6.2,6.74,137.6,2.27,1.17,696.01,1071.32
2205,"MER BEEL AT MADHABPUR, ASSAM",LAKE,ASSAM,2024-05-25,27.316822,95.212211,22.47,5.93,7.19,142.79,2.2,1.16,649.39,1064.31
2205,"MER BEEL AT MADHABPUR, ASSAM",LAKE,ASSAM,2024-06-24,27.316822,95.212211,22.33,5.96,7.32,135.19,2.26,1.25,664.53,1100.95
2205,"MER BEEL AT MADHABPUR, ASSAM",LAKE,ASSAM,2024-07-24,27.316822,95.212211,22.57,6.31,7.09,141.73,2.2,1.16,703.85,1081.26
2205,"MER BEEL AT MADHABPUR, ASSAM",LAKE,ASSAM,2024-08-23,27.316822,95.212211,21.39,6.08,6.82,135.35,2.13,1.25,691.78,1077.48
2205,"MER BEEL AT MADHABPUR, ASSAM",LAKE,ASSAM,2024-09-22,27.316822,95.212211,22.14,6.19,6.93,133.74,2.21,1.15,690.88,1158.63
2205,"MER BEEL AT MADHABPUR, ASSAM",LAKE,ASSAM,2024-10-22,27.316822,95.212211,21.61,6.3,7.1,136.72,2.18,1.24,646.09,1064.24
2205,"MER BEEL AT MADHABPUR, ASSAM",LAKE,ASSAM,2024-11-21,27.316822,95.212211,22.97,6.12,6.84,141.68,2.15,1.26,702.58,1139.99
5620,"PANIDIHING BIRD SANCTUARY ,SIVASAGAR",LAKE,ASSAM,2023-01-01,,,30.34,5.46,6.81,104.71,2.1,0.96,601.23,1581.69
5620,"PANIDIHING BIRD SANCTUARY ,SIVASAGAR",LAKE,ASSAM,2023-01-31,,,29.75,5.76,7.43,102.65,2.16,0.95,611.69,1533.12
5620,"PANIDIHING BIRD SANCTUARY ,SIVASAGAR",LAKE,ASSAM,2023-03-02,,,29.28,5.79,7.01,97.83,2.3,0.92,624.5,1637.41
5620,"PANIDIHING BIRD SANCTUARY ,SIVASAGAR",LAKE,ASSAM,2023-04-01,,,31.19,5.47,7.45,105.32,2.18,0.93,585.47,1637.32
5620,"PANIDIHING BIRD SANCTUARY ,SIVASAGAR",LAKE,ASSAM,2023-05-01,,,30.55,5.56,6.9,98.44,2.21,0.97,607.09,1565.37
5620,"PANIDIHING BIRD SANCTUARY ,SIVASAGAR",LAKE,ASSAM,2023-05-31,,,30.81,5.53,7.22,100.59,2.31,0.98,607.34,1569.87
5620,"PANIDIHING BIRD SANCTUARY ,SIVASAGAR",LAKE,ASSAM,2023-06-30,,,31.04,5.41,7.1,102.3,2.2,0.94,604.9,1585.74
5620,"PANIDIHING BIRD SANCTUARY ,SIVASAGAR",LAKE,ASSAM,2023-07-30,,,31.1,5.38,7.11,101.96,2.29,0.93,601.38,1580.53
5620,"PANIDIHING BIRD SANCTUARY ,SIVASAGAR",LAKE,ASSAM,2023-08-29,,,28.92,5.33,7.06,97.62,2.14,0.98,595.31,1576.79
5620,"PANIDIHING BIRD SANCTUARY ,SIVASAGAR",LAKE,ASSAM,2023-09-28,,,29.62,5.83,7.03,106.34,2.09,0.98,596.53,1581.32
5620,"PANIDIHING BIRD SANCTUARY ,SIVASAGAR",LAKE,ASSAM,2023-10-28,,,31.18,5.82,6.91,102.16,2.1,0.91,622.14,1560.33
5620,"PANIDIHING BIRD SANCTUARY ,SIVASAGAR",LAKE,ASSAM,2023-11-27,,,30.2,5.42,7.39,104.24,2.21,0.97,589.87,1603.49
5620,"PANIDIHING BIRD SANCTUARY ,SIVASAGAR",LAKE,ASSAM,2023-12-27,,,30.19,5.56,6.87,101.21,2.29,0.97,620.09,1632.1
5620,"PANIDIHING BIRD SANCTUARY ,SIVASAGAR",LAKE,ASSAM,2024-01-26,,,29.32,5.53,7.24,99.73,2.1,0.91,605.68,1654.41
5620,"PANIDIHING BIRD SANCTUARY ,SIVASAGAR",LAKE,ASSAM,2024-02-25,,,29.04,5.79,6.92,98.09,2.22,0.91,611.39,1573.65
5620,"PANIDIHING BIRD SANCTUARY ,SIVASAGAR",LAKE,ASSAM,2024-03-26,,,29.76,5.39,6.77,103.24,2.2,0.96,592.99,1599.11
5620,"PANIDIHING BIRD SANCTUARY ,SIVASAGAR",LAKE,ASSAM,2024-04-25,,,28.63,5.82,7.08,98.19,2.11,0.91,594.14,1619.1
5620,"PANIDIHING BIRD SANCTUARY ,SIVASAGAR",LAKE,ASSAM,2024-05-25,,,30.41,5.65,7.22,104.69,2.14,0.96,622.16,1557.52
5620,"PANIDIHING BIRD SANCTUARY ,SIVASAGAR",LAKE,ASSAM,2024-06-24,,,28.73,5.79,7.4,104.23,2.28,0.97,628.81,1520.04
5620,"PANIDIHING BIRD SANCTUARY ,SIVASAGAR",LAKE,ASSAM,2024-07-24,,,28.58,5.79,7.18,97.99,2.1,0.98,605.66,1675.87
5620,"PANIDIHING BIRD SANCTUARY ,SIVASAGAR",LAKE,ASSAM,2024-08-23,,,29.64,5.66,7.34,97.52,2.22,0.99,607.12,1632.3
5620,"PANIDIHING BIRD SANCTUARY ,SIVASAGAR",LAKE,ASSAM,2024-09-22,,,29.21,5.69,7.43,102.95,2.29,0.97,608.81,1626.88
5620,"PANIDIHING BIRD SANCTUARY ,SIVASAGAR",LAKE,ASSAM,2024-10-22,,,30.08,5.82,7.17,106.28,2.27,0.97,582.73,1566.2
5620,"PANIDIHING BIRD SANCTUARY ,SIVASAGAR",LAKE,ASSAM,2024-11-21,,,29.51,5.66,7.01,100.05,2.31,0.94,584.66,1663.71
3808,PARASHALI BEEL AT DEMORIA,LAKE,ASSAM,2023-01-01,26.135742,92.073475,26.56,6.2,7.06,118.99,2.45,1.69,452.93,1047.44
3808,PARASHALI BEEL AT DEMORIA,LAKE,ASSAM,2023-01-31,26.135742,92.073475,27.1,6.02,7.24,117.11,2.39,1.58,432.52,1043.94
3808,PARASHALI BEEL AT DEMORIA,LAKE,ASSAM,2023-03-02,26.135742,92.073475,28.87,6.36,7.13,121.61,2.3,1.71,442.53,952.56
3808,PARASHALI BEEL AT DEMORIA,LAKE,ASSAM,2023-04-01,26.135742,92.073475,28.64,6.24,7.37,114.4,2.33,1.65,469.8,979.33
3808,PARASHALI BEEL AT DEMORIA,LAKE,ASSAM,2023-05-01,26.135742,92.073475,28.33,5.89,7.21,123.92,2.4,1.73,468.07,1043.12
3808,PARASHALI BEEL AT DEMORIA,LAKE,ASSAM,2023-05-31,26.135742,92.073475,28.53,6.34,6.95,116.5,2.31,1.68,463.18,1015.96
3808,PARASHALI BEEL AT DEMORIA,LAKE,ASSAM,2023-06-30,26.135742,92.073475,27.75,6.38,7.11,114.83,2.34,1.58,467.7,1036.62
3808,PARASHALI BEEL AT DEMORIA,LAKE,ASSAM,2023-07-30,26.135742,92.073475,27.34,6.32,7.28,119.48,2.3,1.58,458.44,1007.3
3808,PARASHALI BEEL AT DEMORIA,LAKE,ASSAM,2023-08-29,26.135742,92.073475,28.16,5.84,7.61,116.22,2.42,1.59,477.0,1005.66
3808,PARASHALI BEEL AT DEMORIA,LAKE,ASSAM,2023-09-28,26.135742,92.073475,26.15,6.18,7.31,118.84,2.4,1.69,463.79,972.46
3808,PARASHALI BEEL AT DEMORIA,LAKE,ASSAM,2023-10-28,26.135742,92.073475,27.51,6.14,7.22,123.02,2.4,1.64,434.89,1027.93
3808,PARASHALI BEEL AT DEMORIA,LAKE,ASSAM,2023-11-27,26.135742,92.073475,27.31,6.08,6.93,123.11,2.42,1.72,450.17,988.39
3808,PARASHALI BEEL AT DEMORIA,LAKE,ASSAM,2023-12-27,26.135742,92.073475,26.63,5.98,7.38,116.44,2.42,1.65,450.62,989.4
3808,PARASHALI BEEL AT DEMORIA,LAKE,ASSAM,2024-01-26,26.135742,92.073475,28.01,6.18,6.92,116.65,2.37,1.66,448.99,981.3
3808,PARASHALI BEEL AT DEMORIA,LAKE,ASSAM,2024-02-25,26.135742,92.073475,26.24,6.01,7.19,114.5,2.24,1.59,461.23,977.08
3808,PARASHALI BEEL AT DEMORIA,LAKE,ASSAM,2024-03-26,26.135742,92.073475,27.28,6.36,7.59,120.59,2.39,1.66,469.89,1038.34
3808,PARASHALI BEEL AT DEMORIA,LAKE,ASSAM,2024-04-25,26.135742,92.073475,26.88,6.13,7.41,120.17,2.39,1.67,464.29,968.63
3808,PARASHALI BEEL AT DEMORIA,LAKE,ASSAM,2024-05-25,26.135742,92.073475,27.07,5.94,7.03,116.92,2.47,1.64,436.96,951.33
3808,PARASHALI BEEL AT DEMORIA,LAKE,ASSAM,2024-06-24,26.135742,92.073475,28.45,6.04,7.24,125.67,2.37,1.72,467.35,979.54
3808,PARASHALI BEEL AT DEMORIA,LAKE,ASSAM,2024-07-24,26.135742,92.073475,26.77,6.01,7.52,118.44,2.34,1.62,438.94,973.4
3808,PARASHALI BEEL AT DEMORIA,LAKE,ASSAM,2024-08-23,26.135742,92.073475,27.79,6.14,7.57,125.2,2.3,1.59,454.22,1035.94
3808,PARASHALI BEEL AT DEMORIA,LAKE,ASSAM,2024-09-22,26.135742,92.073475,28.58,6.09,7.3,121.66,2.32,1.61,450.61,956.93
3808,PARASHALI BEEL AT DEMORIA,LAKE,ASSAM,2024-10-22,26.135742,92.073475,27.59,6.07,6.99,123.5,2.27,1.71,461.7,997.33
3808,PARASHALI BEEL AT DEMORIA,LAKE,ASSAM,2024-11-21,26.135742,92.073475,27.77,6.07,7.55,117.36,2.45,1.61,473.43,964.13
3798,SAMAGURI BEEL IN NAGAON DISTRICT,LAKE,ASSAM,2023-01-01,26.347108,92.68831,24.88,5.66,6.76,108.67,2.19,1.12,477.3,1198.98
3798,SAMAGURI BEEL IN NAGAON DISTRICT,LAKE,ASSAM,2023-01-31,26.347108,92.68831,24.3,5.45,6.91,106.81,2.24,1.16,456.78,1131.33
3798,SAMAGURI BEEL IN NAGAON DISTRICT,LAKE,ASSAM,2023-03-02,26.347108,92.68831,25.56,5.23,6.75,101.32,2.31,1.19,442.45,1128.23
3798,SAMAGURI BEEL IN NAGAON DISTRICT,LAKE,ASSAM,2023-04-01,26.347108,92.68831,25.7,5.5,6.85,107.85,2.35,1.16,442.39,1166.68
3798,SAMAGURI BEEL IN NAGAON DISTRICT,LAKE,ASSAM,2023-05-01,26.347108,92.68831,24.17,5.64,7.2,100.22,2.2,1.2,457.18,1120.74
3798,SAMAGURI BEEL IN NAGAON DISTRICT,LAKE,ASSAM,2023-05-31,26.347108,92.68831,25.77,5.36,6.76,100.94,2.31,1.19,470.62,1140.25
3798,SAMAGURI BEEL IN NAGAON DISTRICT,LAKE,ASSAM,2023-06-30,26.347108,92.68831,24.85,5.6,6.88,109.39,2.23,1.12,448.55,1121.21
3798,SAMAGURI BEEL IN NAGAON DISTRICT,LAKE,ASSAM,2023-07-30,26.347108,92.68831,25.6,5.61,7.03,109.35,2.21,1.1,459.95,1113.12
3798,SAMAGURI BEEL IN NAGAON DISTRICT,LAKE,ASSAM,2023-08-29,26.347108,92.68831,24.61,5.25,6.96,107.47,2.29,1.18,446.69,1143.39
3798,SAMAGURI BEEL IN NAGAON DISTRICT,LAKE,ASSAM,2023-09-28,26.347108,92.68831,24.43,5.62,6.85,100.0,2.23,1.12,479.93,1205.04
3798,SAMAGURI BEEL IN NAGAON DISTRICT,LAKE,ASSAM,2023-10-28,26.347108,92.68831,26.08,5.2,7.22,109.11,2.28,1.13,462.5,1124.55
3798,SAMAGURI BEEL IN NAGAON DISTRICT,LAKE,ASSAM,2023-11-27,26.347108,92.68831,25.54,5.57,7.33,101.92,2.29,1.18,439.36,1191.53
3798,SAMAGURI BEEL IN NAGAON DISTRICT,LAKE,ASSAM,2023-12-27,26.347108,92.68831,25.3,5.41,7.13,105.1,2.19,1.13,452.99,1169.53
3798,SAMAGURI BEEL IN NAGAON DISTRICT,LAKE,ASSAM,2024-01-26,26.347108,92.68831,26.09,5.45,6.7,109.25,2.31,1.18,473.29,1126.81
3798,SAMAGURI BEEL IN NAGAON DISTRICT,LAKE,ASSAM,2024-02-25,26.347108,92.68831,24.07,5.5,6.87,101.71,2.34,1.12,468.38,1211.87
3798,SAMAGURI BEEL IN NAGAON DISTRICT,LAKE,ASSAM,2024-03-26,26.347108,92.68831,24.72,5.31,6.78,103.8,2.25,1.21,481.18,1210.23
3798,SAMAGURI BEEL IN NAGAON DISTRICT,LAKE,ASSAM,2024-04-25,26.347108,92.68831,23.96,5.58,7.14,102.1,2.14,1.12,461.87,1156.22
3798,SAMAGURI BEEL IN NAGAON DISTRICT,LAKE,ASSAM,2024-05-25,26.347108,92.68831,24.72,5.22,6.72,101.76,2.25,1.09,454.17,1126.02
3798,SAMAGURI BEEL IN NAGAON DISTRICT,LAKE,ASSAM,2024-06-24,26.347108,92.68831,23.86,5.61,6.75,109.94,2.16,1.19,480.56,1130.53
3798,SAMAGURI BEEL IN NAGAON DISTRICT,LAKE,ASSAM,2024-07-24,26.347108,92.68831,25.01,5.43,7.2,101.01,2.32,1.17,476.2,1204.32
3798,SAMAGURI BEEL IN NAGAON DISTRICT,LAKE,ASSAM,2024-08-23,26.347108,92.68831,25.47,5.48,6.81,108.59,2.2,1.18,470.68,1119.18
3798,SAMAGURI BEEL IN NAGAON DISTRICT,LAKE,ASSAM,2024-09-22,26.347108,92.68831,24.26,5.16,6.81,107.78,2.36,1.11,446.59,1111.24
3798,SAMAGURI BEEL IN NAGAON DISTRICT,LAKE,ASSAM,2024-10-22,26.347108,92.68831,25.0,5.43,6.85,99.75,2.26,1.16,463.24,1195.69
3798,SAMAGURI BEEL IN NAGAON DISTRICT,LAKE,ASSAM,2024-11-21,26.347108,92.68831,24.9,5.37,6.91,107.41,2.31,1.11,474.75,1119.92
2215,"SARAN BEEL, ASSAM",LAKE,ASSAM,2023-01-01,26.233911,92.300531,27.03,6.95,7.1,101.24,2.21,1.02,328.89,823.33
2215,"SARAN BEEL, ASSAM",LAKE,ASSAM,2023-01-31,26.233911,92.300531,27.41,7.36,7.07,102.38,2.13,0.98,317.38,829.98
2215,"SARAN BEEL, ASSAM",LAKE,ASSAM,2023-03-02,26.233911,92.300531,25.56,7.22,6.94,103.67,2.06,0.99,316.55,860.13
2215,"SARAN BEEL, ASSAM",LAKE,ASSAM,2023-04-01,26.233911,92.300531,25.63,7.2,7.49,98.86,2.0,1.02,308.54,807.29
2215,"SARAN BEEL, ASSAM",LAKE,ASSAM,2023-05-01,26.233911,92.300531,26.89,7.11,7.07,97.17,2.03,0.97,316.03,871.86
2215,"SARAN BEEL, ASSAM",LAKE,ASSAM,2023-05-31,26.233911,92.300531,26.69,6.67,6.77,101.03,2.06,0.92,332.43,822.07
2215,"SARAN BEEL, ASSAM",LAKE,ASSAM,2023-06-30,26.233911,92.300531,25.28,6.92,7.28,97.27,1.97,0.92,301.59,781.36
2215,"SARAN BEEL, ASSAM",LAKE,ASSAM,2023-07-30,26.233911,92.300531,25.1,6.76,6.96,99.37,2.08,0.91,313.4,810.33
2215,"SARAN BEEL, ASSAM",LAKE,ASSAM,2023-08-29,26.233911,92.300531,24.23,6.65,7.19,99.5,2.09,0.95,310.42,761.47
2215,"SARAN BEEL, ASSAM",LAKE,ASSAM,2023-09-28,26.233911,92.300531,25.74,6.68,6.55,93.34,2.08,0.91,297.04,767.9
2215,"SARAN BEEL, ASSAM",LAKE,ASSAM,2023-10-28,26.233911,92.300531,25.63,6.57,6.72,93.5,2.03,0.9,310.31,773.65
2215,"SARAN BEEL, ASSAM",LAKE,ASSAM,2023-11-27,26.233911,92.300531,23.65,6.68,6.77,91.76,1.86,0.91,286.48,817.02
2215,"SARAN BEEL, ASSAM",LAKE,ASSAM,2023-12-27,26.233911,92.300531,23.22,6.9,6.59,90.17,1.98,0.86,309.64,745.55
2215,"SARAN BEEL, ASSAM",LAKE,ASSAM,2024-01-26,26.233911,92.300531,23.14,6.15,6.42,90.36,1.9,0.87,296.75,787.9
2215,"SARAN BEEL, ASSAM",LAKE,ASSAM,2024-02-25,26.233911,92.300531,23.49,6.73,6.88,96.02,1.91,0.91,290.29,719.99
2215,"SARAN BEEL, ASSAM",LAKE,ASSAM,2024-03-26,26.233911,92.300531,23.6,6.21,6.66,91.19,1.81,0.9,302.17,782.26
2215,"SARAN BEEL, ASSAM",LAKE,ASSAM,2024-04-25,26.233911,92.300531,24.65,6.41,6.46,87.98,1.86,0.88,285.67,738.88
2215,"SARAN BEEL, ASSAM",LAKE,ASSAM,2024-05-25,26.233911,92.300531,23.52,5.97,6.37,87.88,1.81,0.89,278.71,719.25
2215,"SARAN BEEL, ASSAM",LAKE,ASSAM,2024-06-24,26.233911,92.300531,22.93,6.19,5.96,89.79,1.86,0.86,274.43,767.24
2215,"SARAN BEEL, ASSAM",LAKE,ASSAM,2024-07-24,26.233911,92.300531,24.06,6.0,6.55,86.3,1.81,0.86,288.92,758.15
2215,"SARAN BEEL, ASSAM",LAKE,ASSAM,2024-08-23,26.233911,92.300531,23.25,5.91,6.5,92.64,1.76,0.79,265.04,689.56
2215,"SARAN BEEL, ASSAM",LAKE,ASSAM,2024-09-22,26.233911,92.300531,21.02,5.69,6.38,82.43,1.67,0.78,258.48,701.82
2215,"SARAN BEEL, ASSAM",LAKE,ASSAM,2024-10-22,26.233911,92.300531,21.4,5.79,5.83,83.03,1.86,0.79,273.92,742.04
2215,"SARAN BEEL, ASSAM",LAKE,ASSAM,2024-11-21,26.233911,92.300531,22.52,5.56,6.26,83.04,1.81,0.78,272.31,733.62
3814,"SILSAKO BEEL, CHACHAL, GUWAHATI",LAKE,ASSAM,2023-01-01,26.185816,91.741047,24.38,2.33,7.2,422.04,14.54,1.39,2241.78,3032.26
3814,"SILSAKO BEEL, CHACHAL, GUWAHATI",LAKE,ASSAM,2023-01-31,26.185816,91.741047,23.68,2.36,7.06,395.54,15.15,1.38,2232.9,3027.17
3814,"SILSAKO BEEL, CHACHAL, GUWAHATI",LAKE,ASSAM,2023-03-02,26.185816,91.741047,24.71,2.32,7.15,383.97,14.94,1.38,2066.65,2986.7
3814,"SILSAKO BEEL, CHACHAL, GUWAHATI",LAKE,ASSAM,2023-04-01,26.185816,91.741047,22.99,2.43,7.28,415.87,14.95,1.26,2193.26,3215.71
3814,"SILSAKO BEEL, CHACHAL, GUWAHATI",LAKE,ASSAM,2023-05-01,26.185816,91.741047,24.06,2.29,6.74,380.52,14.14,1.32,2120.85,3031.09
3814,"SILSAKO BEEL, CHACHAL, GUWAHATI",LAKE,ASSAM,2023-05-31,26.185816,91.741047,22.67,2.45,6.7,410.68,13.99,1.35,2084.81,2898.64
3814,"SILSAKO BEEL, CHACHAL, GUWAHATI",LAKE,ASSAM,2023-06-30,26.185816,91.741047,22.33,2.39,6.61,401.69,14.27,1.28,1963.39,2861.39
3814,"SILSAKO BEEL, CHACHAL, GUWAHATI",LAKE,ASSAM,2023-07-30,26.185816,91.741047,21.44,2.19,7.12,394.22,13.34,1.3,1919.06,2942.7
3814,"SILSAKO BEEL, CHACHAL, GUWAHATI",LAKE,ASSAM,2023-08-29,26.185816,91.741047,22.94,2.29,6.78,365.96,13.78,1.28,2018.47,2915.19
3814,"SILSAKO BEEL, CHACHAL, GUWAHATI",LAKE,ASSAM,2023-09-28,26.185816,91.741047,23.32,2.28,6.6,394.97,13.83,1.26,1928.55,3034.84
3814,"SILSAKO BEEL, CHACHAL, GUWAHATI",LAKE,ASSAM,2023-10-28,26.185816,91.741047,22.31,2.37,6.54,387.76,13.9,1.28,2008.73,2993.48
3814,"SILSAKO BEEL, CHACHAL, GUWAHATI",LAKE,ASSAM,2023-11-27,26.185816,91.741047,22.47,2.23,6.64,375.91,13.97,1.19,1858.64,2962.3
3814,"SILSAKO BEEL, CHACHAL, GUWAHATI",LAKE,ASSAM,2023-12-27,26.185816,91.741047,21.91,2.1,6.42,369.58,13.09,1.27,1964.01,2958.11
3814,"SILSAKO BEEL, CHACHAL, GUWAHATI",LAKE,ASSAM,2024-01-26,26.185816,91.741047,20.28,2.21,6.2,353.73,13.56,1.26,2003.89,2822.51
3814,"SILSAKO BEEL, CHACHAL, GUWAHATI",LAKE,ASSAM,2024-02-25,26.185816,91.741047,20.02,2.12,6.54,350.02,13.76,1.25,1963.7,2639.33
3814,"SILSAKO BEEL, CHACHAL, GUWAHATI",LAKE,ASSAM,2024-03-26,26.185816,91.741047,20.87,2.22,6.32,339.55,12.32,1.21,1963.17,2735.72
3814,"SILSAKO BEEL, CHACHAL, GUWAHATI",LAKE,ASSAM,2024-04-25,26.185816,91.741047,19.97,2.05,6.56,337.0,13.13,1.14,1928.8,2849.61
3814,"SILSAKO BEEL, CHACHAL, GUWAHATI",LAKE,ASSAM,2024-05-25,26.185816,91.741047,20.03,2.14,6.49,342.5,12.62,1.14,1910.2,2830.61
3814,"SILSAKO BEEL, CHACHAL, GUWAHATI",LAKE,ASSAM,2024-06-24,26.185816,91.741047,21.36,1.97,5.81,346.29,12.2,1.18,1735.44,2690.34
3814,"SILSAKO BEEL, CHACHAL, GUWAHATI",LAKE,ASSAM,2024-07-24,26.185816,91.741047,20.91,2.07,6.16,328.44,13.05,1.15,1764.85,2651.22
3814,"SILSAKO BEEL, CHACHAL, GUWAHATI",LAKE,ASSAM,2024-08-23,26.185816,91.741047,20.39,2.16,6.12,349.47,13.03,1.1,1736.19,2644.39
3814,"SILSAKO BEEL, CHACHAL, GUWAHATI",LAKE,ASSAM,2024-09-22,26.185816,91.741047,20.42,1.92,6.25,334.72,12.91,1.08,1767.85,2634.87
3814,"SILSAKO BEEL, CHACHAL, GUWAHATI",LAKE,ASSAM,2024-10-22,26.185816,91.741047,19.4,2.06,5.58,318.4,11.94,1.11,1838.03,2454.24
3814,"SILSAKO BEEL, CHACHAL, GUWAHATI",LAKE,ASSAM,2024-11-21,26.185816,91.741047,19.51,1.91,6.06,315.63,12.59,1.1,1774.32,2410.47
3804,SON BEEL WATER AT KARIMGANJ,LAKE,ASSAM,2023-01-01,24.689305,92.432391,21.95,5.63,6.79,123.28,2.38,0.91,439.1,1031.26
3804,SON BEEL WATER AT KARIMGANJ,LAKE,ASSAM,2023-01-31,24.689305,92.432391,23.04,5.92,6.78,120.24,2.32,0.92,455.41,1048.48
3804,SON BEEL WATER AT KARIMGANJ,LAKE,ASSAM,2023-03-02,24.689305,92.432391,21.79,5.74,7.21,118.32,2.45,0.97,476.51,1033.0
3804,SON BEEL WATER AT KARIMGANJ,LAKE,ASSAM,2023-04-01,24.689305,92.432391,21.48,5.52,6.88,129.28,2.34,0.92,449.66,1056.54
3804,SON BEEL WATER AT KARIMGANJ,LAKE,ASSAM,2023-05-01,24.689305,92.432391,22.09,5.9,6.74,122.7,2.29,0.95,468.14,1037.47
3804,SON BEEL WATER AT KARIMGANJ,LAKE,ASSAM,2023-05-31,24.689305,92.432391,22.64,5.51,7.09,121.83,2.35,0.98,481.15,1075.84
3804,SON BEEL WATER AT KARIMGANJ,LAKE,ASSAM,2023-06-30,24.689305,92.432391,20.96,5.64,6.93,124.57,2.44,1.0,467.98,1062.17
3804,SON BEEL WATER AT KARIMGANJ,LAKE,ASSAM,2023-07-30,24.689305,92.432391,22.34,5.73,7.2,125.34,2.46,0.94,443.07,1065.81
3804,SON BEEL WATER AT KARIMGANJ,LAKE,ASSAM,2023-08-29,24.689305,92.432391,22.68,5.62,6.71,122.16,2.31,0.99,467.55,1052.87
3804,SON BEEL WATER AT KARIMGANJ,LAKE,ASSAM,2023-09-28,24.689305,92.432391,22.05,5.61,6.97,124.71,2.4,0.96,459.36,1055.47
3804,SON BEEL WATER AT KARIMGANJ,LAKE,ASSAM,2023-10-28,24.689305,92.432391,21.5,5.7,6.96,119.44,2.33,0.99,439.03,1015.95
3804,SON BEEL WATER AT KARIMGANJ,LAKE,ASSAM,2023-11-27,24.689305,92.432391,22.38,5.49,7.07,121.44,2.5,0.99,472.76,1087.63
3804,SON BEEL WATER AT KARIMGANJ,LAKE,ASSAM,2023-12-27,24.689305,92.432391,23.09,5.73,7.19,119.32,2.41,0.99,453.04,1064.54
3804,SON BEEL WATER AT KARIMGANJ,LAKE,ASSAM,2024-01-26,24.689305,92.432391,21.4,5.59,6.96,121.23,2.39,0.97,452.68,1027.03
3804,SON BEEL WATER AT KARIMGANJ,LAKE,ASSAM,2024-02-25,24.689305,92.432391,21.49,5.95,7.14,118.21,2.3,0.93,469.45,1101.34
3804,SON BEEL WATER AT KARIMGANJ,LAKE,ASSAM,2024-03-26,24.689305,92.432391,21.36,5.63,7.23,124.04,2.3,0.92,472.84,1006.8
3804,SON BEEL WATER AT KARIMGANJ,LAKE,ASSAM,2024-04-25,24.689305,92.432391,21.68,5.7,6.82,128.84,2.52,0.99,476.27,1003.29
3804,SON BEEL WATER AT KARIMGANJ,LAKE,ASSAM,2024-05-25,24.689305,92.432391,22.12,5.53,6.81,121.56,2.44,0.98,481.25,1015.47
3804,SON BEEL WATER AT KARIMGANJ,LAKE,ASSAM,2024-06-24,24.689305,92.432391,21.09,5.73,6.83,127.4,2.37,0.98,462.22,1107.73
3804,SON BEEL WATER AT KARIMGANJ,LAKE,ASSAM,2024-07-24,24.689305,92.432391,22.46,5.5,6.8,118.37,2.4,0.92,450.66,1056.11
3804,SON BEEL WATER AT KARIMGANJ,LAKE,ASSAM,2024-08-23,24.689305,92.432391,21.12,5.45,7.29,122.75,2.37,0.91,470.34,1012.75
3804,SON BEEL WATER AT KARIMGANJ,LAKE,ASSAM,2024-09-22,24.689305,92.432391,21.11,5.48,6.75,120.28,2.37,0.94,463.92,1020.97
3804,SON BEEL WATER AT KARIMGANJ,LAKE,ASSAM,2024-10-22,24.689305,92.432391,21.51,5.56,7.04,120.66,2.28,0.98,457.48,1002.26
3804,SON BEEL WATER AT KARIMGANJ,LAKE,ASSAM,2024-11-21,24.689305,92.432391,22.75,5.44,6.79,121.06,2.48,0.94,462.97,1062.12
3819,"SORU SOLA BEEL, PALTAN BAZAR, GUWAHATI",LAKE,ASSAM,2023-01-01,26.17884,91.752905,24.36,0.67,7.37,421.34,20.54,3.12,3304.26,4637.82
3819,"SORU SOLA BEEL, PALTAN BAZAR, GUWAHATI",LAKE,ASSAM,2023-01-31,26.17884,91.752905,24.35,0.68,7.57,424.22,19.62,2.99,3307.37,4751.41
3819,"SORU SOLA BEEL, PALTAN BAZAR, GUWAHATI",LAKE,ASSAM,2023-03-02,26.17884,91.752905,23.55,0.69,7.47,392.08,19.4,3.31,3329.0,4961.04
3819,"SORU SOLA BEEL, PALTAN BAZAR, GUWAHATI",LAKE,ASSAM,2023-04-01,26.17884,91.752905,24.69,0.73,7.42,391.75,19.82,3.09,3282.89,4588.83
3819,"SORU SOLA BEEL, PALTAN BAZAR, GUWAHATI",LAKE,ASSAM,2023-05-01,26.17884,91.752905,24.0,0.72,7.51,417.36,19.36,3.29,3122.3,4672.54
3819,"SORU SOLA BEEL, PALTAN BAZAR, GUWAHATI",LAKE,ASSAM,2023-05-31,26.17884,91.752905,24.62,0.71,7.27,410.07,20.13,3.11,3173.5,4655.07
3819,"SORU SOLA BEEL, PALTAN BAZAR, GUWAHATI",LAKE,ASSAM,2023-06-30,26.17884,91.752905,23.69,0.68,7.46,412.42,21.14,3.19,3292.8,4909.9
3819,"SORU SOLA BEEL, PALTAN BAZAR, GUWAHATI",LAKE,ASSAM,2023-07-30,26.17884,91.752905,25.14,0.73,7.59,402.33,20.09,3.15,3197.19,4584.22
3819,"SORU SOLA BEEL, PALTAN BAZAR, GUWAHATI",LAKE,ASSAM,2023-08-29,26.17884,91.752905,25.04,0.67,7.09,422.21,19.78,3.18,3244.04,4731.29
3819,"SORU SOLA BEEL, PALTAN BAZAR, GUWAHATI",LAKE,ASSAM,2023-09-28,26.17884,91.752905,23.52,0.71,7.45,422.19,19.72,3.29,3174.69,4643.92
3819,"SORU SOLA BEEL, PALTAN BAZAR, GUWAHATI",LAKE,ASSAM,2023-10-28,26.17884,91.752905,24.38,0.67,7.01,408.33,20.03,3.12,3145.11,4899.3
3819,"SORU SOLA BEEL, PALTAN BAZAR, GUWAHATI",LAKE,ASSAM,2023-11-27,26.17884,91.752905,25.53,0.73,7.28,421.53,19.29,3.05,3228.47,4901.54
3819,"SORU SOLA BEEL, PALTAN BAZAR, GUWAHATI",LAKE,ASSAM,2023-12-27,26.17884,91.752905,24.61,0.69,7.42,385.01,20.93,3.09,3334.03,4537.36
3819,"SORU SOLA BEEL, PALTAN BAZAR, GUWAHATI",LAKE,ASSAM,2024-01-26,26.17884,91.752905,24.06,0.71,7.33,391.62,20.9,3.15,3210.62,4801.01
3819,"SORU SOLA BEEL, PALTAN BAZAR, GUWAHATI",LAKE,ASSAM,2024-02-25,26.17884,91.752905,25.59,0.67,7.57,390.06,20.78,3.29,3071.1,4554.09
3819,"SORU SOLA BEEL, PALTAN BAZAR, GUWAHATI",LAKE,ASSAM,2024-03-26,26.17884,91.752905,24.9,0.72,7.03,423.76,20.31,3.01,3125.06,4782.71
3819,"SORU SOLA BEEL, PALTAN BAZAR, GUWAHATI",LAKE,ASSAM,2024-04-25,26.17884,91.752905,25.69,0.69,7.15,411.98,19.35,3.23,3153.59,4925.7
3819,"SORU SOLA BEEL, PALTAN BAZAR, GUWAHATI",LAKE,ASSAM,2024-05-25,26.17884,91.752905,24.87,0.72,7.57,414.08,19.28,3.1,3260.27,4883.54
3819,"SORU SOLA BEEL, PALTAN BAZAR, GUWAHATI",LAKE,ASSAM,2024-06-24,26.17884,91.752905,23.62,0.67,7.02,390.08,21.05,3.02,3110.48,4786.84
3819,"SORU SOLA BEEL, PALTAN BAZAR, GUWAHATI",LAKE,ASSAM,2024-07-24,26.17884,91.752905,23.81,0.69,6.9,398.48,19.99,3.01,3246.5,4912.33
3819,"SORU SOLA BEEL, PALTAN BAZAR, GUWAHATI",LAKE,ASSAM,2024-08-23,26.17884,91.752905,25.5,0.73,6.95,394.29,20.79,3.23,3218.65,4640.6
3819,"SORU SOLA BEEL, PALTAN BAZAR, GUWAHATI",LAKE,ASSAM,2024-09-22,26.17884,91.752905,25.48,0.7,6.89,408.81,20.36,3.27,3210.47,4727.42
3819,"SORU SOLA BEEL, PALTAN BAZAR, GUWAHATI",LAKE,ASSAM,2024-10-22,26.17884,91.752905,23.53,0.67,7.25,417.69,21.09,3.21,3091.96,4534.72
3819,"SORU SOLA BEEL, PALTAN BAZAR, GUWAHATI",LAKE,ASSAM,2024-11-21,26.17884,91.752905,24.35,0.68,7.5,402.11,20.02,3.27,3097.27,4753.65
2225,"BASKANDI POND INSIDE THE BASKANDI MADRASA, BASKANDI, ASSAM",POND,ASSAM,2023-01-01,24.808267,92.916244,20.29,4.99,7.25,111.54,2.38,0.9,605.27,1090.71
2225,"BASKANDI POND INSIDE THE BASKANDI MADRASA, BASKANDI, ASSAM",POND,ASSAM,2023-01-31,24.808267,92.916244,20.6,5.09,6.74,106.61,2.4,0.89,591.77,1075.01
2225,"BASKANDI POND INSIDE THE BASKANDI MADRASA, BASKANDI, ASSAM",POND,ASSAM,2023-03-02,24.808267,92.916244,21.97,4.82,6.71,111.89,2.39,0.88,596.05,1096.33
2225,"BASKANDI POND INSIDE THE BASKANDI MADRASA, BASKANDI, ASSAM",POND,ASSAM,2023-04-01,24.808267,92.916244,20.81,4.88,6.93,104.41,2.44,0.88,606.98,1131.79
2225,"BASKANDI POND INSIDE THE BASKANDI MADRASA, BASKANDI, ASSAM",POND,ASSAM,2023-05-01,24.808267,92.916244,21.53,4.66,6.85,105.26,2.41,0.93,615.59,1086.14
2225,"BASKANDI POND INSIDE THE BASKANDI MADRASA, BASKANDI, ASSAM",POND,ASSAM,2023-05-31,24.808267,92.916244,21.69,4.76,7.18,108.68,2.34,0.89,597.41,1070.13
2225,"BASKANDI POND INSIDE THE BASKANDI MADRASA, BASKANDI, ASSAM",POND,ASSAM,2023-06-30,24.808267,92.916244,21.07,4.85,6.73,106.7,2.54,0.91,618.94,1137.0
2225,"BASKANDI POND INSIDE THE BASKANDI MADRASA, BASKANDI, ASSAM",POND,ASSAM,2023-07-30,24.808267,92.916244,21.56,5.09,6.81,111.09,2.55,0.94,600.31,1057.6
2225,"BASKANDI POND INSIDE THE BASKANDI MADRASA, BASKANDI, ASSAM",POND,ASSAM,2023-08-29,24.808267,92.916244,20.06,4.79,7.07,105.22,2.45,0.9,648.75,1127.41
2225,"BASKANDI POND INSIDE THE BASKANDI MADRASA, BASKANDI, ASSAM",POND,ASSAM,2023-09-28,24.808267,92.916244,20.77,4.63,7.34,109.56,2.54,0.94,592.0,1061.22
2225,"BASKANDI POND INSIDE THE BASKANDI MADRASA, BASKANDI, ASSAM",POND,ASSAM,2023-10-28,24.808267,92.916244,20.13,4.87,7.09,103.24,2.44,0.87,590.79,1147.88
2225,"BASKANDI POND INSIDE THE BASKANDI MADRASA, BASKANDI, ASSAM",POND,ASSAM,2023-11-27,24.808267,92.916244,20.7,4.74,6.77,110.33,2.44,0.88,615.29,1102.5
2225,"BASKANDI POND INSIDE THE BASKANDI MADRASA, BASKANDI, ASSAM",POND,ASSAM,2023-12-27,24.808267,92.916244,20.5,4.63,6.88,112.44,2.56,0.94,609.91,1147.98
2225,"BASKANDI POND INSIDE THE BASKANDI MADRASA, BASKANDI, ASSAM",POND,ASSAM,2024-01-26,24.808267,92.916244,20.92,4.93,7.01,104.86,2.37,0.93,640.19,1074.39
2225,"BASKANDI POND INSIDE THE BASKANDI MADRASA, BASKANDI, ASSAM",POND,ASSAM,2024-02-25,24.808267,92.916244,20.59,5.04,7.0,108.07,2.52,0.89,603.69,1078.19
2225,"BASKANDI POND INSIDE THE BASKANDI MADRASA, BASKANDI, ASSAM",POND,ASSAM,2024-03-26,24.808267,92.916244,22.0,4.82,7.33,103.16,2.36,0.88,616.86,1135.31
2225,"BASKANDI POND INSIDE THE BASKANDI MADRASA, BASKANDI, ASSAM",POND,ASSAM,2024-04-25,24.808267,92.916244,19.96,5.09,6.89,102.85,2.43,0.92,605.03,1120.1
2225,"BASKANDI POND INSIDE THE BASKANDI MADRASA, BASKANDI, ASSAM",POND,ASSAM,2024-05-25,24.808267,92.916244,21.7,4.76,7.15,108.89,2.57,0.88,645.84,1052.0
2225,"BASKANDI POND INSIDE THE BASKANDI MADRASA, BASKANDI, ASSAM",POND,ASSAM,2024-06-24,24.808267,92.916244,21.82,5.07,7.06,102.92,2.51,0.88,620.63,1132.86
2225,"BASKANDI POND INSIDE THE BASKANDI MADRASA, BASKANDI, ASSAM",POND,ASSAM,2024-07-24,24.808267,92.916244,20.65,4.96,7.28,104.12,2.38,0.89,638.63,1054.38
2225,"BASKANDI POND INSIDE THE BASKANDI MADRASA, BASKANDI, ASSAM",POND,ASSAM,2024-08-23,24.808267,92.916244,20.12,4.63,6.81,104.18,2.34,0.94,650.53,1062.97
2225,"BASKANDI POND INSIDE THE BASKANDI MADRASA, BASKANDI, ASSAM",POND,ASSAM,2024-09-22,24.808267,92.916244,21.9,4.72,7.05,105.09,2.56,0.87,608.87,1143.55
2225,"BASKANDI POND INSIDE THE BASKANDI MADRASA, BASKANDI, ASSAM",POND,ASSAM,2024-10-22,24.808267,92.916244,20.08,4.74,7.33,105.93,2.47,0.86,631.09,1106.64
2225,"BASKANDI POND INSIDE THE BASKANDI MADRASA, BASKANDI, ASSAM",POND,ASSAM,2024-11-21,24.808267,92.916244,21.0,4.68,6.75,108.47,2.43,0.91,609.5,1071.8
2214,"BATODRAWA SATRA POND, NAGAON, ASSAM",POND,ASSAM,2023-01-01,26.331139,92.68575,23.87,6.16,7.5,95.39,2.17,1.35,325.23,954.11
2214,"BATODRAWA SATRA POND, NAGAON, ASSAM",POND,ASSAM,2023-01-31,26.331139,92.68575,25.64,6.1,7.2,93.76,2.32,1.32,339.85,971.82
2214,"BATODRAWA SATRA POND, NAGAON, ASSAM",POND,ASSAM,2023-03-02,26.331139,92.68575,24.85,6.33,7.14,101.05,2.25,1.31,330.68,933.47
2214,"BATODRAWA SATRA POND, NAGAON, ASSAM",POND,ASSAM,2023-04-01,26.331139,92.68575,25.38,6.33,7.27,99.3,2.27,1.37,341.12,960.36
2214,"BATODRAWA SATRA POND, NAGAON, ASSAM",POND,ASSAM,2023-05-01,26.331139,92.68575,25.41,6.26,7.38,93.52,2.3,1.37,335.36,964.84
2214,"BATODRAWA SATRA POND, NAGAON, ASSAM",POND,ASSAM,2023-05-31,26.331139,92.68575,25.44,6.27,7.46,98.19,2.31,1.37,320.53,929.43
2214,"BATODRAWA SATRA POND, NAGAON, ASSAM",POND,ASSAM,2023-06-30,26.331139,92.68575,25.85,6.46,7.44,94.3,2.19,1.31,336.23,984.15
2214,"BATODRAWA SATRA POND, NAGAON, ASSAM",POND,ASSAM,2023-07-30,26.331139,92.68575,24.48,6.22,7.49,92.56,2.17,1.4,332.16,963.49
2214,"BATODRAWA SATRA POND, NAGAON, ASSAM",POND,ASSAM,2023-08-29,26.331139,92.68575,24.14,6.44,7.61,95.25,2.21,1.37,321.7,980.1
2214,"BATODRAWA SATRA POND, NAGAON, ASSAM",POND,ASSAM,2023-09-28,26.331139,92.68575,24.68,6.34,7.24,92.34,2.22,1.33,332.52,952.52
2214,"BATODRAWA SATRA POND, NAGAON, ASSAM",POND,ASSAM,2023-10-28,26.331139,92.68575,25.65,6.26,7.49,97.16,2.17,1.36,345.24,983.42
2214,"BATODRAWA SATRA POND, NAGAON, ASSAM",POND,ASSAM,2023-11-27,26.331139,92.68575,24.37,6.26,7.0,92.0,2.22,1.39,337.69,919.57
2214,"BATODRAWA SATRA POND, NAGAON, ASSAM",POND,ASSAM,2023-12-27,26.331139,92.68575,26.14,6.17,6.91,100.07,2.29,1.41,338.12,993.08
2214,"BATODRAWA SATRA POND, NAGAON, ASSAM",POND,ASSAM,2024-01-26,26.331139,92.68575,25.03,6.55,7.37,100.84,2.32,1.32,337.36,997.54
2214,"BATODRAWA SATRA POND, NAGAON, ASSAM",POND,ASSAM,2024-02-25,26.331139,92.68575,24.81,6.38,7.38,95.98,2.33,1.33,342.03,957.35
2214,"BATODRAWA SATRA POND, NAGAON, ASSAM",POND,ASSAM,2024-03-26,26.331139,92.68575,24.7,6.15,7.13,92.21,2.25,1.34,345.68,924.64
2214,"BATODRAWA SATRA POND, NAGAON, ASSAM",POND,ASSAM,2024-04-25,26.331139,92.68575,24.01,6.18,7.54,96.17,2.22,1.36,329.55,1011.67
2214,"BATODRAWA SATRA POND, NAGAON, ASSAM",POND,ASSAM,2024-05-25,26.331139,92.68575,25.29,6.17,7.51,101.29,2.29,1.35,334.31,975.8
2214,"BATODRAWA SATRA POND, NAGAON, ASSAM",POND,ASSAM,2024-06-24,26.331139,92.68575,24.2,6.4,7.17,100.96,2.21,1.31,322.21,988.43
2214,"BATODRAWA SATRA POND, NAGAON, ASSAM",POND,ASSAM,2024-07-24,26.331139,92.68575,25.03,6.39,7.05,101.19,2.27,1.3,339.23,958.2
2214,"BATODRAWA SATRA POND, NAGAON, ASSAM",POND,ASSAM,2024-08-23,26.331139,92.68575,24.23,6.14,6.97,95.49,2.33,1.34,335.66,981.53
2214,"BATODRAWA SATRA POND, NAGAON, ASSAM",POND,ASSAM,2024-09-22,26.331139,92.68575,24.57,6.57,7.56,99.58,2.3,1.28,328.55,999.64
2214,"BATODRAWA SATRA POND, NAGAON, ASSAM",POND,ASSAM,2024-10-22,26.331139,92.68575,25.76,6.06,7.34,92.82,2.14,1.41,314.78,991.5
2214,"BATODRAWA SATRA POND, NAGAON, ASSAM",POND,ASSAM,2024-11-21,26.331139,92.68575,25.7,6.61,6.95,99.16,2.18,1.38,319.82,986.31
2219,"BISHNU PUSKAR PUKHURI OF HAYAGRIB MADHAB TEMPLE, HAJO, ASSAM",POND,ASSAM,2023-01-01,26.244314,91.525994,28.1,8.86,7.23,212.39,2.28,1.18,526.02,1405.63
2219,"BISHNU PUSKAR PUKHURI OF HAYAGRIB MADHAB TEMPLE, HAJO, ASSAM",POND,ASSAM,2023-01-31,26.244314,91.525994,28.28,8.75,7.31,221.21,2.21,1.19,524.53,1381.61
2219,"BISHNU PUSKAR PUKHURI OF HAYAGRIB MADHAB TEMPLE, HAJO, ASSAM",POND,ASSAM,2023-03-02,26.244314,91.525994,26.46,8.62,7.23,223.22,2.29,1.11,503.34,1380.51
2219,"BISHNU PUSKAR PUKHURI OF HAYAGRIB MADHAB TEMPLE, HAJO, ASSAM",POND,ASSAM,2023-04-01,26.244314,91.525994,28.62,8.11,6.78,212.21,2.18,1.13,512.53,1368.36
2219,"BISHNU PUSKAR PUKHURI OF HAYAGRIB MADHAB TEMPLE, HAJO, ASSAM",POND,ASSAM,2023-05-01,26.244314,91.525994,27.12,7.86,7.03,206.16,2.3,1.08,482.48,1366.06
2219,"BISHNU PUSKAR PUKHURI OF HAYAGRIB MADHAB TEMPLE, HAJO, ASSAM",POND,ASSAM,2023-05-31,26.244314,91.525994,27.25,8.1,7.02,207.35,2.14,1.1,491.94,1350.08
2219,"BISHNU PUSKAR PUKHURI OF HAYAGRIB MADHAB TEMPLE, HAJO, ASSAM",POND,ASSAM,2023-06-30,26.244314,91.525994,27.16,8.09,7.14,206.29,2.14,1.15,513.1,1225.19
2219,"BISHNU PUSKAR PUKHURI OF HAYAGRIB MADHAB TEMPLE, HAJO, ASSAM",POND,ASSAM,2023-07-30,26.244314,91.525994,26.14,8.32,6.71,196.13,2.06,1.13,483.83,1275.53
2219,"BISHNU PUSKAR PUKHURI OF HAYAGRIB MADHAB TEMPLE, HAJO, ASSAM",POND,ASSAM,2023-08-29,26.244314,91.525994,27.07,7.77,6.78,212.67,2.21,1.03,475.54,1316.55
2219,"BISHNU PUSKAR PUKHURI OF HAYAGRIB MADHAB TEMPLE, HAJO, ASSAM",POND,ASSAM,2023-09-28,26.244314,91.525994,25.22,7.47,6.46,207.16,2.08,1.1,454.53,1200.95
2219,"BISHNU PUSKAR PUKHURI OF HAYAGRIB MADHAB TEMPLE, HAJO, ASSAM",POND,ASSAM,2023-10-28,26.244314,91.525994,25.18,7.96,6.52,204.21,2.07,1.08,459.98,1284.46
2219,"BISHNU PUSKAR PUKHURI OF HAYAGRIB MADHAB TEMPLE, HAJO, ASSAM",POND,ASSAM,2023-11-27,26.244314,91.525994,25.47,7.53,6.54,208.88,2.03,1.03,465.16,1193.36
2219,"BISHNU PUSKAR PUKHURI OF HAYAGRIB MADHAB TEMPLE, HAJO, ASSAM",POND,ASSAM,2023-12-27,26.244314,91.525994,25.77,7.79,6.43,188.35,2.02,1.08,439.37,1278.08
2219,"BISHNU PUSKAR PUKHURI OF HAYAGRIB MADHAB TEMPLE, HAJO, ASSAM",POND,ASSAM,2024-01-26,26.244314,91.525994,25.94,7.42,6.57,201.25,2.08,0.98,450.6,1183.96
2219,"BISHNU PUSKAR PUKHURI OF HAYAGRIB MADHAB TEMPLE, HAJO, ASSAM",POND,ASSAM,2024-02-25,26.244314,91.525994,24.94,7.41,6.28,182.79,2.04,1.03,456.87,1252.46
2219,"BISHNU PUSKAR PUKHURI OF HAYAGRIB MADHAB TEMPLE, HAJO, ASSAM",POND,ASSAM,2024-03-26,26.244314,91.525994,25.89,7.33,6.18,190.24,1.97,1.0,425.32,1208.57
2219,"BISHNU PUSKAR PUKHURI OF HAYAGRIB MADHAB TEMPLE, HAJO, ASSAM",POND,ASSAM,2024-04-25,26.244314,91.525994,24.71,7.75,6.27,187.36,1.88,0.94,468.31,1193.01
2219,"BISHNU PUSKAR PUKHURI OF HAYAGRIB MADHAB TEMPLE, HAJO, ASSAM",POND,ASSAM,2024-05-25,26.244314,91.525994,22.87,7.53,6.44,193.77,2.06,0.98,450.83,1202.12
2219,"BISHNU PUSKAR PUKHURI OF HAYAGRIB MADHAB TEMPLE, HAJO, ASSAM",POND,ASSAM,2024-06-24,26.244314,91.525994,23.6,6.93,6.15,183.78,1.9,0.94,448.76,1152.03
2219,"BISHNU PUSKAR PUKHURI OF HAYAGRIB MADHAB TEMPLE, HAJO, ASSAM",POND,ASSAM,2024-07-24,26.244314,91.525994,23.53,7.4,5.94,179.39,2.04,0.92,455.24,1093.45
2219,"BISHNU PUSKAR PUKHURI OF HAYAGRIB MADHAB TEMPLE, HAJO, ASSAM",POND,ASSAM,2024-08-23,26.244314,91.525994,22.38,7.15,5.92,186.23,1.89,0.95,448.66,1134.54
2219,"BISHNU PUSKAR PUKHURI OF HAYAGRIB MADHAB TEMPLE, HAJO, ASSAM",POND,ASSAM,2024-09-22,26.244314,91.525994,24.38,7.03,6.27,186.32,1.98,0.97,421.92,1176.27
2219,"BISHNU PUSKAR PUKHURI OF HAYAGRIB MADHAB TEMPLE, HAJO, ASSAM",POND,ASSAM,2024-10-22,26.244314,91.525994,22.68,6.82,6.32,187.2,1.91,0.9,441.71,1088.96
2219,"BISHNU PUSKAR PUKHURI OF HAYAGRIB MADHAB TEMPLE, HAJO, ASSAM",POND,ASSAM,2024-11-21,26.244314,91.525994,23.66,7.19,6.21,165.89,1.9,0.98,438.06,1139.8
2208,"BORPUKHURI, NAZIRA, ASSAM",POND,ASSAM,2023-01-01,26.98035,94.634636,26.64,6.29,7.3,106.96,2.36,0.91,334.73,784.12
2208,"BORPUKHURI, NAZIRA, ASSAM",POND,ASSAM,2023-01-31,26.98035,94.634636,27.2,6.73,6.99,101.05,2.27,0.96,337.4,828.09
2208,"BORPUKHURI, NAZIRA, ASSAM",POND,ASSAM,2023-03-02,26.98035,94.634636,27.93,6.64,7.47,99.8,2.32,0.97,345.08,783.75
2208,"BORPUKHURI, NAZIRA, ASSAM",POND,ASSAM,2023-04-01,26.98035,94.634636,26.08,6.35,6.9,100.11,2.32,0.98,321.59,795.03
2208,"BORPUKHURI, NAZIRA, ASSAM",POND,ASSAM,2023-05-01,26.98035,94.634636,26.37,6.45,7.04,102.68,2.29,0.93,319.84,812.97
2208,"BORPUKHURI, NAZIRA, ASSAM",POND,ASSAM,2023-05-31,26.98035,94.634636,27.29,6.57,6.83,104.06,2.27,0.95,334.41,805.94
2208,"BORPUKHURI, NAZIRA, ASSAM",POND,ASSAM,2023-06-30,26.98035,94.634636,27.46,6.56,6.93,101.31,2.38,0.92,340.9,786.13
2208,"BORPUKHURI, NAZIRA, ASSAM",POND,ASSAM,2023-07-30,26.98035,94.634636,28.09,6.76,7.0,106.62,2.27,0.98,344.71,841.41
2208,"BORPUKHURI, NAZIRA, ASSAM",POND,ASSAM,2023-08-29,26.98035,94.634636,28.14,6.57,7.36,102.46,2.39,0.94,334.56,824.75
2208,"BORPUKHURI, NAZIRA, ASSAM",POND,ASSAM,2023-09-28,26.98035,94.634636,27.21,6.71,7.04,103.25,2.44,0.99,345.58,788.28
2208,"BORPUKHURI, NAZIRA, ASSAM",POND,ASSAM,2023-10-28,26.98035,94.634636,26.76,6.25,6.9,100.73,2.46,0.91,336.79,796.93
2208,"BORPUKHURI, NAZIRA, ASSAM",POND,ASSAM,2023-11-27,26.98035,94.634636,27.7,6.51,7.48,100.06,2.35,0.97,328.32,844.02
2208,"BORPUKHURI, NAZIRA, ASSAM",POND,ASSAM,2023-12-27,26.98035,94.634636,26.22,6.32,7.06,103.35,2.31,0.91,334.52,834.74
2208,"BORPUKHURI, NAZIRA, ASSAM",POND,ASSAM,2024-01-26,26.98035,94.634636,25.99,6.36,7.23,102.08,2.33,0.96,331.39,832.13
2208,"BORPUKHURI, NAZIRA, ASSAM",POND,ASSAM,2024-02-25,26.98035,94.634636,26.85,6.71,6.9,100.15,2.37,0.95,313.65,799.39
2208,"BORPUKHURI, NAZIRA, ASSAM",POND,ASSAM,2024-03-26,26.98035,94.634636,27.55,6.39,7.49,98.05,2.39,0.96,320.26,820.01
2208,"BORPUKHURI, NAZIRA, ASSAM",POND,ASSAM,2024-04-25,26.98035,94.634636,26.31,6.73,7.05,99.4,2.24,1.0,320.88,808.95
2208,"BORPUKHURI, NAZIRA, ASSAM",POND,ASSAM,2024-05-25,26.98035,94.634636,25.86,6.82,7.26,107.06,2.28,0.94,341.67,777.93
2208,"BORPUKHURI, NAZIRA, ASSAM",POND,ASSAM,2024-06-24,26.98035,94.634636,25.67,6.77,6.8,106.96,2.29,0.91,330.84,798.9
2208,"BORPUKHURI, NAZIRA, ASSAM",POND,ASSAM,2024-07-24,26.98035,94.634636,25.83,6.84,7.49,100.21,2.29,0.93,315.27,810.78
2208,"BORPUKHURI, NAZIRA, ASSAM",POND,ASSAM,2024-08-23,26.98035,94.634636,26.87,6.37,6.92,101.79,2.46,0.96,321.36,824.88
2208,"BORPUKHURI, NAZIRA, ASSAM",POND,ASSAM,2024-09-22,26.98035,94.634636,25.67,6.31,7.43,98.04,2.43,0.92,335.92,769.1
2208,"BORPUKHURI, NAZIRA, ASSAM",POND,ASSAM,2024-10-22,26.98035,94.634636,25.66,6.8,7.48,100.5,2.25,0.92,340.23,845.06
2208,"BORPUKHURI, NAZIRA, ASSAM",POND,ASSAM,2024-11-21,26.98035,94.634636,27.28,6.68,6.88,104.6,2.35,0.92,322.24,823.93
3772,BORPUKHURI AT SONARI,POND,ASSAM,2023-01-01,27.063845,94.954788,28.32,6.44,6.94,117.98,2.37,0.83,340.56,922.88
3772,BORPUKHURI AT SONARI,POND,ASSAM,2023-01-31,27.063845,94.954788,28.75,6.36,7.39,115.46,2.52,0.82,318.09,855.94
3772,BORPUKHURI AT SONARI,POND,ASSAM,2023-03-02,27.063845,94.954788,29.41,6.66,7.54,112.72,2.46,0.76,322.18,847.6
3772,BORPUKHURI AT SONARI,POND,ASSAM,2023-04-01,27.063845,94.954788,27.29,6.36,7.21,114.16,2.29,0.79,331.75,879.38
3772,BORPUKHURI AT SONARI,POND,ASSAM,2023-05-01,27.063845,94.954788,26.33,6.38,7.26,107.35,2.49,0.75,332.32,879.38
3772,BORPUKHURI AT SONARI,POND,ASSAM,2023-05-31,27.063845,94.954788,27.46,6.58,7.0,108.51,2.31,0.76,330.6,879.4
3772,BORPUKHURI AT SONARI,POND,ASSAM,2023-06-30,27.063845,94.954788,27.84,6.65,6.84,103.19,2.34,0.77,297.83,848.05
3772,BORPUKHURI AT SONARI,POND,ASSAM,2023-07-30,27.063845,94.954788,27.53,6.67,7.04,102.74,2.41,0.75,301.76,804.03
3772,BORPUKHURI AT SONARI,POND,ASSAM,2023-08-29,27.063845,94.954788,26.85,6.41,6.54,110.82,2.36,0.75,321.01,825.1
3772,BORPUKHURI AT SONARI,POND,ASSAM,2023-09-28,27.063845,94.954788,27.74,6.06,6.52,109.7,2.21,0.73,290.02,821.31
3772,BORPUKHURI AT SONARI,POND,ASSAM,2023-10-28,27.063845,94.954788,27.25,6.33,6.99,100.71,2.21,0.74,300.82,783.93
3772,BORPUKHURI AT SONARI,POND,ASSAM,2023-11-27,27.063845,94.954788,25.39,6.31,6.73,97.53,2.23,0.75,294.69,837.5
3772,BORPUKHURI AT SONARI,POND,ASSAM,2023-12-27,27.063845,94.954788,25.04,5.76,6.59,103.52,2.33,0.73,281.03,775.3
3772,BORPUKHURI AT SONARI,POND,ASSAM,2024-01-26,27.063845,94.954788,26.63,5.75,6.64,105.41,2.11,0.7,284.67,811.32
3772,BORPUKHURI AT SONARI,POND,ASSAM,2024-02-25,27.063845,94.954788,26.38,6.18,6.3,102.6,2.09,0.73,284.99,839.63
3772,BORPUKHURI AT SONARI,POND,ASSAM,2024-03-26,27.063845,94.954788,24.7,5.84,6.38,93.75,2.11,0.71,296.82,826.49
3772,BORPUKHURI AT SONARI,POND,ASSAM,2024-04-25,27.063845,94.954788,25.81,5.72,6.23,101.36,2.02,0.66,294.92,738.03
3772,BORPUKHURI AT SONARI,POND,ASSAM,2024-05-25,27.063845,94.954788,24.93,5.76,6.58,98.66,2.13,0.67,289.42,809.31
3772,BORPUKHURI AT SONARI,POND,ASSAM,2024-06-24,27.063845,94.954788,25.0,5.72,6.51,96.34,2.06,0.66,287.07,788.62
3772,BORPUKHURI AT SONARI,POND,ASSAM,2024-07-24,27.063845,94.954788,23.08,5.67,6.36,94.01,2.06,0.66,273.18,731.51
3772,BORPUKHURI AT SONARI,POND,ASSAM,2024-08-23,27.063845,94.954788,23.19,5.9,5.76,98.78,1.94,0.65,271.2,794.77
3772,BORPUKHURI AT SONARI,POND,ASSAM,2024-09-22,27.063845,94.954788,24.63,5.57,5.89,90.32,2.01,0.65,265.64,704.06
3772,BORPUKHURI AT SONARI,POND,ASSAM,2024-10-22,27.063845,94.954788,24.43,5.43,5.81,87.17,1.92,0.67,279.21,760.04
3772,BORPUKHURI AT SONARI,POND,ASSAM,2024-11-21,27.063845,94.954788,24.22,5.33,5.98,87.71,1.96,0.62,262.68,755.76
2216,"DIGHALI PUKHURI, GUWAHATI, ASSAM",POND,ASSAM,2023-01-01,26.187326,91.751182,27.96,7.82,8.4,174.9,2.63,1.06,533.4,1518.87
2216,"DIGHALI PUKHURI, GUWAHATI, ASSAM",POND,ASSAM,2023-01-31,26.187326,91.751182,28.87,7.29,7.96,177.67,2.46,1.11,551.87,1539.14
2216,"DIGHALI PUKHURI, GUWAHATI, ASSAM",POND,ASSAM,2023-03-02,26.187326,91.751182,29.19,7.41,7.99,180.72,2.43,1.13,560.84,1457.79
2216,"DIGHALI PUKHURI, GUWAHATI, ASSAM",POND,ASSAM,2023-04-01,26.187326,91.751182,28.31,7.74,7.89,180.99,2.48,1.08,553.45,1553.04
2216,"DIGHALI PUKHURI, GUWAHATI, ASSAM",POND,ASSAM,2023-05-01,26.187326,91.751182,28.17,7.29,7.75,185.77,2.67,1.11,543.11,1557.21
2216,"DIGHALI PUKHURI, GUWAHATI, ASSAM",POND,ASSAM,2023-05-31,26.187326,91.751182,27.89,7.57,7.91,177.43,2.66,1.07,556.31,1465.34
2216,"DIGHALI PUKHURI, GUWAHATI, ASSAM",POND,ASSAM,2023-06-30,26.187326,91.751182,27.48,7.46,7.95,171.22,2.58,1.1,563.08,1559.08
2216,"DIGHALI PUKHURI, GUWAHATI, ASSAM",POND,ASSAM,2023-07-30,26.187326,91.751182,27.19,7.51,7.74,182.53,2.5,1.13,528.59,1531.37
2216,"DIGHALI PUKHURI, GUWAHATI, ASSAM",POND,ASSAM,2023-08-29,26.187326,91.751182,26.71,7.36,8.08,171.14,2.42,1.08,525.05,1427.57
2216,"DIGHALI PUKHURI, GUWAHATI, ASSAM",POND,ASSAM,2023-09-28,26.187326,91.751182,29.1,7.43,8.09,181.52,2.46,1.12,527.12,1454.56
2216,"DIGHALI PUKHURI, GUWAHATI, ASSAM",POND,ASSAM,2023-10-28,26.187326,91.751182,27.29,7.23,8.32,171.2,2.63,1.09,560.18,1508.94
2216,"DIGHALI PUKHURI, GUWAHATI, ASSAM",POND,ASSAM,2023-11-27,26.187326,91.751182,26.98,7.85,7.81,179.04,2.59,1.11,532.63,1489.57
2216,"DIGHALI PUKHURI, GUWAHATI, ASSAM",POND,ASSAM,2023-12-27,26.187326,91.751182,28.39,7.85,7.84,173.69,2.61,1.05,551.64,1478.4
2216,"DIGHALI PUKHURI, GUWAHATI, ASSAM",POND,ASSAM,2024-01-26,26.187326,91.751182,27.71,7.57,8.11,182.41,2.49,1.13,555.29,1481.41
2216,"DIGHALI PUKHURI, GUWAHATI, ASSAM",POND,ASSAM,2024-02-25,26.187326,91.751182,28.57,7.72,8.14,176.41,2.53,1.05,564.94,1522.3
2216,"DIGHALI PUKHURI, GUWAHATI, ASSAM",POND,ASSAM,2024-03-26,26.187326,91.751182,27.31,7.7,7.85,179.02,2.43,1.05,536.4,1545.15
2216,"DIGHALI PUKHURI, GUWAHATI, ASSAM",POND,ASSAM,2024-04-25,26.187326,91.751182,28.2,7.23,8.02,176.83,2.48,1.12,524.92,1550.07
2216,"DIGHALI PUKHURI, GUWAHATI, ASSAM",POND,ASSAM,2024-05-25,26.187326,91.751182,28.34,7.62,8.11,181.61,2.48,1.11,559.97,1480.62
2216,"DIGHALI PUKHURI, GUWAHATI, ASSAM",POND,ASSAM,2024-06-24,26.187326,91.751182,27.9,7.24,8.16,175.26,2.61,1.13,517.77,1521.54
2216,"DIGHALI PUKHURI, GUWAHATI, ASSAM",POND,ASSAM,2024-07-24,26.187326,91.751182,27.71,7.18,7.99,173.15,2.56,1.15,550.4,1570.61
2216,"DIGHALI PUKHURI, GUWAHATI, ASSAM",POND,ASSAM,2024-08-23,26.187326,91.751182,28.36,7.89,8.16,185.55,2.45,1.15,544.91,1528.94
2216,"DIGHALI PUKHURI, GUWAHATI, ASSAM",POND,ASSAM,2024-09-22,26.187326,91.751182,27.63,7.88,8.15,172.86,2.59,1.1,537.19,1458.47
2216,"DIGHALI PUKHURI, GUWAHATI, ASSAM",POND,ASSAM,2024-10-22,26.187326,91.751182,27.98,7.23,7.67,185.78,2.54,1.08,535.0,1497.61
2216,"DIGHALI PUKHURI, GUWAHATI, ASSAM",POND,ASSAM,2024-11-21,26.187326,91.751182,26.65,7.47,7.84,174.86,2.53,1.13,518.29,1527.73
2221,"GANGA PUKHURI, NALBARI (GORDON SCHOOL), ASSAM",POND,ASSAM,2023-01-01,26.375677,91.454077,27.08,7.57,7.67,118.84,2.19,1.11,316.12,1038.76
2221,"GANGA PUKHURI, NALBARI (GORDON SCHOOL), ASSAM",POND,ASSAM,2023-01-31,26.375677,91.454077,27.74,7.73,7.14,120.1,2.24,1.13,325.25,951.74
2221,"GANGA PUKHURI, NALBARI (GORDON SCHOOL), ASSAM",POND,ASSAM,2023-03-02,26.375677,91.454077,27.92,7.71,7.69,115.63,2.28,1.13,331.97,962.82
2221,"GANGA PUKHURI, NALBARI (GORDON SCHOOL), ASSAM",POND,ASSAM,2023-04-01,26.375677,91.454077,27.97,7.75,7.49,120.15,2.23,1.13,320.97,957.13
2221,"GANGA PUKHURI, NALBARI (GORDON SCHOOL), ASSAM",POND,ASSAM,2023-05-01,26.375677,91.454077,27.98,7.8,7.22,114.54,2.3,1.14,315.66,986.02
2221,"GANGA PUKHURI, NALBARI (GORDON SCHOOL), ASSAM",POND,ASSAM,2023-05-31,26.375677,91.454077,27.38,7.57,7.66,117.97,2.32,1.13,334.11,1026.01
2221,"GANGA PUKHURI, NALBARI (GORDON SCHOOL), ASSAM",POND,ASSAM,2023-06-30,26.375677,91.454077,29.27,8.0,7.8,121.12,2.21,1.08,327.91,950.42
2221,"GANGA PUKHURI, NALBARI (GORDON SCHOOL), ASSAM",POND,ASSAM,2023-07-30,26.375677,91.454077,29.42,7.75,7.47,116.75,2.33,1.13,326.38,1040.86
2221,"GANGA PUKHURI, NALBARI (GORDON SCHOOL), ASSAM",POND,ASSAM,2023-08-29,26.375677,91.454077,28.59,7.83,7.21,121.75,2.28,1.11,332.1,1019.56
2221,"GANGA PUKHURI, NALBARI (GORDON SCHOOL), ASSAM",POND,ASSAM,2023-09-28,26.375677,91.454077,29.73,7.61,7.31,112.82,2.19,1.09,337.07,991.22
2221,"GANGA PUKHURI, NALBARI (GORDON SCHOOL), ASSAM",POND,ASSAM,2023-10-28,26.375677,91.454077,29.04,7.53,7.3,112.7,2.24,1.13,315.7,1001.63
2221,"GANGA PUKHURI, NALBARI (GORDON SCHOOL), ASSAM",POND,ASSAM,2023-11-27,26.375677,91.454077,28.53,7.84,7.35,112.55,2.34,1.09,340.56,1044.4
2221,"GANGA PUKHURI, NALBARI (GORDON SCHOOL), ASSAM",POND,ASSAM,2023-12-27,26.375677,91.454077,28.49,7.62,7.75,115.14,2.22,1.08,336.36,995.03
2221,"GANGA PUKHURI, NALBARI (GORDON SCHOOL), ASSAM",POND,ASSAM,2024-01-26,26.375677,91.454077,28.16,7.62,7.19,112.95,2.22,1.06,339.88,1043.18
2221,"GANGA PUKHURI, NALBARI (GORDON SCHOOL), ASSAM",POND,ASSAM,2024-02-25,26.375677,91.454077,27.37,7.85,7.66,117.8,2.24,1.05,327.57,962.14
2221,"GANGA PUKHURI, NALBARI (GORDON SCHOOL), ASSAM",POND,ASSAM,2024-03-26,26.375677,91.454077,28.3,8.13,7.18,116.26,2.22,1.12,331.86,1018.22
2221,"GANGA PUKHURI, NALBARI (GORDON SCHOOL), ASSAM",POND,ASSAM,2024-04-25,26.375677,91.454077,28.24,8.0,7.4,112.02,2.41,1.09,320.11,1001.28
2221,"GANGA PUKHURI, NALBARI (GORDON SCHOOL), ASSAM",POND,ASSAM,2024-05-25,26.375677,91.454077,28.06,8.0,7.2,111.54,2.34,1.15,322.78,978.19
2221,"GANGA PUKHURI, NALBARI (GORDON SCHOOL), ASSAM",POND,ASSAM,2024-06-24,26.375677,91.454077,27.49,7.56,7.71,111.13,2.36,1.05,314.67,1027.08
2221,"GANGA PUKHURI, NALBARI (GORDON SCHOOL), ASSAM",POND,ASSAM,2024-07-24,26.375677,91.454077,27.62,7.59,7.51,115.4,2.32,1.13,339.31,982.34
2221,"GANGA PUKHURI, NALBARI (GORDON SCHOOL), ASSAM",POND,ASSAM,2024-08-23,26.375677,91.454077,28.55,7.88,7.6,115.91,2.4,1.08,342.74,967.41
2221,"GANGA PUKHURI, NALBARI (GORDON SCHOOL), ASSAM",POND,ASSAM,2024-09-22,26.375677,91.454077,28.09,8.06,7.16,116.54,2.35,1.06,320.18,1023.49
2221,"GANGA PUKHURI, NALBARI (GORDON SCHOOL), ASSAM",POND,ASSAM,2024-10-22,26.375677,91.454077,27.76,7.64,7.68,111.79,2.36,1.1,329.91,998.96
2221,"GANGA PUKHURI, NALBARI (GORDON SCHOOL), ASSAM",POND,ASSAM,2024-11-21,26.375677,91.454077,29.7,7.99,7.45,111.17,2.33,1.1,329.93,974.69
2209,"GAURISAGAR TANK, GAURISAGAR, ASSAM",POND,ASSAM,2023-01-01,26.943433,94.539514,27.73,6.35,6.94,114.51,2.23,1.13,608.17,1082.88
2209,"GAURISAGAR TANK, GAURISAGAR, ASSAM",POND,ASSAM,2023-01-31,26.943433,94.539514,27.58,6.47,7.16,111.25,2.25,1.08,642.01,1153.1
2209,"GAURISAGAR TANK, GAURISAGAR, ASSAM",POND,ASSAM,2023-03-02,26.943433,94.539514,29.48,6.32,7.39,117.65,2.21,1.12,622.83,1066.29
2209,"GAURISAGAR TANK, GAURISAGAR, ASSAM",POND,ASSAM,2023-04-01,26.943433,94.539514,28.46,6.35,7.08,117.87,2.05,1.08,618.76,1063.84
2209,"GAURISAGAR TANK, GAURISAGAR, ASSAM",POND,ASSAM,2023-05-01,26.943433,94.539514,29.77,6.18,6.88,117.37,2.23,1.08,665.94,1151.35
2209,"GAURISAGAR TANK, GAURISAGAR, ASSAM",POND,ASSAM,2023-05-31,26.943433,94.539514,29.22,6.47,6.91,113.92,2.26,1.12,625.66,1160.1
2209,"GAURISAGAR TANK, GAURISAGAR, ASSAM",POND,ASSAM,2023-06-30,26.943433,94.539514,27.37,6.01,7.45,113.71,2.25,1.07,628.7,1145.03
2209,"GAURISAGAR TANK, GAURISAGAR, ASSAM",POND,ASSAM,2023-07-30,26.943433,94.539514,27.68,6.03,7.2,115.1,2.24,1.09,604.2,1093.42
2209,"GAURISAGAR TANK, GAURISAGAR, ASSAM",POND,ASSAM,2023-08-29,26.943433,94.539514,28.12,6.03,7.43,118.06,2.23,1.08,662.81,1119.68
2209,"GAURISAGAR TANK, GAURISAGAR, ASSAM",POND,ASSAM,2023-09-28,26.943433,94.539514,28.52,6.16,7.05,112.46,2.17,1.14,662.89,1106.77
2209,"GAURISAGAR TANK, GAURISAGAR, ASSAM",POND,ASSAM,2023-10-28,26.943433,94.539514,29.37,6.27,6.95,108.88,2.11,1.13,625.57,1165.68
2209,"GAURISAGAR TANK, GAURISAGAR, ASSAM",POND,ASSAM,2023-11-27,26.943433,94.539514,27.3,5.98,7.43,107.6,2.14,1.14,653.71,1117.32
2209,"GAURISAGAR TANK, GAURISAGAR, ASSAM",POND,ASSAM,2023-12-27,26.943433,94.539514,28.91,6.39,6.92,109.22,2.13,1.12,613.16,1149.38
2209,"GAURISAGAR TANK, GAURISAGAR, ASSAM",POND,ASSAM,2024-01-26,26.943433,94.539514,28.26,6.01,6.97,107.64,2.14,1.1,664.66,1092.01
2209,"GAURISAGAR TANK, GAURISAGAR, ASSAM",POND,ASSAM,2024-02-25,26.943433,94.539514,29.42,6.37,7.11,116.15,2.05,1.11,608.39,1076.3
2209,"GAURISAGAR TANK, GAURISAGAR, ASSAM",POND,ASSAM,2024-03-26,26.943433,94.539514,28.5,6.26,6.85,107.85,2.14,1.09,646.57,1069.35
2209,"GAURISAGAR TANK, GAURISAGAR, ASSAM",POND,ASSAM,2024-04-25,26.943433,94.539514,28.97,6.2,7.36,108.06,2.19,1.09,666.06,1096.41
2209,"GAURISAGAR TANK, GAURISAGAR, ASSAM",POND,ASSAM,2024-05-25,26.943433,94.539514,27.81,6.14,7.2,107.94,2.22,1.05,647.16,1071.24
2209,"GAURISAGAR TANK, GAURISAGAR, ASSAM",POND,ASSAM,2024-06-24,26.943433,94.539514,27.47,6.55,7.41,117.76,2.11,1.1,625.5,1072.55
2209,"GAURISAGAR TANK, GAURISAGAR, ASSAM",POND,ASSAM,2024-07-24,26.943433,94.539514,29.75,6.15,7.08,108.81,2.08,1.05,659.18,1077.37
2209,"GAURISAGAR TANK, GAURISAGAR, ASSAM",POND,ASSAM,2024-08-23,26.943433,94.539514,28.75,5.98,6.94,108.54,2.17,1.06,658.66,1072.39
2209,"GAURISAGAR TANK, GAURISAGAR, ASSAM",POND,ASSAM,2024-09-22,26.943433,94.539514,27.12,6.17,6.91,114.38,2.18,1.05,640.5,1059.3
2209,"GAURISAGAR TANK, GAURISAGAR, ASSAM",POND,ASSAM,2024-10-22,26.943433,94.539514,29.34,6.49,6.75,115.1,2.04,1.06,604.68,1101.14
2209,"GAURISAGAR TANK, GAURISAGAR, ASSAM",POND,ASSAM,2024-11-21,26.943433,94.539514,28.85,6.18,7.0,112.21,2.1,1.1,615.86,1126.3
2212,"GOPHUR TANK, GOPHUR, ASSAM",POND,ASSAM,2023-01-01,26.883105,93.615453,24.85,6.85,7.49,173.05,2.42,1.16,447.25,1058.08
2212,"GOPHUR TANK, GOPHUR, ASSAM",POND,ASSAM,2023-01-31,26.883105,93.615453,26.38,7.18,7.0,157.6,2.38,1.17,480.03,1022.38
2212,"GOPHUR TANK, GOPHUR, ASSAM",POND,ASSAM,2023-03-02,26.883105,93.615453,26.54,7.08,7.4,156.98,2.46,1.17,451.55,1095.06
2212,"GOPHUR TANK, GOPHUR, ASSAM",POND,ASSAM,2023-04-01,26.883105,93.615453,24.4,6.93,7.28,158.96,2.31,1.15,467.4,1104.25
2212,"GOPHUR TANK, GOPHUR, ASSAM",POND,ASSAM,2023-05-01,26.883105,93.615453,24.89,6.85,7.43,162.56,2.41,1.13,459.3,1054.2
2212,"GOPHUR TANK, GOPHUR, ASSAM",POND,ASSAM,2023-05-31,26.883105,93.615453,24.75,7.0,6.9,163.81,2.29,1.17,481.26,1100.3
2212,"GOPHUR TANK, GOPHUR, ASSAM",POND,ASSAM,2023-06-30,26.883105,93.615453,24.77,6.79,6.95,167.89,2.32,1.2,439.42,1027.52
2212,"GOPHUR TANK, GOPHUR, ASSAM",POND,ASSAM,2023-07-30,26.883105,93.615453,24.52,7.24,7.07,161.3,2.37,1.2,442.93,1042.03
2212,"GOPHUR TANK, GOPHUR, ASSAM",POND,ASSAM,2023-08-29,26.883105,93.615453,26.14,7.35,7.33,162.9,2.35,1.16,466.07,1106.93
2212,"GOPHUR TANK, GOPHUR, ASSAM",POND,ASSAM,2023-09-28,26.883105,93.615453,25.23,7.4,7.53,168.88,2.4,1.19,471.43,1047.38
2212,"GOPHUR TANK, GOPHUR, ASSAM",POND,ASSAM,2023-10-28,26.883105,93.615453,24.82,7.1,7.56,164.65,2.46,1.2,448.83,1059.66
2212,"GOPHUR TANK, GOPHUR, ASSAM",POND,ASSAM,2023-11-27,26.883105,93.615453,25.0,7.03,7.1,169.31,2.33,1.17,460.8,1066.49
2212,"GOPHUR TANK, GOPHUR, ASSAM",POND,ASSAM,2023-12-27,26.883105,93.615453,25.01,7.1,7.1,172.5,2.25,1.19,460.39,1028.95
2212,"GOPHUR TANK, GOPHUR, ASSAM",POND,ASSAM,2024-01-26,26.883105,93.615453,25.93,6.97,7.4,170.93,2.35,1.1,472.48,1037.15
2212,"GOPHUR TANK, GOPHUR, ASSAM",POND,ASSAM,2024-02-25,26.883105,93.615453,26.39,6.79,6.95,171.9,2.36,1.1,471.3,1083.32
2212,"GOPHUR TANK, GOPHUR, ASSAM",POND,ASSAM,2024-03-26,26.883105,93.615453,24.77,7.08,7.35,164.87,2.37,1.16,473.17,1024.4
2212,"GOPHUR TANK, GOPHUR, ASSAM",POND,ASSAM,2024-04-25,26.883105,93.615453,25.2,7.09,6.92,165.32,2.39,1.11,445.63,1096.75
2212,"GOPHUR TANK, GOPHUR, ASSAM",POND,ASSAM,2024-05-25,26.883105,93.615453,24.82,7.16,7.28,163.94,2.24,1.17,442.88,1063.45
2212,"GOPHUR TANK, GOPHUR, ASSAM",POND,ASSAM,2024-06-24,26.883105,93.615453,26.44,7.05,7.31,170.42,2.28,1.09,448.22,1072.02
2212,"GOPHUR TANK, GOPHUR, ASSAM",POND,ASSAM,2024-07-24,26.883105,93.615453,24.62,7.31,7.24,162.53,2.34,1.2,455.37,1076.33
2212,"GOPHUR TANK, GOPHUR, ASSAM",POND,ASSAM,2024-08-23,26.883105,93.615453,25.98,6.98,7.53,167.28,2.24,1.16,481.71,1078.57
2212,"GOPHUR TANK, GOPHUR, ASSAM",POND,ASSAM,2024-09-22,26.883105,93.615453,24.23,6.88,7.39,173.11,2.38,1.13,458.72,1054.16
2212,"GOPHUR TANK, GOPHUR, ASSAM",POND,ASSAM,2024-10-22,26.883105,93.615453,26.01,7.03,7.27,169.23,2.29,1.21,470.83,1045.02
2212,"GOPHUR TANK, GOPHUR, ASSAM",POND,ASSAM,2024-11-21,26.883105,93.615453,26.62,6.94,6.88,162.92,2.39,1.11,470.07,1057.43
2227,"HARDOI PUKHURI, CHARAIDEW, ASSAM",POND,ASSAM,2023-01-01,26.948914,94.871519,26.75,6.89,6.89,103.47,2.49,0.83,507.28,1081.55
2227,"HARDOI PUKHURI, CHARAIDEW, ASSAM",POND,ASSAM,2023-01-31,26.948914,94.871519,27.54,6.74,7.43,104.31,2.51,0.87,496.2,1021.35
2227,"HARDOI PUKHURI, CHARAIDEW, ASSAM",POND,ASSAM,2023-03-02,26.948914,94.871519,28.5,6.83,6.87,96.47,2.38,0.87,513.0,1060.85
2227,"HARDOI PUKHURI, CHARAIDEW, ASSAM",POND,ASSAM,2023-04-01,26.948914,94.871519,26.97,6.69,7.4,99.0,2.51,0.82,494.12,1066.93
2227,"HARDOI PUKHURI, CHARAIDEW, ASSAM",POND,ASSAM,2023-05-01,26.948914,94.871519,27.59,6.69,7.3,104.77,2.34,0.88,502.47,1090.05
2227,"HARDOI PUKHURI, CHARAIDEW, ASSAM",POND,ASSAM,2023-05-31,26.948914,94.871519,27.16,6.56,7.33,97.32,2.5,0.86,524.23,1019.31
2227,"HARDOI PUKHURI, CHARAIDEW, ASSAM",POND,ASSAM,2023-06-30,26.948914,94.871519,27.64,6.74,7.41,100.27,2.45,0.86,493.0,1070.01
2227,"HARDOI PUKHURI, CHARAIDEW, ASSAM",POND,ASSAM,2023-07-30,26.948914,94.871519,29.34,6.87,6.87,102.26,2.33,0.88,524.8,1042.08
2227,"HARDOI PUKHURI, CHARAIDEW, ASSAM",POND,ASSAM,2023-08-29,26.948914,94.871519,27.34,6.9,7.27,95.89,2.42,0.89,495.01,1018.1
2227,"HARDOI PUKHURI, CHARAIDEW, ASSAM",POND,ASSAM,2023-09-28,26.948914,94.871519,27.65,6.69,7.27,95.17,2.37,0.89,523.46,1006.05
2227,"HARDOI PUKHURI, CHARAIDEW, ASSAM",POND,ASSAM,2023-10-28,26.948914,94.871519,28.29,6.84,6.94,95.97,2.43,0.88,489.96,1020.63
2227,"HARDOI PUKHURI, CHARAIDEW, ASSAM",POND,ASSAM,2023-11-27,26.948914,94.871519,28.51,6.56,6.86,100.97,2.5,0.85,531.64,1086.12
2227,"HARDOI PUKHURI, CHARAIDEW, ASSAM",POND,ASSAM,2023-12-27,26.948914,94.871519,29.01,6.87,6.82,101.56,2.31,0.86,536.26,1039.01
2227,"HARDOI PUKHURI, CHARAIDEW, ASSAM",POND,ASSAM,2024-01-26,26.948914,94.871519,28.41,6.61,6.87,103.69,2.47,0.81,520.83,1048.64
2227,"HARDOI PUKHURI, CHARAIDEW, ASSAM",POND,ASSAM,2024-02-25,26.948914,94.871519,29.03,6.73,6.98,97.55,2.39,0.81,515.81,1012.49
2227,"HARDOI PUKHURI, CHARAIDEW, ASSAM",POND,ASSAM,2024-03-26,26.948914,94.871519,26.68,6.67,7.37,98.89,2.34,0.82,529.97,1057.35
2227,"HARDOI PUKHURI, CHARAIDEW, ASSAM",POND,ASSAM,2024-04-25,26.948914,94.871519,28.74,7.16,7.08,104.37,2.29,0.89,526.61,1035.54
2227,"HARDOI PUKHURI, CHARAIDEW, ASSAM",POND,ASSAM,2024-05-25,26.948914,94.871519,28.23,6.71,7.41,95.82,2.3,0.82,501.06,1037.08
2227,"HARDOI PUKHURI, CHARAIDEW, ASSAM",POND,ASSAM,2024-06-24,26.948914,94.871519,27.17,7.05,7.42,100.83,2.42,0.86,508.15,1060.37
2227,"HARDOI PUKHURI, CHARAIDEW, ASSAM",POND,ASSAM,2024-07-24,26.948914,94.871519,27.42,6.84,6.91,100.42,2.43,0.86,507.88,1001.85
2227,"HARDOI PUKHURI, CHARAIDEW, ASSAM",POND,ASSAM,2024-08-23,26.948914,94.871519,27.42,7.17,6.98,97.86,2.52,0.86,504.21,1000.88
2227,"HARDOI PUKHURI, CHARAIDEW, ASSAM",POND,ASSAM,2024-09-22,26.948914,94.871519,28.96,6.75,7.18,104.94,2.47,0.86,501.5,1066.56
2227,"HARDOI PUKHURI, CHARAIDEW, ASSAM",POND,ASSAM,2024-10-22,26.948914,94.871519,28.88,6.96,7.33,98.45,2.28,0.87,537.2,1000.79
2227,"HARDOI PUKHURI, CHARAIDEW, ASSAM",POND,ASSAM,2024-11-21,26.948914,94.871519,29.32,7.01,6.86,102.82,2.29,0.81,505.98,1024.49
2213,"JAIPAL PUKHURI, SIPAJHAR, ASSAM",POND,ASSAM,2023-01-01,26.42838,91.889031,26.52,7.15,7.02,157.63,2.17,1.35,618.93,1135.16
2213,"JAIPAL PUKHURI, SIPAJHAR, ASSAM",POND,ASSAM,2023-01-31,26.42838,91.889031,27.61,6.96,6.99,152.65,2.31,1.35,607.37,1210.36
2213,"JAIPAL PUKHURI, SIPAJHAR, ASSAM",POND,ASSAM,2023-03-02,26.42838,91.889031,27.45,6.98,7.11,158.26,2.35,1.37,622.43,1240.02
2213,"JAIPAL PUKHURI, SIPAJHAR, ASSAM",POND,ASSAM,2023-04-01,26.42838,91.889031,28.59,7.26,7.4,162.11,2.3,1.37,648.57,1248.1
2213,"JAIPAL PUKHURI, SIPAJHAR, ASSAM",POND,ASSAM,2023-05-01,26.42838,91.889031,28.54,7.18,7.27,157.36,2.43,1.4,632.29,1260.51
2213,"JAIPAL PUKHURI, SIPAJHAR, ASSAM",POND,ASSAM,2023-05-31,26.42838,91.889031,28.17,7.6,7.49,156.21,2.28,1.41,632.93,1242.02
2213,"JAIPAL PUKHURI, SIPAJHAR, ASSAM",POND,ASSAM,2023-06-30,26.42838,91.889031,28.1,7.35,7.19,159.08,2.38,1.37,615.3,1268.31
2213,"JAIPAL PUKHURI, SIPAJHAR, ASSAM",POND,ASSAM,2023-07-30,26.42838,91.889031,28.92,7.82,7.41,166.68,2.33,1.34,628.9,1175.46
2213,"JAIPAL PUKHURI, SIPAJHAR, ASSAM",POND,ASSAM,2023-08-29,26.42838,91.889031,29.54,7.51,7.46,165.38,2.37,1.39,671.45,1295.34
2213,"JAIPAL PUKHURI, SIPAJHAR, ASSAM",POND,ASSAM,2023-09-28,26.42838,91.889031,29.86,7.73,8.01,166.89,2.46,1.43,640.46,1217.64
2213,"JAIPAL PUKHURI, SIPAJHAR, ASSAM",POND,ASSAM,2023-10-28,26.42838,91.889031,28.22,7.66,7.95,177.15,2.42,1.43,649.79,1290.46
2213,"JAIPAL PUKHURI, SIPAJHAR, ASSAM",POND,ASSAM,2023-11-27,26.42838,91.889031,28.25,7.47,7.57,176.17,2.57,1.42,684.02,1275.15
2213,"JAIPAL PUKHURI, SIPAJHAR, ASSAM",POND,ASSAM,2023-12-27,26.42838,91.889031,29.46,8.14,7.87,170.14,2.58,1.41,681.6,1245.21
2213,"JAIPAL PUKHURI, SIPAJHAR, ASSAM",POND,ASSAM,2024-01-26,26.42838,91.889031,29.81,7.81,7.92,179.48,2.56,1.5,701.48,1298.08
2213,"JAIPAL PUKHURI, SIPAJHAR, ASSAM",POND,ASSAM,2024-02-25,26.42838,91.889031,31.09,7.8,8.28,178.02,2.55,1.45,660.66,1289.51
2213,"JAIPAL PUKHURI, SIPAJHAR, ASSAM",POND,ASSAM,2024-03-26,26.42838,91.889031,31.54,8.29,7.73,183.33,2.59,1.48,713.03,1298.34
2213,"JAIPAL PUKHURI, SIPAJHAR, ASSAM",POND,ASSAM,2024-04-25,26.42838,91.889031,30.78,7.8,7.75,172.33,2.47,1.5,663.45,1266.55
2213,"JAIPAL PUKHURI, SIPAJHAR, ASSAM",POND,ASSAM,2024-05-25,26.42838,91.889031,29.84,8.17,7.99,183.52,2.51,1.47,699.29,1383.05
2213,"JAIPAL PUKHURI, SIPAJHAR, ASSAM",POND,ASSAM,2024-06-24,26.42838,91.889031,31.25,8.36,8.21,178.99,2.59,1.5,712.16,1288.76
2213,"JAIPAL PUKHURI, SIPAJHAR, ASSAM",POND,ASSAM,2024-07-24,26.42838,91.889031,30.39,8.53,8.27,183.65,2.67,1.56,677.83,1392.89
2213,"JAIPAL PUKHURI, SIPAJHAR, ASSAM",POND,ASSAM,2024-08-23,26.42838,91.889031,31.63,8.68,8.0,181.65,2.7,1.49,688.28,1312.34
2213,"JAIPAL PUKHURI, SIPAJHAR, ASSAM",POND,ASSAM,2024-09-22,26.42838,91.889031,32.2,8.43,8.33,189.75,2.73,1.55,734.29,1347.36
2213,"JAIPAL PUKHURI, SIPAJHAR, ASSAM",POND,ASSAM,2024-10-22,26.42838,91.889031,31.74,8.47,8.43,187.19,2.74,1.51,693.99,1333.03
2213,"JAIPAL PUKHURI, SIPAJHAR, ASSAM",POND,ASSAM,2024-11-21,26.42838,91.889031,31.48,8.27,8.49,189.87,2.76,1.54,708.04,1421.48
1532,"JAYSAGAR TANK, SIVASAGAR, ASSAM",POND,ASSAM,2023-01-01,26.953467,94.624919,27.27,6.62,7.27,112.4,2.18,0.82,315.2,732.79
1532,"JAYSAGAR TANK, SIVASAGAR, ASSAM",POND,ASSAM,2023-01-31,26.953467,94.624919,24.94,6.57,7.46,110.0,2.21,0.8,336.07,781.27
1532,"JAYSAGAR TANK, SIVASAGAR, ASSAM",POND,ASSAM,2023-03-02,26.953467,94.624919,25.18,6.19,7.44,111.29,2.21,0.83,323.78,786.58
1532,"JAYSAGAR TANK, SIVASAGAR, ASSAM",POND,ASSAM,2023-04-01,26.953467,94.624919,26.91,6.33,7.0,107.93,2.24,0.83,333.1,754.72
1532,"JAYSAGAR TANK, SIVASAGAR, ASSAM",POND,ASSAM,2023-05-01,26.953467,94.624919,26.15,6.41,7.44,110.52,2.3,0.78,330.55,730.79
1532,"JAYSAGAR TANK, SIVASAGAR, ASSAM",POND,ASSAM,2023-05-31,26.953467,94.624919,25.69,6.32,7.47,112.89,2.15,0.78,338.48,770.55
1532,"JAYSAGAR TANK, SIVASAGAR, ASSAM",POND,ASSAM,2023-06-30,26.953467,94.624919,26.3,6.44,6.96,116.08,2.21,0.83,316.33,738.32
1532,"JAYSAGAR TANK, SIVASAGAR, ASSAM",POND,ASSAM,2023-07-30,26.953467,94.624919,24.84,6.59,7.12,108.88,2.16,0.8,339.12,723.82
1532,"JAYSAGAR TANK, SIVASAGAR, ASSAM",POND,ASSAM,2023-08-29,26.953467,94.624919,26.61,6.61,6.97,107.19,2.1,0.82,331.21,758.74
1532,"JAYSAGAR TANK, SIVASAGAR, ASSAM",POND,ASSAM,2023-09-28,26.953467,94.624919,26.23,6.52,7.34,117.43,2.26,0.83,323.17,733.59
1532,"JAYSAGAR TANK, SIVASAGAR, ASSAM",POND,ASSAM,2023-10-28,26.953467,94.624919,25.51,6.33,7.41,110.31,2.11,0.77,336.3,769.46
1532,"JAYSAGAR TANK, SIVASAGAR, ASSAM",POND,ASSAM,2023-11-27,26.953467,94.624919,25.94,6.61,7.6,108.46,2.15,0.79,330.65,738.67
1532,"JAYSAGAR TANK, SIVASAGAR, ASSAM",POND,ASSAM,2023-12-27,26.953467,94.624919,25.53,6.16,7.09,107.45,2.19,0.83,321.72,787.54
1532,"JAYSAGAR TANK, SIVASAGAR, ASSAM",POND,ASSAM,2024-01-26,26.953467,94.624919,25.06,6.17,7.32,110.08,2.24,0.84,314.34,758.24
1532,"JAYSAGAR TANK, SIVASAGAR, ASSAM",POND,ASSAM,2024-02-25,26.953467,94.624919,26.35,6.54,7.23,111.5,2.3,0.81,334.35,729.69
1532,"JAYSAGAR TANK, SIVASAGAR, ASSAM",POND,ASSAM,2024-03-26,26.953467,94.624919,27.27,6.63,7.49,109.49,2.21,0.77,320.93,777.27
1532,"JAYSAGAR TANK, SIVASAGAR, ASSAM",POND,ASSAM,2024-04-25,26.953467,94.624919,26.55,6.09,7.04,112.84,2.17,0.79,343.96,723.0
1532,"JAYSAGAR TANK, SIVASAGAR, ASSAM",POND,ASSAM,2024-05-25,26.953467,94.624919,26.09,6.65,7.19,115.19,2.23,0.79,320.68,764.61
1532,"JAYSAGAR TANK, SIVASAGAR, ASSAM",POND,ASSAM,2024-06-24,26.953467,94.624919,26.4,6.14,7.47,116.9,2.17,0.8,329.6,752.56
1532,"JAYSAGAR TANK, SIVASAGAR, ASSAM",POND,ASSAM,2024-07-24,26.953467,94.624919,25.06,6.65,7.0,113.32,2.2,0.82,331.34,772.62
1532,"JAYSAGAR TANK, SIVASAGAR, ASSAM",POND,ASSAM,2024-08-23,26.953467,94.624919,25.98,6.14,7.27,112.57,2.12,0.82,341.35,775.49
1532,"JAYSAGAR TANK, SIVASAGAR, ASSAM",POND,ASSAM,2024-09-22,26.953467,94.624919,25.73,6.39,7.19,113.04,2.23,0.82,324.88,729.84
1532,"JAYSAGAR TANK, SIVASAGAR, ASSAM",POND,ASSAM,2024-10-22,26.953467,94.624919,27.22,6.33,7.5,107.28,2.3,0.78,344.55,768.79
1532,"JAYSAGAR TANK, SIVASAGAR, ASSAM",POND,ASSAM,2024-11-21,26.953467,94.624919,25.42,6.64,7.13,116.06,2.15,0.81,336.49,767.29
3809,JORPUKHURI AT UZANBAZAR (UGRATALA TEMPLE),POND,ASSAM,2023-01-01,26.19194,91.748766,26.63,6.12,7.03,354.3,2.42,2.94,600.0,1762.01
3809,JORPUKHURI AT UZANBAZAR (UGRATALA TEMPLE),POND,ASSAM,2023-01-31,26.19194,91.748766,24.66,6.54,7.6,336.1,2.45,2.83,628.05,1658.07
3809,JORPUKHURI AT UZANBAZAR (UGRATALA TEMPLE),POND,ASSAM,2023-03-02,26.19194,91.748766,24.33,6.17,7.17,356.73,2.5,2.8,614.78,1670.63
3809,JORPUKHURI AT UZANBAZAR (UGRATALA TEMPLE),POND,ASSAM,2023-04-01,26.19194,91.748766,26.72,6.51,7.53,348.65,2.56,2.86,611.27,1730.5
3809,JORPUKHURI AT UZANBAZAR (UGRATALA TEMPLE),POND,ASSAM,2023-05-01,26.19194,91.748766,26.29,6.45,7.4,327.13,2.56,2.97,646.89,1688.02
3809,JORPUKHURI AT UZANBAZAR (UGRATALA TEMPLE),POND,ASSAM,2023-05-31,26.19194,91.748766,25.46,6.14,7.36,343.84,2.47,2.76,639.04,1750.73
3809,JORPUKHURI AT UZANBAZAR (UGRATALA TEMPLE),POND,ASSAM,2023-06-30,26.19194,91.748766,26.45,6.1,7.08,341.04,2.4,2.8,596.42,1705.86
3809,JORPUKHURI AT UZANBAZAR (UGRATALA TEMPLE),POND,ASSAM,2023-07-30,26.19194,91.748766,25.25,6.58,7.6,356.03,2.39,2.82,626.87,1746.48
3809,JORPUKHURI AT UZANBAZAR (UGRATALA TEMPLE),POND,ASSAM,2023-08-29,26.19194,91.748766,26.48,6.28,7.41,354.29,2.43,2.98,601.92,1751.58
3809,JORPUKHURI AT UZANBAZAR (UGRATALA TEMPLE),POND,ASSAM,2023-09-28,26.19194,91.748766,25.52,6.04,7.23,351.91,2.53,2.93,644.25,1697.27
3809,JORPUKHURI AT UZANBAZAR (UGRATALA TEMPLE),POND,ASSAM,2023-10-28,26.19194,91.748766,26.17,6.48,7.04,340.17,2.41,2.91,590.64,1736.66
3809,JORPUKHURI AT UZANBAZAR (UGRATALA TEMPLE),POND,ASSAM,2023-11-27,26.19194,91.748766,24.67,6.42,7.02,330.82,2.33,2.92,621.07,1646.27
3809,JORPUKHURI AT UZANBAZAR (UGRATALA TEMPLE),POND,ASSAM,2023-12-27,26.19194,91.748766,25.14,6.05,7.22,331.26,2.49,2.78,634.05,1764.68
3809,JORPUKHURI AT UZANBAZAR (UGRATALA TEMPLE),POND,ASSAM,2024-01-26,26.19194,91.748766,25.77,6.59,7.31,334.78,2.37,2.92,595.38,1738.59
3809,JORPUKHURI AT UZANBAZAR (UGRATALA TEMPLE),POND,ASSAM,2024-02-25,26.19194,91.748766,24.8,6.31,7.34,343.17,2.48,2.89,621.4,1739.41
3809,JORPUKHURI AT UZANBAZAR (UGRATALA TEMPLE),POND,ASSAM,2024-03-26,26.19194,91.748766,25.95,6.05,7.5,328.12,2.57,2.83,591.03,1738.99
3809,JORPUKHURI AT UZANBAZAR (UGRATALA TEMPLE),POND,ASSAM,2024-04-25,26.19194,91.748766,25.23,6.17,7.59,352.79,2.54,2.75,598.03,1739.97
3809,JORPUKHURI AT UZANBAZAR (UGRATALA TEMPLE),POND,ASSAM,2024-05-25,26.19194,91.748766,25.63,6.51,7.01,343.33,2.35,2.99,600.13,1696.59
3809,JORPUKHURI AT UZANBAZAR (UGRATALA TEMPLE),POND,ASSAM,2024-06-24,26.19194,91.748766,26.01,6.38,7.2,345.99,2.38,2.8,609.29,1672.68
3809,JORPUKHURI AT UZANBAZAR (UGRATALA TEMPLE),POND,ASSAM,2024-07-24,26.19194,91.748766,25.74,6.49,7.03,354.0,2.57,2.92,647.27,1644.46
3809,JORPUKHURI AT UZANBAZAR (UGRATALA TEMPLE),POND,ASSAM,2024-08-23,26.19194,91.748766,25.58,6.18,7.09,343.57,2.56,2.98,589.46,1712.23
3809,JORPUKHURI AT UZANBAZAR (UGRATALA TEMPLE),POND,ASSAM,2024-09-22,26.19194,91.748766,24.45,6.5,7.15,334.76,2.53,2.86,637.72,1760.26
3809,JORPUKHURI AT UZANBAZAR (UGRATALA TEMPLE),POND,ASSAM,2024-10-22,26.19194,91.748766,25.84,6.12,7.4,329.27,2.57,2.77,589.04,1764.93
3809,JORPUKHURI AT UZANBAZAR (UGRATALA TEMPLE),POND,ASSAM,2024-11-21,26.19194,91.748766,25.05,6.14,7.13,355.89,2.51,2.81,636.42,1671.29
2223,"MAHAMAYA MANDIR PUKHURI, ASSAM",POND,ASSAM,2023-01-01,26.213095,90.120341,28.71,5.27,6.98,109.17,2.23,1.24,453.23,1192.36
2223,"MAHAMAYA MANDIR PUKHURI, ASSAM",POND,ASSAM,2023-01-31,26.213095,90.120341,28.8,5.04,7.24,109.65,2.24,1.15,466.56,1121.39
2223,"MAHAMAYA MANDIR PUKHURI, ASSAM",POND,ASSAM,2023-03-02,26.213095,90.120341,27.65,5.13,7.25,112.92,2.16,1.14,464.93,1105.84
2223,"MAHAMAYA MANDIR PUKHURI, ASSAM",POND,ASSAM,2023-04-01,26.213095,90.120341,27.89,5.27,7.13,110.66,2.06,1.17,446.34,1134.31
2223,"MAHAMAYA MANDIR PUKHURI, ASSAM",POND,ASSAM,2023-05-01,26.213095,90.120341,27.54,5.26,6.95,107.93,1.98,1.16,439.53,1153.67
2223,"MAHAMAYA MANDIR PUKHURI, ASSAM",POND,ASSAM,2023-05-31,26.213095,90.120341,28.64,5.24,6.89,104.39,2.05,1.17,457.13,1139.26
2223,"MAHAMAYA MANDIR PUKHURI, ASSAM",POND,ASSAM,2023-06-30,26.213095,90.120341,27.51,4.74,6.84,106.18,2.09,1.11,428.75,1070.33
2223,"MAHAMAYA MANDIR PUKHURI, ASSAM",POND,ASSAM,2023-07-30,26.213095,90.120341,27.87,4.64,7.14,107.2,2.1,1.18,445.12,1109.37
2223,"MAHAMAYA MANDIR PUKHURI, ASSAM",POND,ASSAM,2023-08-29,26.213095,90.120341,27.7,5.0,6.66,102.94,2.06,1.1,437.81,1052.22
2223,"MAHAMAYA MANDIR PUKHURI, ASSAM",POND,ASSAM,2023-09-28,26.213095,90.120341,25.32,4.79,6.36,102.83,1.96,1.1,416.95,1118.32
2223,"MAHAMAYA MANDIR PUKHURI, ASSAM",POND,ASSAM,2023-10-28,26.213095,90.120341,25.98,4.92,6.71,95.6,2.01,1.1,419.04,1078.84
2223,"MAHAMAYA MANDIR PUKHURI, ASSAM",POND,ASSAM,2023-11-27,26.213095,90.120341,25.37,4.65,6.58,98.11,1.95,1.12,438.95,1060.58
2223,"MAHAMAYA MANDIR PUKHURI, ASSAM",POND,ASSAM,2023-12-27,26.213095,90.120341,26.55,4.49,6.84,103.68,1.93,1.08,411.39,1012.74
2223,"MAHAMAYA MANDIR PUKHURI, ASSAM",POND,ASSAM,2024-01-26,26.213095,90.120341,24.24,4.75,6.26,95.29,1.88,1.03,404.03,1056.76
2223,"MAHAMAYA MANDIR PUKHURI, ASSAM",POND,ASSAM,2024-02-25,26.213095,90.120341,24.54,4.71,6.7,100.36,1.91,1.05,421.27,980.0
2223,"MAHAMAYA MANDIR PUKHURI, ASSAM",POND,ASSAM,2024-03-26,26.213095,90.120341,26.17,4.52,6.32,94.19,1.84,1.01,412.16,1049.04
2223,"MAHAMAYA MANDIR PUKHURI, ASSAM",POND,ASSAM,2024-04-25,26.213095,90.120341,24.15,4.58,6.47,97.51,1.91,1.1,380.42,1034.81
2223,"MAHAMAYA MANDIR PUKHURI, ASSAM",POND,ASSAM,2024-05-25,26.213095,90.120341,23.92,4.72,6.04,91.71,1.93,1.06,387.71,1052.88
2223,"MAHAMAYA MANDIR PUKHURI, ASSAM",POND,ASSAM,2024-06-24,26.213095,90.120341,24.87,4.52,5.92,91.99,1.82,1.07,371.91,959.27
2223,"MAHAMAYA MANDIR PUKHURI, ASSAM",POND,ASSAM,2024-07-24,26.213095,90.120341,24.98,4.43,6.11,94.33,1.89,0.97,400.03,943.33
2223,"MAHAMAYA MANDIR PUKHURI, ASSAM",POND,ASSAM,2024-08-23,26.213095,90.120341,24.69,4.56,6.3,94.54,1.72,1.04,368.23,969.08
2223,"MAHAMAYA MANDIR PUKHURI, ASSAM",POND,ASSAM,2024-09-22,26.213095,90.120341,23.25,4.44,6.03,87.4,1.74,0.99,363.72,902.03
2223,"MAHAMAYA MANDIR PUKHURI, ASSAM",POND,ASSAM,2024-10-22,26.213095,90.120341,24.5,4.21,5.96,85.17,1.74,0.94,394.65,962.7
2223,"MAHAMAYA MANDIR PUKHURI, ASSAM",POND,ASSAM,2024-11-21,26.213095,90.120341,22.87,4.2,5.74,90.33,1.69,0.98,380.2,882.09
4006,NETAI PUKHURI AT NETAI PUKHURI,POND,ASSAM,2023-01-01,27.208485,94.74042,27.29,6.28,7.09,104.22,2.24,0.89,345.22,713.55
4006,NETAI PUKHURI AT NETAI PUKHURI,POND,ASSAM,2023-01-31,27.208485,94.74042,28.23,6.5,6.77,104.21,2.43,0.85,323.54,745.33
4006,NETAI PUKHURI AT NETAI PUKHURI,POND,ASSAM,2023-03-02,27.208485,94.74042,29.15,6.4,7.13,102.77,2.34,0.87,332.62,700.04
4006,NETAI PUKHURI AT NETAI PUKHURI,POND,ASSAM,2023-04-01,27.208485,94.74042,27.3,6.4,7.01,104.08,2.33,0.81,318.67,756.9
4006,NETAI PUKHURI AT NETAI PUKHURI,POND,ASSAM,2023-05-01,27.208485,94.74042,29.86,6.27,6.72,106.38,2.31,0.86,315.51,719.85
4006,NETAI PUKHURI AT NETAI PUKHURI,POND,ASSAM,2023-05-31,27.208485,94.74042,29.84,6.75,7.36,108.54,2.23,0.83,343.41,693.44
4006,NETAI PUKHURI AT NETAI PUKHURI,POND,ASSAM,2023-06-30,27.208485,94.74042,29.84,6.66,7.32,102.76,2.39,0.86,337.18,736.41
4006,NETAI PUKHURI AT NETAI PUKHURI,POND,ASSAM,2023-07-30,27.208485,94.74042,27.15,6.44,6.88,103.76,2.24,0.89,336.39,722.34
4006,NETAI PUKHURI AT NETAI PUKHURI,POND,ASSAM,2023-08-29,27.208485,94.74042,29.12,6.56,7.33,103.25,2.24,0.86,314.06,692.24
4006,NETAI PUKHURI AT NETAI PUKHURI,POND,ASSAM,2023-09-28,27.208485,94.74042,27.69,6.35,7.33,107.22,2.28,0.83,324.92,717.4
4006,NETAI PUKHURI AT NETAI PUKHURI,POND,ASSAM,2023-10-28,27.208485,94.74042,27.19,6.76,7.34,103.35,2.44,0.87,344.24,711.18
4006,NETAI PUKHURI AT NETAI PUKHURI,POND,ASSAM,2023-11-27,27.208485,94.74042,28.22,6.58,7.07,105.23,2.32,0.82,341.3,759.7
4006,NETAI PUKHURI AT NETAI PUKHURI,POND,ASSAM,2023-12-27,27.208485,94.74042,28.89,6.9,7.0,106.15,2.36,0.87,332.72,758.39
4006,NETAI PUKHURI AT NETAI PUKHURI,POND,ASSAM,2024-01-26,27.208485,94.74042,27.46,6.49,7.37,107.33,2.4,0.85,335.23,732.59
4006,NETAI PUKHURI AT NETAI PUKHURI,POND,ASSAM,2024-02-25,27.208485,94.74042,29.56,6.48,6.96,105.01,2.29,0.84,334.14,693.46
4006,NETAI PUKHURI AT NETAI PUKHURI,POND,ASSAM,2024-03-26,27.208485,94.74042,29.06,6.59,7.05,106.75,2.42,0.88,342.36,741.51
4006,NETAI PUKHURI AT NETAI PUKHURI,POND,ASSAM,2024-04-25,27.208485,94.74042,27.19,6.38,7.0,107.3,2.33,0.83,324.98,693.71
4006,NETAI PUKHURI AT NETAI PUKHURI,POND,ASSAM,2024-05-25,27.208485,94.74042,28.44,6.37,7.12,107.03,2.46,0.85,324.23,750.64
4006,NETAI PUKHURI AT NETAI PUKHURI,POND,ASSAM,2024-06-24,27.208485,94.74042,27.09,6.82,7.33,109.44,2.25,0.89,314.33,752.41
4006,NETAI PUKHURI AT NETAI PUKHURI,POND,ASSAM,2024-07-24,27.208485,94.74042,29.8,6.76,7.27,109.67,2.3,0.84,313.73,724.98
4006,NETAI PUKHURI AT NETAI PUKHURI,POND,ASSAM,2024-08-23,27.208485,94.74042,27.22,6.58,7.14,103.63,2.41,0.86,314.37,704.72
4006,NETAI PUKHURI AT NETAI PUKHURI,POND,ASSAM,2024-09-22,27.208485,94.74042,29.3,6.46,7.03,108.05,2.33,0.87,340.02,728.16
4006,NETAI PUKHURI AT NETAI PUKHURI,POND,ASSAM,2024-10-22,27.208485,94.74042,29.17,6.33,7.22,107.7,2.26,0.86,316.26,721.6
4006,NETAI PUKHURI AT NETAI PUKHURI,POND,ASSAM,2024-11-21,27.208485,94.74042,27.61,6.52,7.16,109.4,2.37,0.89,340.07,732.09
2211,"PADUMPUKHURI, TEZPUR, ASSAM",POND,ASSAM,2023-01-01,26.622356,92.792886,25.72,6.77,6.94,214.23,2.43,1.12,495.06,1020.07
2211,"PADUMPUKHURI, TEZPUR, ASSAM",POND,ASSAM,2023-01-31,26.622356,92.792886,27.09,6.8,7.24,219.82,2.42,1.1,525.68,989.94
2211,"PADUMPUKHURI, TEZPUR, ASSAM",POND,ASSAM,2023-03-02,26.622356,92.792886,27.57,7.21,7.18,219.05,2.42,1.13,488.39,997.48
2211,"PADUMPUKHURI, TEZPUR, ASSAM",POND,ASSAM,2023-04-01,26.622356,92.792886,27.23,6.51,7.29,205.46,2.34,1.03,489.3,1050.02
2211,"PADUMPUKHURI, TEZPUR, ASSAM",POND,ASSAM,2023-05-01,26.622356,92.792886,26.88,6.87,6.89,210.39,2.3,1.07,494.3,1064.29
2211,"PADUMPUKHURI, TEZPUR, ASSAM",POND,ASSAM,2023-05-31,26.622356,92.792886,24.63,6.61,6.95,202.33,2.26,1.03,511.71,983.32
2211,"PADUMPUKHURI, TEZPUR, ASSAM",POND,ASSAM,2023-06-30,26.622356,92.792886,25.33,6.63,7.1,212.95,2.31,1.0,472.75,1044.05
2211,"PADUMPUKHURI, TEZPUR, ASSAM",POND,ASSAM,2023-07-30,26.622356,92.792886,25.73,6.94,6.92,197.79,2.36,1.04,497.53,989.28
2211,"PADUMPUKHURI, TEZPUR, ASSAM",POND,ASSAM,2023-08-29,26.622356,92.792886,23.89,6.84,6.55,199.57,2.32,1.02,499.83,984.84
2211,"PADUMPUKHURI, TEZPUR, ASSAM",POND,ASSAM,2023-09-28,26.622356,92.792886,23.99,6.15,6.46,195.25,2.18,1.07,499.21,989.95
2211,"PADUMPUKHURI, TEZPUR, ASSAM",POND,ASSAM,2023-10-28,26.622356,92.792886,25.03,6.36,6.88,197.21,2.25,1.02,470.15,918.56
2211,"PADUMPUKHURI, TEZPUR, ASSAM",POND,ASSAM,2023-11-27,26.622356,92.792886,24.1,6.53,6.61,196.59,2.29,1.05,448.08,991.96
2211,"PADUMPUKHURI, TEZPUR, ASSAM",POND,ASSAM,2023-12-27,26.622356,92.792886,24.23,6.12,6.5,188.98,2.3,1.04,485.72,938.43
2211,"PADUMPUKHURI, TEZPUR, ASSAM",POND,ASSAM,2024-01-26,26.622356,92.792886,22.73,5.96,6.46,187.86,2.26,1.0,475.4,926.2
2211,"PADUMPUKHURI, TEZPUR, ASSAM",POND,ASSAM,2024-02-25,26.622356,92.792886,23.45,5.86,6.14,193.83,2.12,0.95,433.6,947.84
2211,"PADUMPUKHURI, TEZPUR, ASSAM",POND,ASSAM,2024-03-26,26.622356,92.792886,23.31,5.82,6.59,186.56,2.2,0.95,466.67,930.28
2211,"PADUMPUKHURI, TEZPUR, ASSAM",POND,ASSAM,2024-04-25,26.622356,92.792886,23.52,5.93,6.63,184.72,2.2,1.0,437.05,891.48
2211,"PADUMPUKHURI, TEZPUR, ASSAM",POND,ASSAM,2024-05-25,26.622356,92.792886,22.41,5.75,5.99,177.16,2.01,0.91,426.95,885.86
2211,"PADUMPUKHURI, TEZPUR, ASSAM",POND,ASSAM,2024-06-24,26.622356,92.792886,21.69,6.0,6.07,181.83,2.12,0.89,425.73,850.29
2211,"PADUMPUKHURI, TEZPUR, ASSAM",POND,ASSAM,2024-07-24,26.622356,92.792886,21.93,6.07,5.74,185.67,2.15,0.98,415.41,926.36
2211,"PADUMPUKHURI, TEZPUR, ASSAM",POND,ASSAM,2024-08-23,26.622356,92.792886,22.57,5.49,6.39,181.99,2.16,0.96,407.31,899.61
2211,"PADUMPUKHURI, TEZPUR, ASSAM",POND,ASSAM,2024-09-22,26.622356,92.792886,23.29,5.91,5.99,181.65,2.09,0.86,404.59,903.41
2211,"PADUMPUKHURI, TEZPUR, ASSAM",POND,ASSAM,2024-10-22,26.622356,92.792886,21.55,5.8,5.62,170.48,1.93,0.91,408.9,887.16
2211,"PADUMPUKHURI, TEZPUR, ASSAM",POND,ASSAM,2024-11-21,26.622356,92.792886,21.1,5.71,5.68,181.43,1.99,0.86,434.4,886.34
2222,"RAJADINIA PUKHURI AT ABHAYAPURI, ASSAM",POND,ASSAM,2023-01-01,26.321125,90.660519,31.8,5.39,7.46,145.67,2.36,1.35,477.26,1117.4
2222,"RAJADINIA PUKHURI AT ABHAYAPURI, ASSAM",POND,ASSAM,2023-01-31,26.321125,90.660519,30.48,5.39,7.24,143.31,2.16,1.3,443.99,1072.74
2222,"RAJADINIA PUKHURI AT ABHAYAPURI, ASSAM",POND,ASSAM,2023-03-02,26.321125,90.660519,30.08,4.99,7.27,136.53,2.28,1.29,449.17,1120.31
2222,"RAJADINIA PUKHURI AT ABHAYAPURI, ASSAM",POND,ASSAM,2023-04-01,26.321125,90.660519,30.53,4.9,7.21,146.16,2.25,1.35,447.37,1036.28
2222,"RAJADINIA PUKHURI AT ABHAYAPURI, ASSAM",POND,ASSAM,2023-05-01,26.321125,90.660519,28.55,5.26,7.02,140.1,2.14,1.37,449.99,1105.71
2222,"RAJADINIA PUKHURI AT ABHAYAPURI, ASSAM",POND,ASSAM,2023-05-31,26.321125,90.660519,29.49,5.08,6.58,131.96,2.11,1.25,439.24,1085.89
2222,"RAJADINIA PUKHURI AT ABHAYAPURI, ASSAM",POND,ASSAM,2023-06-30,26.321125,90.660519,28.97,4.9,7.06,134.63,2.21,1.26,449.54,1036.89
2222,"RAJADINIA PUKHURI AT ABHAYAPURI, ASSAM",POND,ASSAM,2023-07-30,26.321125,90.660519,28.77,4.87,6.52,142.53,2.16,1.29,438.11,1028.74
2222,"RAJADINIA PUKHURI AT ABHAYAPURI, ASSAM",POND,ASSAM,2023-08-29,26.321125,90.660519,27.18,4.81,6.64,137.17,2.09,1.29,443.48,1063.97
2222,"RAJADINIA PUKHURI AT ABHAYAPURI, ASSAM",POND,ASSAM,2023-09-28,26.321125,90.660519,29.36,4.7,6.6,135.54,2.1,1.29,444.86,980.17
2222,"RAJADINIA PUKHURI AT ABHAYAPURI, ASSAM",POND,ASSAM,2023-10-28,26.321125,90.660519,29.0,4.79,6.66,128.53,2.02,1.27,420.41,1003.94
2222,"RAJADINIA PUKHURI AT ABHAYAPURI, ASSAM",POND,ASSAM,2023-11-27,26.321125,90.660519,28.02,4.87,6.51,133.28,2.02,1.29,436.89,964.7
2222,"RAJADINIA PUKHURI AT ABHAYAPURI, ASSAM",POND,ASSAM,2023-12-27,26.321125,90.660519,27.37,4.58,6.73,133.3,1.91,1.23,429.8,1019.99
2222,"RAJADINIA PUKHURI AT ABHAYAPURI, ASSAM",POND,ASSAM,2024-01-26,26.321125,90.660519,26.28,4.91,6.5,128.49,2.03,1.15,423.23,1028.95
2222,"RAJADINIA PUKHURI AT ABHAYAPURI, ASSAM",POND,ASSAM,2024-02-25,26.321125,90.660519,26.85,4.87,6.32,132.55,1.95,1.17,396.19,989.77
2222,"RAJADINIA PUKHURI AT ABHAYAPURI, ASSAM",POND,ASSAM,2024-03-26,26.321125,90.660519,27.88,4.64,6.62,120.81,1.91,1.21,411.06,1000.92
2222,"RAJADINIA PUKHURI AT ABHAYAPURI, ASSAM",POND,ASSAM,2024-04-25,26.321125,90.660519,25.24,4.32,6.07,127.26,1.87,1.16,417.15,920.61
2222,"RAJADINIA PUKHURI AT ABHAYAPURI, ASSAM",POND,ASSAM,2024-05-25,26.321125,90.660519,27.44,4.49,6.15,125.88,1.82,1.18,407.6,1001.8
2222,"RAJADINIA PUKHURI AT ABHAYAPURI, ASSAM",POND,ASSAM,2024-06-24,26.321125,90.660519,26.63,4.46,5.91,117.54,1.85,1.2,393.22,916.16
2222,"RAJADINIA PUKHURI AT ABHAYAPURI, ASSAM",POND,ASSAM,2024-07-24,26.321125,90.660519,27.03,4.18,6.26,126.83,1.86,1.17,403.05,922.0
2222,"RAJADINIA PUKHURI AT ABHAYAPURI, ASSAM",POND,ASSAM,2024-08-23,26.321125,90.660519,25.18,4.28,6.1,126.57,1.82,1.1,360.94,941.48
2222,"RAJADINIA PUKHURI AT ABHAYAPURI, ASSAM",POND,ASSAM,2024-09-22,26.321125,90.660519,23.96,4.39,6.02,117.05,1.84,1.17,388.76,874.83
2222,"RAJADINIA PUKHURI AT ABHAYAPURI, ASSAM",POND,ASSAM,2024-10-22,26.321125,90.660519,25.98,4.48,5.61,117.74,1.77,1.05,390.85,948.45
2222,"RAJADINIA PUKHURI AT ABHAYAPURI, ASSAM",POND,ASSAM,2024-11-21,26.321125,90.660519,23.94,4.08,5.57,120.72,1.73,1.06,369.65,851.11
2224,"RAJAPUKHURI AT GAURIPUR, ASSAM",POND,ASSAM,2023-01-01,26.093677,89.960368,27.39,5.34,6.88,128.1,2.33,1.29,441.65,1047.97
2224,"RAJAPUKHURI AT GAURIPUR, ASSAM",POND,ASSAM,2023-01-31,26.093677,89.960368,28.37,5.1,7.06,133.23,2.39,1.29,472.21,1021.53
2224,"RAJAPUKHURI AT GAURIPUR, ASSAM",POND,ASSAM,2023-03-02,26.093677,89.960368,27.42,5.06,7.04,124.43,2.24,1.24,438.44,1065.42
2224,"RAJAPUKHURI AT GAURIPUR, ASSAM",POND,ASSAM,2023-04-01,26.093677,89.960368,26.72,5.06,7.03,130.09,2.15,1.23,429.0,1036.24
2224,"RAJAPUKHURI AT GAURIPUR, ASSAM",POND,ASSAM,2023-05-01,26.093677,89.960368,28.65,5.3,6.7,127.05,2.29,1.23,450.35,1046.75
2224,"RAJAPUKHURI AT GAURIPUR, ASSAM",POND,ASSAM,2023-05-31,26.093677,89.960368,27.41,5.1,6.63,125.37,2.29,1.2,430.49,976.09
2224,"RAJAPUKHURI AT GAURIPUR, ASSAM",POND,ASSAM,2023-06-30,26.093677,89.960368,26.57,5.12,6.48,125.65,2.26,1.13,457.99,1054.85
2224,"RAJAPUKHURI AT GAURIPUR, ASSAM",POND,ASSAM,2023-07-30,26.093677,89.960368,26.06,4.79,6.68,121.6,2.22,1.18,446.79,966.02
2224,"RAJAPUKHURI AT GAURIPUR, ASSAM",POND,ASSAM,2023-08-29,26.093677,89.960368,25.53,4.91,6.56,121.49,2.18,1.22,417.61,1024.9
2224,"RAJAPUKHURI AT GAURIPUR, ASSAM",POND,ASSAM,2023-09-28,26.093677,89.960368,27.67,4.79,6.74,115.1,2.08,1.2,417.95,965.24
2224,"RAJAPUKHURI AT GAURIPUR, ASSAM",POND,ASSAM,2023-10-28,26.093677,89.960368,26.55,4.75,6.78,124.52,2.2,1.17,443.21,1012.63
2224,"RAJAPUKHURI AT GAURIPUR, ASSAM",POND,ASSAM,2023-11-27,26.093677,89.960368,26.04,4.99,6.82,119.89,2.1,1.08,421.53,997.33
2224,"RAJAPUKHURI AT GAURIPUR, ASSAM",POND,ASSAM,2023-12-27,26.093677,89.960368,24.32,4.7,6.73,117.02,2.11,1.15,431.22,905.4
2224,"RAJAPUKHURI AT GAURIPUR, ASSAM",POND,ASSAM,2024-01-26,26.093677,89.960368,26.31,4.89,6.4,119.47,2.05,1.11,421.22,949.97
2224,"RAJAPUKHURI AT GAURIPUR, ASSAM",POND,ASSAM,2024-02-25,26.093677,89.960368,23.95,4.9,6.57,112.68,2.05,1.05,392.87,943.28
2224,"RAJAPUKHURI AT GAURIPUR, ASSAM",POND,ASSAM,2024-03-26,26.093677,89.960368,24.28,4.67,6.41,112.4,2.01,1.1,387.47,982.27
2224,"RAJAPUKHURI AT GAURIPUR, ASSAM",POND,ASSAM,2024-04-25,26.093677,89.960368,25.6,4.63,6.48,110.85,1.96,1.05,381.78,965.21
2224,"RAJAPUKHURI AT GAURIPUR, ASSAM",POND,ASSAM,2024-05-25,26.093677,89.960368,24.63,4.56,6.08,109.72,2.04,1.06,405.98,934.5
2224,"RAJAPUKHURI AT GAURIPUR, ASSAM",POND,ASSAM,2024-06-24,26.093677,89.960368,23.4,4.43,6.17,105.46,2.03,1.04,405.19,890.2
2224,"RAJAPUKHURI AT GAURIPUR, ASSAM",POND,ASSAM,2024-07-24,26.093677,89.960368,23.89,4.2,6.23,105.07,1.95,1.06,393.58,930.06
2224,"RAJAPUKHURI AT GAURIPUR, ASSAM",POND,ASSAM,2024-08-23,26.093677,89.960368,24.1,4.58,6.02,107.15,1.99,1.01,379.14,920.35
2224,"RAJAPUKHURI AT GAURIPUR, ASSAM",POND,ASSAM,2024-09-22,26.093677,89.960368,24.64,4.4,6.05,107.6,1.84,1.0,359.54,912.03
2224,"RAJAPUKHURI AT GAURIPUR, ASSAM",POND,ASSAM,2024-10-22,26.093677,89.960368,24.21,4.41,5.7,112.05,1.97,0.98,367.74,915.14
2224,"RAJAPUKHURI AT GAURIPUR, ASSAM",POND,ASSAM,2024-11-21,26.093677,89.960368,21.88,4.12,5.46,100.36,1.8,0.97,362.72,910.05
2210,"RAJMAW PUKHURI, JORHAT, ASSAM",POND,ASSAM,2023-01-01,26.755125,94.209599,29.86,6.83,7.06,108.97,2.28,1.02,516.55,872.17
2210,"RAJMAW PUKHURI, JORHAT, ASSAM",POND,ASSAM,2023-01-31,26.755125,94.209599,30.3,6.92,7.39,114.1,2.29,0.95,490.96,953.86
2210,"RAJMAW PUKHURI, JORHAT, ASSAM",POND,ASSAM,2023-03-02,26.755125,94.209599,29.57,6.65,7.38,115.13,2.31,0.97,517.02,926.45
2210,"RAJMAW PUKHURI, JORHAT, ASSAM",POND,ASSAM,2023-04-01,26.755125,94.209599,30.08,6.47,7.2,111.2,2.41,0.97,505.95,933.36
2210,"RAJMAW PUKHURI, JORHAT, ASSAM",POND,ASSAM,2023-05-01,26.755125,94.209599,30.38,6.78,7.42,106.47,2.27,0.95,514.89,939.96
2210,"RAJMAW PUKHURI, JORHAT, ASSAM",POND,ASSAM,2023-05-31,26.755125,94.209599,30.83,6.5,7.76,114.76,2.37,0.97,520.56,928.07
2210,"RAJMAW PUKHURI, JORHAT, ASSAM",POND,ASSAM,2023-06-30,26.755125,94.209599,30.63,6.5,7.19,106.82,2.29,0.95,525.47,906.26
2210,"RAJMAW PUKHURI, JORHAT, ASSAM",POND,ASSAM,2023-07-30,26.755125,94.209599,30.08,6.57,7.63,106.11,2.24,1.02,515.2,892.45
2210,"RAJMAW PUKHURI, JORHAT, ASSAM",POND,ASSAM,2023-08-29,26.755125,94.209599,30.74,6.31,7.53,113.31,2.4,1.01,491.62,898.48
2210,"RAJMAW PUKHURI, JORHAT, ASSAM",POND,ASSAM,2023-09-28,26.755125,94.209599,28.83,6.78,7.17,105.08,2.33,0.99,519.99,866.85
2210,"RAJMAW PUKHURI, JORHAT, ASSAM",POND,ASSAM,2023-10-28,26.755125,94.209599,30.9,6.68,7.7,110.85,2.31,0.99,489.64,943.64
2210,"RAJMAW PUKHURI, JORHAT, ASSAM",POND,ASSAM,2023-11-27,26.755125,94.209599,28.18,6.55,7.17,109.78,2.33,0.96,490.42,896.81
2210,"RAJMAW PUKHURI, JORHAT, ASSAM",POND,ASSAM,2023-12-27,26.755125,94.209599,29.88,6.61,7.65,115.03,2.38,0.96,532.09,938.26
2210,"RAJMAW PUKHURI, JORHAT, ASSAM",POND,ASSAM,2024-01-26,26.755125,94.209599,29.91,6.29,7.43,105.86,2.29,1.02,494.92,898.35
2210,"RAJMAW PUKHURI, JORHAT, ASSAM",POND,ASSAM,2024-02-25,26.755125,94.209599,29.29,6.83,7.59,104.51,2.44,1.02,521.62,912.67
2210,"RAJMAW PUKHURI, JORHAT, ASSAM",POND,ASSAM,2024-03-26,26.755125,94.209599,28.77,6.89,7.24,109.19,2.36,0.97,495.67,922.26
2210,"RAJMAW PUKHURI, JORHAT, ASSAM",POND,ASSAM,2024-04-25,26.755125,94.209599,28.71,6.83,7.21,107.27,2.29,1.01,506.93,939.71
2210,"RAJMAW PUKHURI, JORHAT, ASSAM",POND,ASSAM,2024-05-25,26.755125,94.209599,28.36,6.88,7.31,107.36,2.29,1.0,520.9,931.85
2210,"RAJMAW PUKHURI, JORHAT, ASSAM",POND,ASSAM,2024-06-24,26.755125,94.209599,29.1,6.56,7.13,106.8,2.34,1.0,539.76,944.15
2210,"RAJMAW PUKHURI, JORHAT, ASSAM",POND,ASSAM,2024-07-24,26.755125,94.209599,30.57,6.31,7.38,105.33,2.31,0.99,537.28,899.44
2210,"RAJMAW PUKHURI, JORHAT, ASSAM",POND,ASSAM,2024-08-23,26.755125,94.209599,29.75,6.76,7.29,111.36,2.4,1.03,497.88,872.99
2210,"RAJMAW PUKHURI, JORHAT, ASSAM",POND,ASSAM,2024-09-22,26.755125,94.209599,30.31,6.77,7.77,113.64,2.41,1.03,501.31,910.25
2210,"RAJMAW PUKHURI, JORHAT, ASSAM",POND,ASSAM,2024-10-22,26.755125,94.209599,29.88,6.9,7.45,105.18,2.31,1.03,526.71,882.38
2210,"RAJMAW PUKHURI, JORHAT, ASSAM",POND,ASSAM,2024-11-21,26.755125,94.209599,28.33,6.93,7.12,114.7,2.24,1.02,514.92,951.26
3806,POND WATER FROM RAMKRISHNA MISSION AT HAILAKANDI,POND,ASSAM,2023-01-01,24.674821,92.561422,23.88,5.5,7.0,144.1,2.56,0.87,451.0,1182.37
3806,POND WATER FROM RAMKRISHNA MISSION AT HAILAKANDI,POND,ASSAM,2023-01-31,24.674821,92.561422,23.33,5.7,6.89,137.09,2.57,0.93,461.04,1158.3
3806,POND WATER FROM RAMKRISHNA MISSION AT HAILAKANDI,POND,ASSAM,2023-03-02,24.674821,92.561422,22.38,5.96,6.64,143.6,2.71,0.89,482.38,1138.46
3806,POND WATER FROM RAMKRISHNA MISSION AT HAILAKANDI,POND,ASSAM,2023-04-01,24.674821,92.561422,24.52,5.64,6.89,143.3,2.67,0.96,476.06,1214.27
3806,POND WATER FROM RAMKRISHNA MISSION AT HAILAKANDI,POND,ASSAM,2023-05-01,24.674821,92.561422,24.89,5.88,6.75,136.24,2.56,0.94,488.0,1138.12
3806,POND WATER FROM RAMKRISHNA MISSION AT HAILAKANDI,POND,ASSAM,2023-05-31,24.674821,92.561422,24.99,5.81,6.82,150.26,2.77,0.89,472.95,1242.31
3806,POND WATER FROM RAMKRISHNA MISSION AT HAILAKANDI,POND,ASSAM,2023-06-30,24.674821,92.561422,23.82,6.05,6.89,145.86,2.69,0.97,464.74,1162.36
3806,POND WATER FROM RAMKRISHNA MISSION AT HAILAKANDI,POND,ASSAM,2023-07-30,24.674821,92.561422,25.32,5.77,7.22,144.58,2.84,0.98,477.25,1170.72
3806,POND WATER FROM RAMKRISHNA MISSION AT HAILAKANDI,POND,ASSAM,2023-08-29,24.674821,92.561422,23.88,5.76,7.64,148.29,2.85,0.95,469.84,1185.81
3806,POND WATER FROM RAMKRISHNA MISSION AT HAILAKANDI,POND,ASSAM,2023-09-28,24.674821,92.561422,25.4,6.26,7.09,143.11,2.86,0.92,487.88,1258.31
3806,POND WATER FROM RAMKRISHNA MISSION AT HAILAKANDI,POND,ASSAM,2023-10-28,24.674821,92.561422,25.86,6.2,7.1,147.17,2.76,0.97,507.37,1232.21
3806,POND WATER FROM RAMKRISHNA MISSION AT HAILAKANDI,POND,ASSAM,2023-11-27,24.674821,92.561422,25.46,5.93,7.62,145.77,2.89,0.94,518.88,1297.09
3806,POND WATER FROM RAMKRISHNA MISSION AT HAILAKANDI,POND,ASSAM,2023-12-27,24.674821,92.561422,25.35,6.18,7.59,149.84,2.95,0.96,495.76,1301.27
3806,POND WATER FROM RAMKRISHNA MISSION AT HAILAKANDI,POND,ASSAM,2024-01-26,24.674821,92.561422,25.47,6.54,7.71,146.07,2.94,1.0,531.33,1233.65
3806,POND WATER FROM RAMKRISHNA MISSION AT HAILAKANDI,POND,ASSAM,2024-02-25,24.674821,92.561422,26.02,6.15,7.56,149.57,2.94,1.05,511.12,1334.43
3806,POND WATER FROM RAMKRISHNA MISSION AT HAILAKANDI,POND,ASSAM,2024-03-26,24.674821,92.561422,26.04,6.16,7.89,156.07,3.05,0.97,515.2,1315.45
3806,POND WATER FROM RAMKRISHNA MISSION AT HAILAKANDI,POND,ASSAM,2024-04-25,24.674821,92.561422,26.05,6.63,7.84,163.01,3.01,1.02,525.79,1280.78
3806,POND WATER FROM RAMKRISHNA MISSION AT HAILAKANDI,POND,ASSAM,2024-05-25,24.674821,92.561422,25.98,6.38,7.87,163.44,2.91,1.04,505.34,1331.16
3806,POND WATER FROM RAMKRISHNA MISSION AT HAILAKANDI,POND,ASSAM,2024-06-24,24.674821,92.561422,26.47,6.62,7.59,153.81,2.87,1.07,543.35,1288.87
3806,POND WATER FROM RAMKRISHNA MISSION AT HAILAKANDI,POND,ASSAM,2024-07-24,24.674821,92.561422,27.43,6.49,7.85,164.36,2.95,1.03,528.89,1317.94
3806,POND WATER FROM RAMKRISHNA MISSION AT HAILAKANDI,POND,ASSAM,2024-08-23,24.674821,92.561422,27.08,6.5,8.3,164.09,3.06,1.08,524.08,1326.5
3806,POND WATER FROM RAMKRISHNA MISSION AT HAILAKANDI,POND,ASSAM,2024-09-22,24.674821,92.561422,27.07,6.44,8.07,162.92,3.16,1.03,534.24,1384.87
3806,POND WATER FROM RAMKRISHNA MISSION AT HAILAKANDI,POND,ASSAM,2024-10-22,24.674821,92.561422,26.56,6.61,8.19,167.28,2.98,1.09,542.46,1331.48
3806,POND WATER FROM RAMKRISHNA MISSION AT HAILAKANDI,POND,ASSAM,2024-11-21,24.674821,92.561422,26.53,6.73,8.32,159.56,3.11,1.09,530.57,1346.61
2226,"SIVASAGAR TANK (BORPUKHURI) NEAR SIVADOL, ASSAM",POND,ASSAM,2023-01-01,26.9919,94.632189,28.25,6.62,7.03,90.63,2.39,0.92,320.63,941.59
2226,"SIVASAGAR TANK (BORPUKHURI) NEAR SIVADOL, ASSAM",POND,ASSAM,2023-01-31,26.9919,94.632189,27.52,6.5,7.18,95.6,2.51,0.97,321.26,927.39
2226,"SIVASAGAR TANK (BORPUKHURI) NEAR SIVADOL, ASSAM",POND,ASSAM,2023-03-02,26.9919,94.632189,27.89,6.39,7.19,98.22,2.47,0.99,347.6,972.49
2226,"SIVASAGAR TANK (BORPUKHURI) NEAR SIVADOL, ASSAM",POND,ASSAM,2023-04-01,26.9919,94.632189,28.92,6.48,7.21,93.93,2.35,0.98,335.8,910.22
2226,"SIVASAGAR TANK (BORPUKHURI) NEAR SIVADOL, ASSAM",POND,ASSAM,2023-05-01,26.9919,94.632189,28.37,7.04,7.15,99.17,2.48,1.01,343.42,900.56
2226,"SIVASAGAR TANK (BORPUKHURI) NEAR SIVADOL, ASSAM",POND,ASSAM,2023-05-31,26.9919,94.632189,28.94,6.64,7.83,102.45,2.61,0.98,329.71,974.1
2226,"SIVASAGAR TANK (BORPUKHURI) NEAR SIVADOL, ASSAM",POND,ASSAM,2023-06-30,26.9919,94.632189,29.25,6.8,7.24,103.48,2.52,0.98,344.48,966.98
2226,"SIVASAGAR TANK (BORPUKHURI) NEAR SIVADOL, ASSAM",POND,ASSAM,2023-07-30,26.9919,94.632189,27.75,6.79,7.88,102.73,2.63,0.99,358.41,969.6
2226,"SIVASAGAR TANK (BORPUKHURI) NEAR SIVADOL, ASSAM",POND,ASSAM,2023-08-29,26.9919,94.632189,28.12,6.99,7.45,103.78,2.59,0.97,353.78,957.56
2226,"SIVASAGAR TANK (BORPUKHURI) NEAR SIVADOL, ASSAM",POND,ASSAM,2023-09-28,26.9919,94.632189,29.07,7.12,7.83,100.01,2.51,1.07,353.15,956.96
2226,"SIVASAGAR TANK (BORPUKHURI) NEAR SIVADOL, ASSAM",POND,ASSAM,2023-10-28,26.9919,94.632189,30.1,6.93,7.79,106.1,2.6,1.04,373.52,982.43
2226,"SIVASAGAR TANK (BORPUKHURI) NEAR SIVADOL, ASSAM",POND,ASSAM,2023-11-27,26.9919,94.632189,30.1,6.83,7.5,108.03,2.57,1.07,365.09,1004.44
2226,"SIVASAGAR TANK (BORPUKHURI) NEAR SIVADOL, ASSAM",POND,ASSAM,2023-12-27,26.9919,94.632189,29.78,7.48,7.59,104.15,2.73,1.09,373.1,1019.41
2226,"SIVASAGAR TANK (BORPUKHURI) NEAR SIVADOL, ASSAM",POND,ASSAM,2024-01-26,26.9919,94.632189,31.17,7.26,7.95,106.29,2.69,1.05,356.28,1056.79
2226,"SIVASAGAR TANK (BORPUKHURI) NEAR SIVADOL, ASSAM",POND,ASSAM,2024-02-25,26.9919,94.632189,31.61,7.06,8.11,104.74,2.62,1.09,368.58,1055.91
2226,"SIVASAGAR TANK (BORPUKHURI) NEAR SIVADOL, ASSAM",POND,ASSAM,2024-03-26,26.9919,94.632189,30.15,7.12,8.24,104.23,2.66,1.11,358.93,989.15
2226,"SIVASAGAR TANK (BORPUKHURI) NEAR SIVADOL, ASSAM",POND,ASSAM,2024-04-25,26.9919,94.632189,31.88,7.45,8.31,107.5,2.77,1.06,361.99,1049.92
2226,"SIVASAGAR TANK (BORPUKHURI) NEAR SIVADOL, ASSAM",POND,ASSAM,2024-05-25,26.9919,94.632189,30.55,7.62,7.96,106.47,2.71,1.04,363.4,1044.98
2226,"SIVASAGAR TANK (BORPUKHURI) NEAR SIVADOL, ASSAM",POND,ASSAM,2024-06-24,26.9919,94.632189,31.63,7.31,8.53,112.63,2.64,1.07,374.04,1030.29
2226,"SIVASAGAR TANK (BORPUKHURI) NEAR SIVADOL, ASSAM",POND,ASSAM,2024-07-24,26.9919,94.632189,31.23,7.5,8.36,107.63,2.72,1.12,373.24,1077.36
2226,"SIVASAGAR TANK (BORPUKHURI) NEAR SIVADOL, ASSAM",POND,ASSAM,2024-08-23,26.9919,94.632189,32.74,7.47,8.66,108.56,2.9,1.14,395.89,1103.67
2226,"SIVASAGAR TANK (BORPUKHURI) NEAR SIVADOL, ASSAM",POND,ASSAM,2024-09-22,26.9919,94.632189,33.5,7.74,8.5,106.97,2.77,1.1,384.06,1043.35
2226,"SIVASAGAR TANK (BORPUKHURI) NEAR SIVADOL, ASSAM",POND,ASSAM,2024-10-22,26.9919,94.632189,33.12,7.91,8.42,115.36,2.84,1.15,402.29,1080.82
2226,"SIVASAGAR TANK (BORPUKHURI) NEAR SIVADOL, ASSAM",POND,ASSAM,2024-11-21,26.9919,94.632189,32.6,7.56,8.85,113.04,2.8,1.17,391.32,1083.3
2217,"SUBHAGYA KUNDA POND KAMAKHYA TEMPLE, GUWAHATI, ASSAM",POND,ASSAM,2023-01-01,26.166621,91.705616,24.7,6.78,6.99,249.32,2.52,1.19,612.48,1533.34
2217,"SUBHAGYA KUNDA POND KAMAKHYA TEMPLE, GUWAHATI, ASSAM",POND,ASSAM,2023-01-31,26.166621,91.705616,26.15,6.83,7.23,260.38,2.59,1.24,589.2,1567.56
2217,"SUBHAGYA KUNDA POND KAMAKHYA TEMPLE, GUWAHATI, ASSAM",POND,ASSAM,2023-03-02,26.166621,91.705616,26.46,6.55,7.0,257.43,2.61,1.17,644.82,1550.52
2217,"SUBHAGYA KUNDA POND KAMAKHYA TEMPLE, GUWAHATI, ASSAM",POND,ASSAM,2023-04-01,26.166621,91.705616,26.51,6.89,7.62,257.0,2.63,1.19,619.1,1575.3
2217,"SUBHAGYA KUNDA POND KAMAKHYA TEMPLE, GUWAHATI, ASSAM",POND,ASSAM,2023-05-01,26.166621,91.705616,27.87,7.22,7.12,261.46,2.61,1.22,596.16,1576.23
2217,"SUBHAGYA KUNDA POND KAMAKHYA TEMPLE, GUWAHATI, ASSAM",POND,ASSAM,2023-05-31,26.166621,91.705616,27.13,7.11,7.63,257.59,2.52,1.24,610.31,1564.0
2217,"SUBHAGYA KUNDA POND KAMAKHYA TEMPLE, GUWAHATI, ASSAM",POND,ASSAM,2023-06-30,26.166621,91.705616,27.53,7.35,7.45,269.66,2.68,1.24,611.15,1569.76
2217,"SUBHAGYA KUNDA POND KAMAKHYA TEMPLE, GUWAHATI, ASSAM",POND,ASSAM,2023-07-30,26.166621,91.705616,28.77,7.33,7.7,281.02,2.68,1.27,620.14,1672.1
2217,"SUBHAGYA KUNDA POND KAMAKHYA TEMPLE, GUWAHATI, ASSAM",POND,ASSAM,2023-08-29,26.166621,91.705616,27.6,7.5,7.79,278.03,2.66,1.28,645.07,1719.9
2217,"SUBHAGYA KUNDA POND KAMAKHYA TEMPLE, GUWAHATI, ASSAM",POND,ASSAM,2023-09-28,26.166621,91.705616,27.9,7.33,8.08,277.49,2.57,1.31,665.47,1730.54
2217,"SUBHAGYA KUNDA POND KAMAKHYA TEMPLE, GUWAHATI, ASSAM",POND,ASSAM,2023-10-28,26.166621,91.705616,29.15,7.32,7.81,271.19,2.73,1.29,628.63,1606.12
2217,"SUBHAGYA KUNDA POND KAMAKHYA TEMPLE, GUWAHATI, ASSAM",POND,ASSAM,2023-11-27,26.166621,91.705616,28.4,7.3,8.1,276.54,2.72,1.28,689.35,1695.5
2217,"SUBHAGYA KUNDA POND KAMAKHYA TEMPLE, GUWAHATI, ASSAM",POND,ASSAM,2023-12-27,26.166621,91.705616,27.94,7.14,8.1,296.01,2.64,1.28,675.1,1766.03
2217,"SUBHAGYA KUNDA POND KAMAKHYA TEMPLE, GUWAHATI, ASSAM",POND,ASSAM,2024-01-26,26.166621,91.705616,29.84,7.27,8.25,299.14,2.85,1.35,698.33,1718.6
2217,"SUBHAGYA KUNDA POND KAMAKHYA TEMPLE, GUWAHATI, ASSAM",POND,ASSAM,2024-02-25,26.166621,91.705616,30.02,7.59,8.16,286.23,2.74,1.38,694.09,1736.12
2217,"SUBHAGYA KUNDA POND KAMAKHYA TEMPLE, GUWAHATI, ASSAM",POND,ASSAM,2024-03-26,26.166621,91.705616,29.12,7.3,7.98,298.36,2.81,1.31,704.69,1810.68
2217,"SUBHAGYA KUNDA POND KAMAKHYA TEMPLE, GUWAHATI, ASSAM",POND,ASSAM,2024-04-25,26.166621,91.705616,29.86,7.81,8.13,286.6,2.71,1.37,693.71,1800.79
2217,"SUBHAGYA KUNDA POND KAMAKHYA TEMPLE, GUWAHATI, ASSAM",POND,ASSAM,2024-05-25,26.166621,91.705616,28.62,7.8,8.04,283.01,2.92,1.39,665.14,1796.08
2217,"SUBHAGYA KUNDA POND KAMAKHYA TEMPLE, GUWAHATI, ASSAM",POND,ASSAM,2024-06-24,26.166621,91.705616,29.33,7.64,7.99,310.41,2.81,1.34,689.18,1824.19
2217,"SUBHAGYA KUNDA POND KAMAKHYA TEMPLE, GUWAHATI, ASSAM",POND,ASSAM,2024-07-24,26.166621,91.705616,29.44,8.03,8.23,300.57,2.91,1.42,713.94,1854.29
2217,"SUBHAGYA KUNDA POND KAMAKHYA TEMPLE, GUWAHATI, ASSAM",POND,ASSAM,2024-08-23,26.166621,91.705616,30.85,7.95,8.22,298.35,2.87,1.45,695.17,1745.4
2217,"SUBHAGYA KUNDA POND KAMAKHYA TEMPLE, GUWAHATI, ASSAM",POND,ASSAM,2024-09-22,26.166621,91.705616,29.63,8.13,8.76,312.93,2.87,1.43,739.09,1777.84
2217,"SUBHAGYA KUNDA POND KAMAKHYA TEMPLE, GUWAHATI, ASSAM",POND,ASSAM,2024-10-22,26.166621,91.705616,31.5,7.81,8.79,315.1,3.01,1.42,740.44,1815.92
2217,"SUBHAGYA KUNDA POND KAMAKHYA TEMPLE, GUWAHATI, ASSAM",POND,ASSAM,2024-11-21,26.166621,91.705616,31.91,7.98,8.86,301.13,3.0,1.46,717.74,1841.57
3775,TENGA PUKHURI AT TENGAPUKHURI,POND,ASSAM,2023-01-01,26.926567,94.821223,28.11,6.86,7.24,105.99,2.15,0.88,527.45,1130.11
3775,TENGA PUKHURI AT TENGAPUKHURI,POND,ASSAM,2023-01-31,26.926567,94.821223,26.65,6.94,7.17,104.97,2.22,0.85,538.13,1076.84
3775,TENGA PUKHURI AT TENGAPUKHURI,POND,ASSAM,2023-03-02,26.926567,94.821223,29.04,6.8,7.39,107.24,2.11,0.84,499.69,1112.36
3775,TENGA PUKHURI AT TENGAPUKHURI,POND,ASSAM,2023-04-01,26.926567,94.821223,27.82,6.5,7.18,101.01,2.26,0.88,528.32,1132.26
3775,TENGA PUKHURI AT TENGAPUKHURI,POND,ASSAM,2023-05-01,26.926567,94.821223,28.88,6.49,7.11,100.97,2.26,0.86,519.53,1148.13
3775,TENGA PUKHURI AT TENGAPUKHURI,POND,ASSAM,2023-05-31,26.926567,94.821223,28.87,6.64,7.45,106.14,2.1,0.85,535.9,1147.75
3775,TENGA PUKHURI AT TENGAPUKHURI,POND,ASSAM,2023-06-30,26.926567,94.821223,27.23,6.94,7.36,102.26,2.17,0.84,493.58,1156.3
3775,TENGA PUKHURI AT TENGAPUKHURI,POND,ASSAM,2023-07-30,26.926567,94.821223,28.12,6.95,7.51,100.5,2.28,0.84,507.12,1096.9
3775,TENGA PUKHURI AT TENGAPUKHURI,POND,ASSAM,2023-08-29,26.926567,94.821223,29.2,6.38,7.06,104.25,2.09,0.82,516.66,1092.64
3775,TENGA PUKHURI AT TENGAPUKHURI,POND,ASSAM,2023-09-28,26.926567,94.821223,27.61,6.58,7.48,108.78,2.2,0.82,540.34,1148.45
3775,TENGA PUKHURI AT TENGAPUKHURI,POND,ASSAM,2023-10-28,26.926567,94.821223,26.74,6.7,7.4,107.22,2.22,0.88,504.96,1165.09
3775,TENGA PUKHURI AT TENGAPUKHURI,POND,ASSAM,2023-11-27,26.926567,94.821223,28.92,6.97,6.83,101.69,2.22,0.85,526.64,1141.42
3775,TENGA PUKHURI AT TENGAPUKHURI,POND,ASSAM,2023-12-27,26.926567,94.821223,26.73,6.87,7.13,106.83,2.19,0.85,495.17,1081.27
3775,TENGA PUKHURI AT TENGAPUKHURI,POND,ASSAM,2024-01-26,26.926567,94.821223,26.81,6.35,7.1,104.22,2.18,0.85,504.52,1158.74
3775,TENGA PUKHURI AT TENGAPUKHURI,POND,ASSAM,2024-02-25,26.926567,94.821223,28.58,6.64,7.37,107.26,2.3,0.84,530.39,1098.2
3775,TENGA PUKHURI AT TENGAPUKHURI,POND,ASSAM,2024-03-26,26.926567,94.821223,28.96,6.95,6.81,102.04,2.14,0.82,502.65,1102.65
3775,TENGA PUKHURI AT TENGAPUKHURI,POND,ASSAM,2024-04-25,26.926567,94.821223,27.55,6.71,6.93,105.82,2.22,0.88,499.64,1066.76
3775,TENGA PUKHURI AT TENGAPUKHURI,POND,ASSAM,2024-05-25,26.926567,94.821223,28.66,6.46,6.98,103.4,2.22,0.81,537.25,1136.24
3775,TENGA PUKHURI AT TENGAPUKHURI,POND,ASSAM,2024-06-24,26.926567,94.821223,27.57,6.72,7.49,101.33,2.21,0.84,494.09,1145.88
3775,TENGA PUKHURI AT TENGAPUKHURI,POND,ASSAM,2024-07-24,26.926567,94.821223,27.1,6.74,7.41,108.75,2.11,0.84,535.36,1071.16
3775,TENGA PUKHURI AT TENGAPUKHURI,POND,ASSAM,2024-08-23,26.926567,94.821223,29.27,6.86,7.41,108.35,2.11,0.89,499.7,1069.81
3775,TENGA PUKHURI AT TENGAPUKHURI,POND,ASSAM,2024-09-22,26.926567,94.821223,29.32,6.56,7.25,106.9,2.26,0.89,492.12,1159.17
3775,TENGA PUKHURI AT TENGAPUKHURI,POND,ASSAM,2024-10-22,26.926567,94.821223,26.98,6.61,7.23,107.16,2.25,0.84,528.63,1133.67
3775,TENGA PUKHURI AT TENGAPUKHURI,POND,ASSAM,2024-11-21,26.926567,94.821223,26.63,6.79,7.09,104.33,2.29,0.87,526.92,1142.28
4334,"THOWRADOLE PUKHURI, THOWRADOLE G.P. DEMOW BLOCK",POND,ASSAM,2023-01-01,27.083481,94.698397,28.75,6.28,7.07,92.62,2.37,1.0,315.23,788.71
4334,"THOWRADOLE PUKHURI, THOWRADOLE G.P. DEMOW BLOCK",POND,ASSAM,2023-01-31,27.083481,94.698397,27.39,6.4,7.19,97.13,2.18,0.93,312.99,735.8
4334,"THOWRADOLE PUKHURI, THOWRADOLE G.P. DEMOW BLOCK",POND,ASSAM,2023-03-02,27.083481,94.698397,27.42,6.38,7.19,95.42,2.3,0.91,330.79,720.95
4334,"THOWRADOLE PUKHURI, THOWRADOLE G.P. DEMOW BLOCK",POND,ASSAM,2023-04-01,27.083481,94.698397,27.9,6.07,7.13,90.84,2.22,0.93,322.45,720.58
4334,"THOWRADOLE PUKHURI, THOWRADOLE G.P. DEMOW BLOCK",POND,ASSAM,2023-05-01,27.083481,94.698397,29.33,6.17,7.1,87.86,2.16,0.95,320.48,724.48
4334,"THOWRADOLE PUKHURI, THOWRADOLE G.P. DEMOW BLOCK",POND,ASSAM,2023-05-31,27.083481,94.698397,28.15,6.3,6.6,92.53,2.18,0.92,310.0,706.32
4334,"THOWRADOLE PUKHURI, THOWRADOLE G.P. DEMOW BLOCK",POND,ASSAM,2023-06-30,27.083481,94.698397,28.52,5.86,6.57,90.68,2.29,0.92,312.44,709.62
4334,"THOWRADOLE PUKHURI, THOWRADOLE G.P. DEMOW BLOCK",POND,ASSAM,2023-07-30,27.083481,94.698397,25.97,6.1,6.85,88.94,2.15,0.87,319.69,733.8
4334,"THOWRADOLE PUKHURI, THOWRADOLE G.P. DEMOW BLOCK",POND,ASSAM,2023-08-29,27.083481,94.698397,27.94,5.85,6.56,86.21,2.16,0.9,313.23,718.31
4334,"THOWRADOLE PUKHURI, THOWRADOLE G.P. DEMOW BLOCK",POND,ASSAM,2023-09-28,27.083481,94.698397,28.0,6.01,6.74,82.54,2.22,0.85,302.87,721.37
4334,"THOWRADOLE PUKHURI, THOWRADOLE G.P. DEMOW BLOCK",POND,ASSAM,2023-10-28,27.083481,94.698397,25.17,5.95,6.23,85.56,2.06,0.89,310.49,732.2
4334,"THOWRADOLE PUKHURI, THOWRADOLE G.P. DEMOW BLOCK",POND,ASSAM,2023-11-27,27.083481,94.698397,26.42,5.74,6.09,81.95,2.05,0.91,294.65,708.41
4334,"THOWRADOLE PUKHURI, THOWRADOLE G.P. DEMOW BLOCK",POND,ASSAM,2023-12-27,27.083481,94.698397,24.78,5.81,6.28,83.51,1.98,0.89,286.54,666.18
4334,"THOWRADOLE PUKHURI, THOWRADOLE G.P. DEMOW BLOCK",POND,ASSAM,2024-01-26,27.083481,94.698397,25.49,5.96,6.26,84.77,2.01,0.82,290.88,647.63
4334,"THOWRADOLE PUKHURI, THOWRADOLE G.P. DEMOW BLOCK",POND,ASSAM,2024-02-25,27.083481,94.698397,24.85,5.62,6.29,79.06,2.05,0.86,307.21,671.63
4334,"THOWRADOLE PUKHURI, THOWRADOLE G.P. DEMOW BLOCK",POND,ASSAM,2024-03-26,27.083481,94.698397,24.48,5.53,6.12,79.95,2.02,0.82,285.06,669.91
4334,"THOWRADOLE PUKHURI, THOWRADOLE G.P. DEMOW BLOCK",POND,ASSAM,2024-04-25,27.083481,94.698397,26.01,5.66,6.0,84.08,2.06,0.81,282.47,693.01
4334,"THOWRADOLE PUKHURI, THOWRADOLE G.P. DEMOW BLOCK",POND,ASSAM,2024-05-25,27.083481,94.698397,25.97,5.3,5.97,82.04,2.0,0.84,275.2,629.63
4334,"THOWRADOLE PUKHURI, THOWRADOLE G.P. DEMOW BLOCK",POND,ASSAM,2024-06-24,27.083481,94.698397,24.3,5.35,6.22,83.6,1.9,0.8,292.2,667.35
4334,"THOWRADOLE PUKHURI, THOWRADOLE G.P. DEMOW BLOCK",POND,ASSAM,2024-07-24,27.083481,94.698397,25.66,5.53,5.9,75.02,1.85,0.78,271.92,645.93
4334,"THOWRADOLE PUKHURI, THOWRADOLE G.P. DEMOW BLOCK",POND,ASSAM,2024-08-23,27.083481,94.698397,24.69,5.39,5.99,81.28,1.95,0.82,266.01,633.68
4334,"THOWRADOLE PUKHURI, THOWRADOLE G.P. DEMOW BLOCK",POND,ASSAM,2024-09-22,27.083481,94.698397,25.13,5.58,5.98,80.03,2.01,0.78,287.22,616.0
4334,"THOWRADOLE PUKHURI, THOWRADOLE G.P. DEMOW BLOCK",POND,ASSAM,2024-10-22,27.083481,94.698397,22.47,5.0,5.94,78.52,1.95,0.79,260.59,659.45
4334,"THOWRADOLE PUKHURI, THOWRADOLE G.P. DEMOW BLOCK",POND,ASSAM,2024-11-21,27.083481,94.698397,22.1,4.99,5.84,75.43,1.81,0.81,274.92,590.12
2267,"CREEK AT DANDO MOLLO, VELSAO, MAMUGAO",CREEK,GOA,2023-01-01,15.354489,73.883148,28.96,6.26,6.94,27078.0,,2.0,1311.34,3003.75
2267,"CREEK AT DANDO MOLLO, VELSAO, MAMUGAO",CREEK,GOA,2023-01-31,15.354489,73.883148,28.73,6.26,7.21,25588.92,,2.13,1294.3,2869.28
2267,"CREEK AT DANDO MOLLO, VELSAO, MAMUGAO",CREEK,GOA,2023-03-02,15.354489,73.883148,28.93,6.19,7.48,26254.46,,2.13,1257.33,2937.99
2267,"CREEK AT DANDO MOLLO, VELSAO, MAMUGAO",CREEK,GOA,2023-04-01,15.354489,73.883148,27.37,5.91,7.26,26235.13,,1.96,1282.42,2895.68
2267,"CREEK AT DANDO MOLLO, VELSAO, MAMUGAO",CREEK,GOA,2023-05-01,15.354489,73.883148,29.81,6.16,6.91,26741.17,,2.03,1221.96,2907.95
2267,"CREEK AT DANDO MOLLO, VELSAO, MAMUGAO",CREEK,GOA,2023-05-31,15.354489,73.883148,29.37,5.85,6.97,26303.91,,2.08,1261.32,2876.64
2267,"CREEK AT DANDO MOLLO, VELSAO, MAMUGAO",CREEK,GOA,2023-06-30,15.354489,73.883148,27.68,6.05,7.0,25668.97,,2.01,1227.24,2914.6
2267,"CREEK AT DANDO MOLLO, VELSAO, MAMUGAO",CREEK,GOA,2023-07-30,15.354489,73.883148,27.49,6.07,7.0,25806.51,,2.06,1320.73,2960.13
2267,"CREEK AT DANDO MOLLO, VELSAO, MAMUGAO",CREEK,GOA,2023-08-29,15.354489,73.883148,27.81,6.3,7.03,26296.09,,2.08,1311.27,3125.52
2267,"CREEK AT DANDO MOLLO, VELSAO, MAMUGAO",CREEK,GOA,2023-09-28,15.354489,73.883148,27.29,6.3,7.11,25385.63,,1.95,1311.64,3034.03
2267,"CREEK AT DANDO MOLLO, VELSAO, MAMUGAO",CREEK,GOA,2023-10-28,15.354489,73.883148,28.13,5.9,7.0,27085.54,,2.1,1307.98,2968.7
2267,"CREEK AT DANDO MOLLO, VELSAO, MAMUGAO",CREEK,GOA,2023-11-27,15.354489,73.883148,29.59,5.83,7.16,27211.96,,2.05,1287.85,2897.38
2267,"CREEK AT DANDO MOLLO, VELSAO, MAMUGAO",CREEK,GOA,2023-12-27,15.354489,73.883148,27.42,6.31,7.17,25408.63,,1.98,1326.88,3141.64
2267,"CREEK AT DANDO MOLLO, VELSAO, MAMUGAO",CREEK,GOA,2024-01-26,15.354489,73.883148,27.08,5.86,6.84,27137.18,,2.03,1240.43,3027.03
2267,"CREEK AT DANDO MOLLO, VELSAO, MAMUGAO",CREEK,GOA,2024-02-25,15.354489,73.883148,29.21,6.07,7.33,26207.5,,2.05,1322.2,2864.55
2267,"CREEK AT DANDO MOLLO, VELSAO, MAMUGAO",CREEK,GOA,2024-03-26,15.354489,73.883148,27.95,6.12,7.47,25816.84,,2.0,1299.28,2886.3
2267,"CREEK AT DANDO MOLLO, VELSAO, MAMUGAO",CREEK,GOA,2024-04-25,15.354489,73.883148,27.74,6.17,7.22,26664.76,,2.11,1279.06,2884.56
2267,"CREEK AT DANDO MOLLO, VELSAO, MAMUGAO",CREEK,GOA,2024-05-25,15.354489,73.883148,28.31,6.03,6.83,26113.12,,1.96,1285.67,3109.38
2267,"CREEK AT DANDO MOLLO, VELSAO, MAMUGAO",CREEK,GOA,2024-06-24,15.354489,73.883148,29.67,6.27,7.34,25017.76,,2.1,1202.42,3097.14
2267,"CREEK AT DANDO MOLLO, VELSAO, MAMUGAO",CREEK,GOA,2024-07-24,15.354489,73.883148,28.65,6.25,7.17,25296.17,,2.03,1307.59,3099.91
2267,"CREEK AT DANDO MOLLO, VELSAO, MAMUGAO",CREEK,GOA,2024-08-23,15.354489,73.883148,28.49,6.36,7.22,26805.05,,2.02,1298.32,3040.79
2267,"CREEK AT DANDO MOLLO, VELSAO, MAMUGAO",CREEK,GOA,2024-09-22,15.354489,73.883148,27.81,5.96,7.3,26238.42,,2.04,1215.18,2960.35
2267,"CREEK AT DANDO MOLLO, VELSAO, MAMUGAO",CREEK,GOA,2024-10-22,15.354489,73.883148,29.52,5.97,6.96,26164.68,,2.14,1277.12,3000.56
2267,"CREEK AT DANDO MOLLO, VELSAO, MAMUGAO",CREEK,GOA,2024-11-21,15.354489,73.883148,27.59,6.13,7.2,27122.22,,2.11,1229.26,2960.36
4017,MOBOR BEACH,BEACH,GOA,2023-01-01,15.156355,73.944955,30.65,6.33,7.0,43953.28,,0.56,134.0,296.83
4017,MOBOR BEACH,BEACH,GOA,2023-01-31,15.156355,73.944955,28.21,6.19,6.96,41087.64,,0.55,131.54,292.54
4017,MOBOR BEACH,BEACH,GOA,2023-03-02,15.156355,73.944955,30.6,6.71,7.55,40681.42,,0.53,135.56,294.61
4017,MOBOR BEACH,BEACH,GOA,2023-04-01,15.156355,73.944955,28.07,6.28,7.23,40022.15,,0.57,136.51,282.94
4017,MOBOR BEACH,BEACH,GOA,2023-05-01,15.156355,73.944955,30.81,6.51,7.57,42420.01,,0.55,124.49,288.42
4017,MOBOR BEACH,BEACH,GOA,2023-05-31,15.156355,73.944955,29.35,6.55,7.43,42839.75,,0.57,134.78,287.97
4017,MOBOR BEACH,BEACH,GOA,2023-06-30,15.156355,73.944955,29.11,6.36,7.13,41205.1,,0.53,136.18,276.85
4017,MOBOR BEACH,BEACH,GOA,2023-07-30,15.156355,73.944955,29.89,6.34,7.16,41120.16,,0.54,128.97,298.66
4017,MOBOR BEACH,BEACH,GOA,2023-08-29,15.156355,73.944955,28.53,6.47,7.57,40800.89,,0.58,127.22,280.2
4017,MOBOR BEACH,BEACH,GOA,2023-09-28,15.156355,73.944955,28.06,6.33,7.09,40471.31,,0.54,134.84,299.43
4017,MOBOR BEACH,BEACH,GOA,2023-10-28,15.156355,73.944955,29.11,6.35,7.46,42819.83,,0.56,127.77,298.62
4017,MOBOR BEACH,BEACH,GOA,2023-11-27,15.156355,73.944955,28.78,6.34,7.25,42795.82,,0.57,135.8,292.74
4017,MOBOR BEACH,BEACH,GOA,2023-12-27,15.156355,73.944955,30.44,6.59,7.3,43643.11,,0.55,129.35,294.89
4017,MOBOR BEACH,BEACH,GOA,2024-01-26,15.156355,73.944955,29.83,6.76,7.26,40768.64,,0.52,126.16,293.11
4017,MOBOR BEACH,BEACH,GOA,2024-02-25,15.156355,73.944955,30.81,6.19,7.28,42205.24,,0.55,128.08,292.59
4017,MOBOR BEACH,BEACH,GOA,2024-03-26,15.156355,73.944955,29.35,6.44,7.55,41903.34,,0.52,129.41,290.26
4017,MOBOR BEACH,BEACH,GOA,2024-04-25,15.156355,73.944955,30.81,6.77,7.29,39866.41,,0.53,126.8,286.56
4017,MOBOR BEACH,BEACH,GOA,2024-05-25,15.156355,73.944955,29.31,6.38,7.08,40607.96,,0.53,129.68,276.29
4017,MOBOR BEACH,BEACH,GOA,2024-06-24,15.156355,73.944955,30.92,6.47,7.12,42766.15,,0.55,134.63,279.29
4017,MOBOR BEACH,BEACH,GOA,2024-07-24,15.156355,73.944955,30.52,6.73,7.2,42620.59,,0.57,134.27,297.75
4017,MOBOR BEACH,BEACH,GOA,2024-08-23,15.156355,73.944955,29.95,6.64,7.32,43359.06,,0.55,135.57,272.26
4017,MOBOR BEACH,BEACH,GOA,2024-09-22,15.156355,73.944955,30.22,6.71,7.06,43169.1,,0.57,126.12,275.16
4017,MOBOR BEACH,BEACH,GOA,2024-10-22,15.156355,73.944955,30.9,6.6,7.08,43219.29,,0.56,130.5,282.69
4017,MOBOR BEACH,BEACH,GOA,2024-11-21,15.156355,73.944955,30.94,6.46,7.38,43828.95,,0.56,124.95,289.76
2355,"TULJE BAGH CANAL, TEKRI DRAIN, KAKINADA, EAST GODAVARI",CANAL,ANDHRA PRADESH,2023-01-01,16.854914,82.231328,27.92,4.33,6.99,13545.28,4.51,2.45,24.02,338.28
2355,"TULJE BAGH CANAL, TEKRI DRAIN, KAKINADA, EAST GODAVARI",CANAL,ANDHRA PRADESH,2023-01-31,16.854914,82.231328,27.05,4.24,7.21,13054.43,4.41,2.46,25.67,349.96
2355,"TULJE BAGH CANAL, TEKRI DRAIN, KAKINADA, EAST GODAVARI",CANAL,ANDHRA PRADESH,2023-03-02,16.854914,82.231328,26.63,4.34,7.51,12731.74,4.33,2.41,24.75,319.49
2355,"TULJE BAGH CANAL, TEKRI DRAIN, KAKINADA, EAST GODAVARI",CANAL,ANDHRA PRADESH,2023-04-01,16.854914,82.231328,26.04,4.25,7.53,12661.37,4.32,2.39,24.39,336.35
2355,"TULJE BAGH CANAL, TEKRI DRAIN, KAKINADA, EAST GODAVARI",CANAL,ANDHRA PRADESH,2023-05-01,16.854914,82.231328,27.88,4.28,6.99,12845.08,4.66,2.42,24.08,349.08
2355,"TULJE BAGH CANAL, TEKRI DRAIN, KAKINADA, EAST GODAVARI",CANAL,ANDHRA PRADESH,2023-05-31,16.854914,82.231328,27.43,4.1,7.09,13597.78,4.51,2.23,23.6,335.2
2355,"TULJE BAGH CANAL, TEKRI DRAIN, KAKINADA, EAST GODAVARI",CANAL,ANDHRA PRADESH,2023-06-30,16.854914,82.231328,26.87,4.22,7.41,13466.46,4.6,2.4,24.02,321.37
2355,"TULJE BAGH CANAL, TEKRI DRAIN, KAKINADA, EAST GODAVARI",CANAL,ANDHRA PRADESH,2023-07-30,16.854914,82.231328,26.51,4.2,7.12,12728.04,4.63,2.34,24.85,344.08
2355,"TULJE BAGH CANAL, TEKRI DRAIN, KAKINADA, EAST GODAVARI",CANAL,ANDHRA PRADESH,2023-08-29,16.854914,82.231328,27.08,3.95,7.04,12739.91,4.62,2.32,23.8,346.38
2355,"TULJE BAGH CANAL, TEKRI DRAIN, KAKINADA, EAST GODAVARI",CANAL,ANDHRA PRADESH,2023-09-28,16.854914,82.231328,27.6,4.34,7.63,13142.37,4.5,2.31,24.09,341.63
2355,"TULJE BAGH CANAL, TEKRI DRAIN, KAKINADA, EAST GODAVARI",CANAL,ANDHRA PRADESH,2023-10-28,16.854914,82.231328,28.31,4.15,7.45,13559.58,4.66,2.37,23.9,319.11
2355,"TULJE BAGH CANAL, TEKRI DRAIN, KAKINADA, EAST GODAVARI",CANAL,ANDHRA PRADESH,2023-11-27,16.854914,82.231328,26.25,3.95,7.31,12804.86,4.49,2.3,23.54,318.63
2355,"TULJE BAGH CANAL, TEKRI DRAIN, KAKINADA, EAST GODAVARI",CANAL,ANDHRA PRADESH,2023-12-27,16.854914,82.231328,28.24,4.09,7.26,13151.61,4.33,2.23,25.41,320.1
2355,"TULJE BAGH CANAL, TEKRI DRAIN, KAKINADA, EAST GODAVARI",CANAL,ANDHRA PRADESH,2024-01-26,16.854914,82.231328,25.72,4.13,7.35,12960.03,4.39,2.42,24.62,330.7
2355,"TULJE BAGH CANAL, TEKRI DRAIN, KAKINADA, EAST GODAVARI",CANAL,ANDHRA PRADESH,2024-02-25,16.854914,82.231328,26.93,3.96,7.29,12904.84,4.55,2.36,25.42,328.3
2355,"TULJE BAGH CANAL, TEKRI DRAIN, KAKINADA, EAST GODAVARI",CANAL,ANDHRA PRADESH,2024-03-26,16.854914,82.231328,27.0,4.12,7.19,12631.04,4.43,2.38,23.51,331.84
2355,"TULJE BAGH CANAL, TEKRI DRAIN, KAKINADA, EAST GODAVARI",CANAL,ANDHRA PRADESH,2024-04-25,16.854914,82.231328,27.54,4.29,7.09,13596.84,4.39,2.4,23.86,347.4
2355,"TULJE BAGH CANAL, TEKRI DRAIN, KAKINADA, EAST GODAVARI",CANAL,ANDHRA PRADESH,2024-05-25,16.854914,82.231328,25.95,4.1,7.55,12994.63,4.59,2.25,25.41,334.38
2355,"TULJE BAGH CANAL, TEKRI DRAIN, KAKINADA, EAST GODAVARI",CANAL,ANDHRA PRADESH,2024-06-24,16.854914,82.231328,27.59,4.2,7.32,12546.6,4.47,2.45,23.55,345.12
2355,"TULJE BAGH CANAL, TEKRI DRAIN, KAKINADA, EAST GODAVARI",CANAL,ANDHRA PRADESH,2024-07-24,16.854914,82.231328,26.01,4.35,7.23,12701.27,4.42,2.35,24.36,319.12
2355,"TULJE BAGH CANAL, TEKRI DRAIN, KAKINADA, EAST GODAVARI",CANAL,ANDHRA PRADESH,2024-08-23,16.854914,82.231328,26.11,4.26,7.62,13225.76,4.34,2.43,25.36,330.12
2355,"TULJE BAGH CANAL, TEKRI DRAIN, KAKINADA, EAST GODAVARI",CANAL,ANDHRA PRADESH,2024-09-22,16.854914,82.231328,27.81,4.29,7.17,12731.98,4.42,2.42,23.63,321.15
2355,"TULJE BAGH CANAL, TEKRI DRAIN, KAKINADA, EAST GODAVARI",CANAL,ANDHRA PRADESH,2024-10-22,16.854914,82.231328,27.71,4.04,6.94,12927.92,4.71,2.27,24.95,339.94
2355,"TULJE BAGH CANAL, TEKRI DRAIN, KAKINADA, EAST GODAVARI",CANAL,ANDHRA PRADESH,2024-11-21,16.854914,82.231328,27.27,4.22,7.53,12329.09,4.6,2.4,25.16,320.19
2074,"TAPI CANAL AT VILLAGE UMARWADA, NEAR GIDC ESTATE OF PANOLI.",CANAL,GUJARAT,2023-01-01,21.589419,72.975333,31.9,7.92,7.85,538.71,,,24.67,91.75
2074,"TAPI CANAL AT VILLAGE UMARWADA, NEAR GIDC ESTATE OF PANOLI.",CANAL,GUJARAT,2023-01-31,21.589419,72.975333,29.77,7.53,7.75,586.54,,,25.12,95.06
2074,"TAPI CANAL AT VILLAGE UMARWADA, NEAR GIDC ESTATE OF PANOLI.",CANAL,GUJARAT,2023-03-02,21.589419,72.975333,31.26,7.4,7.79,567.77,,,24.78,95.86
2074,"TAPI CANAL AT VILLAGE UMARWADA, NEAR GIDC ESTATE OF PANOLI.",CANAL,GUJARAT,2023-04-01,21.589419,72.975333,29.95,7.42,8.09,585.57,,,25.05,92.81
2074,"TAPI CANAL AT VILLAGE UMARWADA, NEAR GIDC ESTATE OF PANOLI.",CANAL,GUJARAT,2023-05-01,21.589419,72.975333,31.28,7.68,7.98,556.59,,,24.99,95.37
2074,"TAPI CANAL AT VILLAGE UMARWADA, NEAR GIDC ESTATE OF PANOLI.",CANAL,GUJARAT,2023-05-31,21.589419,72.975333,31.72,7.85,8.3,563.2,,,25.16,93.0
2074,"TAPI CANAL AT VILLAGE UMARWADA, NEAR GIDC ESTATE OF PANOLI.",CANAL,GUJARAT,2023-06-30,21.589419,72.975333,29.91,8.1,8.17,586.52,,,25.53,98.33
2074,"TAPI CANAL AT VILLAGE UMARWADA, NEAR GIDC ESTATE OF PANOLI.",CANAL,GUJARAT,2023-07-30,21.589419,72.975333,30.01,8.08,8.38,538.36,,,26.59,97.16
2074,"TAPI CANAL AT VILLAGE UMARWADA, NEAR GIDC ESTATE OF PANOLI.",CANAL,GUJARAT,2023-08-29,21.589419,72.975333,31.08,8.04,8.45,553.97,,,26.34,92.43
2074,"TAPI CANAL AT VILLAGE UMARWADA, NEAR GIDC ESTATE OF PANOLI.",CANAL,GUJARAT,2023-09-28,21.589419,72.975333,31.84,7.98,8.37,543.52,,,26.3,90.35
2074,"TAPI CANAL AT VILLAGE UMARWADA, NEAR GIDC ESTATE OF PANOLI.",CANAL,GUJARAT,2023-10-28,21.589419,72.975333,30.33,7.54,7.97,568.2,,,26.29,91.66
2074,"TAPI CANAL AT VILLAGE UMARWADA, NEAR GIDC ESTATE OF PANOLI.",CANAL,GUJARAT,2023-11-27,21.589419,72.975333,29.76,7.67,8.17,565.68,,,26.71,92.95
2074,"TAPI CANAL AT VILLAGE UMARWADA, NEAR GIDC ESTATE OF PANOLI.",CANAL,GUJARAT,2023-12-27,21.589419,72.975333,29.63,7.92,8.29,540.44,,,24.58,90.35
2074,"TAPI CANAL AT VILLAGE UMARWADA, NEAR GIDC ESTATE OF PANOLI.",CANAL,GUJARAT,2024-01-26,21.589419,72.975333,29.86,7.79,8.33,552.98,,,24.28,97.4
2074,"TAPI CANAL AT VILLAGE UMARWADA, NEAR GIDC ESTATE OF PANOLI.",CANAL,GUJARAT,2024-02-25,21.589419,72.975333,30.16,7.98,8.17,582.52,,,25.43,97.51
2074,"TAPI CANAL AT VILLAGE UMARWADA, NEAR GIDC ESTATE OF PANOLI.",CANAL,GUJARAT,2024-03-26,21.589419,72.975333,31.87,8.11,8.29,553.26,,,26.76,97.94
2074,"TAPI CANAL AT VILLAGE UMARWADA, NEAR GIDC ESTATE OF PANOLI.",CANAL,GUJARAT,2024-04-25,21.589419,72.975333,32.34,8.04,7.9,540.69,,,25.09,93.54
2074,"TAPI CANAL AT VILLAGE UMARWADA, NEAR GIDC ESTATE OF PANOLI.",CANAL,GUJARAT,2024-05-25,21.589419,72.975333,31.77,8.13,7.9,585.41,,,25.26,90.74
2074,"TAPI CANAL AT VILLAGE UMARWADA, NEAR GIDC ESTATE OF PANOLI.",CANAL,GUJARAT,2024-06-24,21.589419,72.975333,32.2,7.49,8.28,558.49,,,26.44,95.33
2074,"TAPI CANAL AT VILLAGE UMARWADA, NEAR GIDC ESTATE OF PANOLI.",CANAL,GUJARAT,2024-07-24,21.589419,72.975333,32.31,8.1,8.0,555.57,,,24.7,98.91
2074,"TAPI CANAL AT VILLAGE UMARWADA, NEAR GIDC ESTATE OF PANOLI.",CANAL,GUJARAT,2024-08-23,21.589419,72.975333,30.32,7.61,8.49,566.88,,,25.51,93.49
2074,"TAPI CANAL AT VILLAGE UMARWADA, NEAR GIDC ESTATE OF PANOLI.",CANAL,GUJARAT,2024-09-22,21.589419,72.975333,30.56,8.03,8.55,565.53,,,24.8,97.13
2074,"TAPI CANAL AT VILLAGE UMARWADA, NEAR GIDC ESTATE OF PANOLI.",CANAL,GUJARAT,2024-10-22,21.589419,72.975333,32.13,7.48,8.33,542.01,,,25.71,92.14
2074,"TAPI CANAL AT VILLAGE UMARWADA, NEAR GIDC ESTATE OF PANOLI.",CANAL,GUJARAT,2024-11-21,21.589419,72.975333,30.88,7.84,8.35,548.31,,,24.36,93.49
4421,"FROM NARMADA MAIN CANAL AT INDORAHMEDABAD HIGHWAY BRIDGE NEAR VILLAGE MOTIKANTADI TAL, GODHRA, DIST PANCHMAHAL",CANAL,GUJARAT,2023-01-01,22.803282,73.42819,24.33,7.2,7.54,433.76,,0.3,,45.89
4421,"FROM NARMADA MAIN CANAL AT INDORAHMEDABAD HIGHWAY BRIDGE NEAR VILLAGE MOTIKANTADI TAL, GODHRA, DIST PANCHMAHAL",CANAL,GUJARAT,2023-01-31,22.803282,73.42819,24.49,7.71,7.74,403.74,,0.31,,46.65
4421,"FROM NARMADA MAIN CANAL AT INDORAHMEDABAD HIGHWAY BRIDGE NEAR VILLAGE MOTIKANTADI TAL, GODHRA, DIST PANCHMAHAL",CANAL,GUJARAT,2023-03-02,22.803282,73.42819,25.26,7.3,7.44,424.14,,0.29,,43.36
4421,"FROM NARMADA MAIN CANAL AT INDORAHMEDABAD HIGHWAY BRIDGE NEAR VILLAGE MOTIKANTADI TAL, GODHRA, DIST PANCHMAHAL",CANAL,GUJARAT,2023-04-01,22.803282,73.42819,24.56,7.01,7.28,397.45,,0.3,,45.52
4421,"FROM NARMADA MAIN CANAL AT INDORAHMEDABAD HIGHWAY BRIDGE NEAR VILLAGE MOTIKANTADI TAL, GODHRA, DIST PANCHMAHAL",CANAL,GUJARAT,2023-05-01,22.803282,73.42819,24.17,7.6,7.36,432.28,,0.28,,43.21
4421,"FROM NARMADA MAIN CANAL AT INDORAHMEDABAD HIGHWAY BRIDGE NEAR VILLAGE MOTIKANTADI TAL, GODHRA, DIST PANCHMAHAL",CANAL,GUJARAT,2023-05-31,22.803282,73.42819,25.12,6.93,7.31,388.06,,0.3,,43.93
4421,"FROM NARMADA MAIN CANAL AT INDORAHMEDABAD HIGHWAY BRIDGE NEAR VILLAGE MOTIKANTADI TAL, GODHRA, DIST PANCHMAHAL",CANAL,GUJARAT,2023-06-30,22.803282,73.42819,24.97,6.81,7.08,396.32,,0.28,,45.2
4421,"FROM NARMADA MAIN CANAL AT INDORAHMEDABAD HIGHWAY BRIDGE NEAR VILLAGE MOTIKANTADI TAL, GODHRA, DIST PANCHMAHAL",CANAL,GUJARAT,2023-07-30,22.803282,73.42819,24.72,7.33,7.19,408.47,,0.29,,42.45
4421,"FROM NARMADA MAIN CANAL AT INDORAHMEDABAD HIGHWAY BRIDGE NEAR VILLAGE MOTIKANTADI TAL, GODHRA, DIST PANCHMAHAL",CANAL,GUJARAT,2023-08-29,22.803282,73.42819,22.39,6.68,7.51,419.26,,0.28,,43.63
4421,"FROM NARMADA MAIN CANAL AT INDORAHMEDABAD HIGHWAY BRIDGE NEAR VILLAGE MOTIKANTADI TAL, GODHRA, DIST PANCHMAHAL",CANAL,GUJARAT,2023-09-28,22.803282,73.42819,22.76,6.64,7.18,408.77,,0.27,,44.0
4421,"FROM NARMADA MAIN CANAL AT INDORAHMEDABAD HIGHWAY BRIDGE NEAR VILLAGE MOTIKANTADI TAL, GODHRA, DIST PANCHMAHAL",CANAL,GUJARAT,2023-10-28,22.803282,73.42819,23.65,6.81,6.92,375.25,,0.26,,41.97
4421,"FROM NARMADA MAIN CANAL AT INDORAHMEDABAD HIGHWAY BRIDGE NEAR VILLAGE MOTIKANTADI TAL, GODHRA, DIST PANCHMAHAL",CANAL,GUJARAT,2023-11-27,22.803282,73.42819,23.87,7.12,7.09,368.69,,0.29,,43.33
4421,"FROM NARMADA MAIN CANAL AT INDORAHMEDABAD HIGHWAY BRIDGE NEAR VILLAGE MOTIKANTADI TAL, GODHRA, DIST PANCHMAHAL",CANAL,GUJARAT,2023-12-27,22.803282,73.42819,21.8,6.56,6.66,382.59,,0.26,,41.48
4421,"FROM NARMADA MAIN CANAL AT INDORAHMEDABAD HIGHWAY BRIDGE NEAR VILLAGE MOTIKANTADI TAL, GODHRA, DIST PANCHMAHAL",CANAL,GUJARAT,2024-01-26,22.803282,73.42819,22.68,6.75,6.67,371.93,,0.26,,42.25
4421,"FROM NARMADA MAIN CANAL AT INDORAHMEDABAD HIGHWAY BRIDGE NEAR VILLAGE MOTIKANTADI TAL, GODHRA, DIST PANCHMAHAL",CANAL,GUJARAT,2024-02-25,22.803282,73.42819,22.21,6.57,6.43,366.09,,0.26,,42.17
4421,"FROM NARMADA MAIN CANAL AT INDORAHMEDABAD HIGHWAY BRIDGE NEAR VILLAGE MOTIKANTADI TAL, GODHRA, DIST PANCHMAHAL",CANAL,GUJARAT,2024-03-26,22.803282,73.42819,21.61,6.56,6.98,374.48,,0.25,,41.33
4421,"FROM NARMADA MAIN CANAL AT INDORAHMEDABAD HIGHWAY BRIDGE NEAR VILLAGE MOTIKANTADI TAL, GODHRA, DIST PANCHMAHAL",CANAL,GUJARAT,2024-04-25,22.803282,73.42819,22.88,6.35,6.49,390.42,,0.26,,38.6
4421,"FROM NARMADA MAIN CANAL AT INDORAHMEDABAD HIGHWAY BRIDGE NEAR VILLAGE MOTIKANTADI TAL, GODHRA, DIST PANCHMAHAL",CANAL,GUJARAT,2024-05-25,22.803282,73.42819,21.38,6.71,6.66,379.28,,0.26,,36.97
4421,"FROM NARMADA MAIN CANAL AT INDORAHMEDABAD HIGHWAY BRIDGE NEAR VILLAGE MOTIKANTADI TAL, GODHRA, DIST PANCHMAHAL",CANAL,GUJARAT,2024-06-24,22.803282,73.42819,22.3,6.69,6.44,379.87,,0.25,,37.47
4421,"FROM NARMADA MAIN CANAL AT INDORAHMEDABAD HIGHWAY BRIDGE NEAR VILLAGE MOTIKANTADI TAL, GODHRA, DIST PANCHMAHAL",CANAL,GUJARAT,2024-07-24,22.803282,73.42819,22.01,6.72,6.6,348.38,,0.26,,39.11
4421,"FROM NARMADA MAIN CANAL AT INDORAHMEDABAD HIGHWAY BRIDGE NEAR VILLAGE MOTIKANTADI TAL, GODHRA, DIST PANCHMAHAL",CANAL,GUJARAT,2024-08-23,22.803282,73.42819,21.98,6.3,6.34,368.67,,0.26,,38.4
4421,"FROM NARMADA MAIN CANAL AT INDORAHMEDABAD HIGHWAY BRIDGE NEAR VILLAGE MOTIKANTADI TAL, GODHRA, DIST PANCHMAHAL",CANAL,GUJARAT,2024-09-22,22.803282,73.42819,21.36,5.97,6.33,367.15,,0.26,,35.83
4421,"FROM NARMADA MAIN CANAL AT INDORAHMEDABAD HIGHWAY BRIDGE NEAR VILLAGE MOTIKANTADI TAL, GODHRA, DIST PANCHMAHAL",CANAL,GUJARAT,2024-10-22,22.803282,73.42819,21.49,6.44,6.05,356.84,,0.23,,35.48
4421,"FROM NARMADA MAIN CANAL AT INDORAHMEDABAD HIGHWAY BRIDGE NEAR VILLAGE MOTIKANTADI TAL, GODHRA, DIST PANCHMAHAL",CANAL,GUJARAT,2024-11-21,22.803282,73.42819,19.58,6.05,5.85,349.82,,0.25,,36.03
1013,RIVER SUTLEJ AT U/S TATAPANI,RIVER,HIMACHAL PRADESH,2023-01-01,31.247458,77.088208,11.54,9.03,7.67,2244.72,1.03,0.82,639.37,6.84
1013,RIVER SUTLEJ AT U/S TATAPANI,RIVER,HIMACHAL PRADESH,2023-01-31,31.247458,77.088208,12.02,8.33,8.05,2087.47,1.03,0.79,661.08,6.89
1013,RIVER SUTLEJ AT U/S TATAPANI,RIVER,HIMACHAL PRADESH,2023-03-02,31.247458,77.088208,12.21,8.48,7.92,2208.77,1.03,0.81,663.9,6.92
1013,RIVER SUTLEJ AT U/S TATAPANI,RIVER,HIMACHAL PRADESH,2023-04-01,31.247458,77.088208,11.74,8.73,7.42,2093.78,1.02,0.85,627.45,6.95
1013,RIVER SUTLEJ AT U/S TATAPANI,RIVER,HIMACHAL PRADESH,2023-05-01,31.247458,77.088208,11.57,8.96,7.57,2196.34,1.03,0.86,615.79,7.0
1013,RIVER SUTLEJ AT U/S TATAPANI,RIVER,HIMACHAL PRADESH,2023-05-31,31.247458,77.088208,12.23,8.76,8.08,2089.52,0.95,0.8,622.82,7.1
1013,RIVER SUTLEJ AT U/S TATAPANI,RIVER,HIMACHAL PRADESH,2023-06-30,31.247458,77.088208,11.6,8.85,7.43,2125.06,0.97,0.81,622.98,7.35
1013,RIVER SUTLEJ AT U/S TATAPANI,RIVER,HIMACHAL PRADESH,2023-07-30,31.247458,77.088208,11.45,8.62,7.55,2177.76,1.0,0.84,638.57,7.33
1013,RIVER SUTLEJ AT U/S TATAPANI,RIVER,HIMACHAL PRADESH,2023-08-29,31.247458,77.088208,11.46,8.39,7.48,2094.92,0.96,0.84,608.59,6.67
1013,RIVER SUTLEJ AT U/S TATAPANI,RIVER,HIMACHAL PRADESH,2023-09-28,31.247458,77.088208,11.85,8.52,7.44,2176.34,1.0,0.84,604.57,7.18
1013,RIVER SUTLEJ AT U/S TATAPANI,RIVER,HIMACHAL PRADESH,2023-10-28,31.247458,77.088208,12.24,8.91,7.51,2249.43,1.02,0.82,655.49,7.33
1013,RIVER SUTLEJ AT U/S TATAPANI,RIVER,HIMACHAL PRADESH,2023-11-27,31.247458,77.088208,11.59,8.39,7.78,2164.13,0.98,0.83,629.43,6.83
1013,RIVER SUTLEJ AT U/S TATAPANI,RIVER,HIMACHAL PRADESH,2023-12-27,31.247458,77.088208,11.39,8.34,7.45,2179.91,1.02,0.82,609.41,6.72
1013,RIVER SUTLEJ AT U/S TATAPANI,RIVER,HIMACHAL PRADESH,2024-01-26,31.247458,77.088208,11.29,8.34,7.95,2106.05,0.98,0.85,618.41,7.09
1013,RIVER SUTLEJ AT U/S TATAPANI,RIVER,HIMACHAL PRADESH,2024-02-25,31.247458,77.088208,11.61,8.83,8.05,2102.86,1.03,0.8,625.01,6.75
1013,RIVER SUTLEJ AT U/S TATAPANI,RIVER,HIMACHAL PRADESH,2024-03-26,31.247458,77.088208,11.5,8.7,8.1,2162.01,0.98,0.86,631.47,6.76
1013,RIVER SUTLEJ AT U/S TATAPANI,RIVER,HIMACHAL PRADESH,2024-04-25,31.247458,77.088208,11.52,8.68,8.12,2122.46,0.95,0.85,622.23,6.75
1013,RIVER SUTLEJ AT U/S TATAPANI,RIVER,HIMACHAL PRADESH,2024-05-25,31.247458,77.088208,12.3,8.75,7.38,2210.94,1.02,0.82,665.52,6.78
1013,RIVER SUTLEJ AT U/S TATAPANI,RIVER,HIMACHAL PRADESH,2024-06-24,31.247458,77.088208,11.36,8.44,7.67,2200.84,0.98,0.87,653.86,6.81
1013,RIVER SUTLEJ AT U/S TATAPANI,RIVER,HIMACHAL PRADESH,2024-07-24,31.247458,77.088208,11.96,8.55,7.37,2193.83,0.96,0.85,664.86,6.77
1013,RIVER SUTLEJ AT U/S TATAPANI,RIVER,HIMACHAL PRADESH,2024-08-23,31.247458,77.088208,12.31,8.48,7.78,2253.07,0.96,0.82,605.81,7.3
1013,RIVER SUTLEJ AT U/S TATAPANI,RIVER,HIMACHAL PRADESH,2024-09-22,31.247458,77.088208,11.5,8.69,7.39,2061.89,1.02,0.82,611.7,6.74
1013,RIVER SUTLEJ AT U/S TATAPANI,RIVER,HIMACHAL PRADESH,2024-10-22,31.247458,77.088208,12.06,8.91,8.11,2230.35,0.97,0.86,626.3,7.07
1013,RIVER SUTLEJ AT U/S TATAPANI,RIVER,HIMACHAL PRADESH,2024-11-21,31.247458,77.088208,11.68,8.35,8.1,2062.23,0.99,0.85,606.48,6.85
4446,RIVER SUTLEJ U/S LANDFILL SITE RAMPUR,RIVER,HIMACHAL PRADESH,2023-01-01,31.448534,77.63401,12.13,9.44,7.92,2450.15,1.01,1.09,931.29,49.75
4446,RIVER SUTLEJ U/S LANDFILL SITE RAMPUR,RIVER,HIMACHAL PRADESH,2023-01-31,31.448534,77.63401,11.55,9.29,8.13,2516.05,1.04,1.11,1006.98,49.28
4446,RIVER SUTLEJ U/S LANDFILL SITE RAMPUR,RIVER,HIMACHAL PRADESH,2023-03-02,31.448534,77.63401,11.29,9.49,8.43,2557.87,1.0,1.13,962.12,46.7
4446,RIVER SUTLEJ U/S LANDFILL SITE RAMPUR,RIVER,HIMACHAL PRADESH,2023-04-01,31.448534,77.63401,12.1,9.52,8.38,2598.44,1.03,1.2,1005.82,51.57
4446,RIVER SUTLEJ U/S LANDFILL SITE RAMPUR,RIVER,HIMACHAL PRADESH,2023-05-01,31.448534,77.63401,11.57,8.92,8.46,2495.06,1.01,1.14,1040.2,51.98
4446,RIVER SUTLEJ U/S LANDFILL SITE RAMPUR,RIVER,HIMACHAL PRADESH,2023-05-31,31.448534,77.63401,11.9,8.93,8.62,2483.91,1.04,1.17,1025.48,48.95
4446,RIVER SUTLEJ U/S LANDFILL SITE RAMPUR,RIVER,HIMACHAL PRADESH,2023-06-30,31.448534,77.63401,11.95,9.01,8.41,2597.43,1.03,1.21,1026.83,52.7
4446,RIVER SUTLEJ U/S LANDFILL SITE RAMPUR,RIVER,HIMACHAL PRADESH,2023-07-30,31.448534,77.63401,11.97,9.67,8.83,2602.71,1.05,1.18,1041.35,49.42
4446,RIVER SUTLEJ U/S LANDFILL SITE RAMPUR,RIVER,HIMACHAL PRADESH,2023-08-29,31.448534,77.63401,11.89,9.49,8.55,2687.24,1.06,1.16,1052.21,50.57
4446,RIVER SUTLEJ U/S LANDFILL SITE RAMPUR,RIVER,HIMACHAL PRADESH,2023-09-28,31.448534,77.63401,12.31,9.77,8.51,2571.61,1.03,1.16,1035.12,52.53
4446,RIVER SUTLEJ U/S LANDFILL SITE RAMPUR,RIVER,HIMACHAL PRADESH,2023-10-28,31.448534,77.63401,11.94,10.05,8.38,2617.15,1.11,1.26,1076.1,53.84
4446,RIVER SUTLEJ U/S LANDFILL SITE RAMPUR,RIVER,HIMACHAL PRADESH,2023-11-27,31.448534,77.63401,12.06,9.87,8.49,2696.02,1.12,1.24,1082.14,53.95
4446,RIVER SUTLEJ U/S LANDFILL SITE RAMPUR,RIVER,HIMACHAL PRADESH,2023-12-27,31.448534,77.63401,13.22,10.28,8.96,2677.56,1.07,1.28,1065.53,54.85
4446,RIVER SUTLEJ U/S LANDFILL SITE RAMPUR,RIVER,HIMACHAL PRADESH,2024-01-26,31.448534,77.63401,12.56,9.95,8.89,2677.97,1.15,1.19,1038.59,52.48
4446,RIVER SUTLEJ U/S LANDFILL SITE RAMPUR,RIVER,HIMACHAL PRADESH,2024-02-25,31.448534,77.63401,12.63,9.87,8.72,2626.64,1.09,1.29,1075.29,53.29
4446,RIVER SUTLEJ U/S LANDFILL SITE RAMPUR,RIVER,HIMACHAL PRADESH,2024-03-26,31.448534,77.63401,12.42,10.56,9.31,2714.5,1.11,1.29,1126.94,55.16
4446,RIVER SUTLEJ U/S LANDFILL SITE RAMPUR,RIVER,HIMACHAL PRADESH,2024-04-25,31.448534,77.63401,13.28,9.93,8.73,2822.82,1.11,1.23,1092.96,55.88
4446,RIVER SUTLEJ U/S LANDFILL SITE RAMPUR,RIVER,HIMACHAL PRADESH,2024-05-25,31.448534,77.63401,13.06,10.39,9.43,2694.95,1.14,1.24,1128.38,54.07
4446,RIVER SUTLEJ U/S LANDFILL SITE RAMPUR,RIVER,HIMACHAL PRADESH,2024-06-24,31.448534,77.63401,13.45,10.48,8.87,2884.94,1.14,1.31,1167.34,56.05
4446,RIVER SUTLEJ U/S LANDFILL SITE RAMPUR,RIVER,HIMACHAL PRADESH,2024-07-24,31.448534,77.63401,13.15,10.4,9.46,2759.9,1.12,1.25,1123.78,56.09
4446,RIVER SUTLEJ U/S LANDFILL SITE RAMPUR,RIVER,HIMACHAL PRADESH,2024-08-23,31.448534,77.63401,13.4,10.16,9.05,2932.41,1.18,1.32,1165.71,56.39
4446,RIVER SUTLEJ U/S LANDFILL SITE RAMPUR,RIVER,HIMACHAL PRADESH,2024-09-22,31.448534,77.63401,13.62,10.41,9.36,2870.64,1.14,1.33,1176.5,57.05
4446,RIVER SUTLEJ U/S LANDFILL SITE RAMPUR,RIVER,HIMACHAL PRADESH,2024-10-22,31.448534,77.63401,13.86,10.93,9.69,2807.56,1.2,1.37,1151.05,57.62
4446,RIVER SUTLEJ U/S LANDFILL SITE RAMPUR,RIVER,HIMACHAL PRADESH,2024-11-21,31.448534,77.63401,13.27,10.4,9.65,3016.28,1.22,1.36,1190.94,58.31
4447,RIVER STLUJ D/S LANDFILL SITE RAMPUR,RIVER,HIMACHAL PRADESH,2023-01-01,31.443072,77.627852,11.92,8.51,7.54,1518.77,1.02,1.14,1605.01,57.14
4447,RIVER STLUJ D/S LANDFILL SITE RAMPUR,RIVER,HIMACHAL PRADESH,2023-01-31,31.443072,77.627852,11.05,8.85,7.45,1399.36,1.03,1.14,1637.56,55.91
4447,RIVER STLUJ D/S LANDFILL SITE RAMPUR,RIVER,HIMACHAL PRADESH,2023-03-02,31.443072,77.627852,10.89,8.48,7.44,1377.28,1.02,1.08,1501.97,52.94
4447,RIVER STLUJ D/S LANDFILL SITE RAMPUR,RIVER,HIMACHAL PRADESH,2023-04-01,31.443072,77.627852,11.0,8.63,7.7,1366.18,0.93,1.06,1499.55,52.84
4447,RIVER STLUJ D/S LANDFILL SITE RAMPUR,RIVER,HIMACHAL PRADESH,2023-05-01,31.443072,77.627852,11.18,8.47,7.5,1358.17,0.98,1.11,1505.96,55.28
4447,RIVER STLUJ D/S LANDFILL SITE RAMPUR,RIVER,HIMACHAL PRADESH,2023-05-31,31.443072,77.627852,11.29,8.52,7.13,1391.8,0.96,1.11,1453.37,52.27
4447,RIVER STLUJ D/S LANDFILL SITE RAMPUR,RIVER,HIMACHAL PRADESH,2023-06-30,31.443072,77.627852,10.95,8.43,7.03,1382.94,0.98,1.04,1449.76,55.73
4447,RIVER STLUJ D/S LANDFILL SITE RAMPUR,RIVER,HIMACHAL PRADESH,2023-07-30,31.443072,77.627852,10.73,8.38,7.64,1419.14,0.92,1.02,1506.97,53.38
4447,RIVER STLUJ D/S LANDFILL SITE RAMPUR,RIVER,HIMACHAL PRADESH,2023-08-29,31.443072,77.627852,10.22,8.72,6.96,1403.71,0.98,1.02,1518.1,52.32
4447,RIVER STLUJ D/S LANDFILL SITE RAMPUR,RIVER,HIMACHAL PRADESH,2023-09-28,31.443072,77.627852,10.07,8.62,6.91,1308.92,0.9,1.05,1433.31,54.03
4447,RIVER STLUJ D/S LANDFILL SITE RAMPUR,RIVER,HIMACHAL PRADESH,2023-10-28,31.443072,77.627852,10.05,8.33,6.94,1322.48,0.96,0.98,1426.87,53.19
4447,RIVER STLUJ D/S LANDFILL SITE RAMPUR,RIVER,HIMACHAL PRADESH,2023-11-27,31.443072,77.627852,10.12,7.96,7.2,1370.82,0.88,1.05,1422.47,50.29
4447,RIVER STLUJ D/S LANDFILL SITE RAMPUR,RIVER,HIMACHAL PRADESH,2023-12-27,31.443072,77.627852,10.56,8.0,7.12,1274.62,0.91,1.02,1483.45,49.65
4447,RIVER STLUJ D/S LANDFILL SITE RAMPUR,RIVER,HIMACHAL PRADESH,2024-01-26,31.443072,77.627852,10.11,7.58,6.58,1273.34,0.92,0.98,1441.02,49.31
4447,RIVER STLUJ D/S LANDFILL SITE RAMPUR,RIVER,HIMACHAL PRADESH,2024-02-25,31.443072,77.627852,9.66,7.82,6.61,1251.31,0.86,0.95,1477.0,51.12
4447,RIVER STLUJ D/S LANDFILL SITE RAMPUR,RIVER,HIMACHAL PRADESH,2024-03-26,31.443072,77.627852,9.77,7.52,6.68,1301.8,0.88,0.99,1469.02,48.4
4447,RIVER STLUJ D/S LANDFILL SITE RAMPUR,RIVER,HIMACHAL PRADESH,2024-04-25,31.443072,77.627852,9.59,7.77,7.14,1286.14,0.85,1.01,1455.54,47.47
4447,RIVER STLUJ D/S LANDFILL SITE RAMPUR,RIVER,HIMACHAL PRADESH,2024-05-25,31.443072,77.627852,9.87,7.86,6.63,1239.46,0.9,0.97,1318.47,49.97
4447,RIVER STLUJ D/S LANDFILL SITE RAMPUR,RIVER,HIMACHAL PRADESH,2024-06-24,31.443072,77.627852,9.43,7.63,6.8,1273.6,0.9,0.99,1307.91,45.67
4447,RIVER STLUJ D/S LANDFILL SITE RAMPUR,RIVER,HIMACHAL PRADESH,2024-07-24,31.443072,77.627852,9.09,7.14,6.64,1173.07,0.81,0.92,1367.95,44.94
4447,RIVER STLUJ D/S LANDFILL SITE RAMPUR,RIVER,HIMACHAL PRADESH,2024-08-23,31.443072,77.627852,9.79,7.28,6.86,1262.7,0.86,0.88,1263.47,45.73
4447,RIVER STLUJ D/S LANDFILL SITE RAMPUR,RIVER,HIMACHAL PRADESH,2024-09-22,31.443072,77.627852,9.98,7.12,6.09,1125.08,0.81,0.91,1386.56,45.36
4447,RIVER STLUJ D/S LANDFILL SITE RAMPUR,RIVER,HIMACHAL PRADESH,2024-10-22,31.443072,77.627852,9.45,7.66,6.05,1174.43,0.8,0.88,1258.25,47.92
4447,RIVER STLUJ D/S LANDFILL SITE RAMPUR,RIVER,HIMACHAL PRADESH,2024-11-21,31.443072,77.627852,8.79,7.27,6.54,1193.34,0.8,0.93,1267.71,46.25
4032,RIVER SUTLEJ U/S KHAIRIAN SOLID WASTE DUMPING SITE BILASPUR,RIVER,HIMACHAL PRADESH,2023-01-01,31.339444,76.751667,15.57,8.93,7.62,245.12,1.03,1.06,179.05,2.06
4032,RIVER SUTLEJ U/S KHAIRIAN SOLID WASTE DUMPING SITE BILASPUR,RIVER,HIMACHAL PRADESH,2023-01-31,31.339444,76.751667,15.21,8.88,7.8,230.74,1.0,1.04,183.09,1.91
4032,RIVER SUTLEJ U/S KHAIRIAN SOLID WASTE DUMPING SITE BILASPUR,RIVER,HIMACHAL PRADESH,2023-03-02,31.339444,76.751667,15.02,8.7,7.72,229.04,1.0,1.02,171.53,2.07
4032,RIVER SUTLEJ U/S KHAIRIAN SOLID WASTE DUMPING SITE BILASPUR,RIVER,HIMACHAL PRADESH,2023-04-01,31.339444,76.751667,15.35,9.08,7.52,232.81,1.04,1.04,168.87,1.96
4032,RIVER SUTLEJ U/S KHAIRIAN SOLID WASTE DUMPING SITE BILASPUR,RIVER,HIMACHAL PRADESH,2023-05-01,31.339444,76.751667,15.73,9.23,7.61,241.72,1.04,1.02,176.45,1.91
4032,RIVER SUTLEJ U/S KHAIRIAN SOLID WASTE DUMPING SITE BILASPUR,RIVER,HIMACHAL PRADESH,2023-05-31,31.339444,76.751667,14.92,9.5,7.87,235.42,1.04,1.08,182.2,1.99
4032,RIVER SUTLEJ U/S KHAIRIAN SOLID WASTE DUMPING SITE BILASPUR,RIVER,HIMACHAL PRADESH,2023-06-30,31.339444,76.751667,15.11,9.34,7.5,240.38,1.0,1.08,181.24,2.01
4032,RIVER SUTLEJ U/S KHAIRIAN SOLID WASTE DUMPING SITE BILASPUR,RIVER,HIMACHAL PRADESH,2023-07-30,31.339444,76.751667,16.18,9.21,7.81,246.69,1.04,1.06,178.14,1.95
4032,RIVER SUTLEJ U/S KHAIRIAN SOLID WASTE DUMPING SITE BILASPUR,RIVER,HIMACHAL PRADESH,2023-08-29,31.339444,76.751667,15.99,9.38,7.47,230.28,0.98,1.0,177.41,2.06
4032,RIVER SUTLEJ U/S KHAIRIAN SOLID WASTE DUMPING SITE BILASPUR,RIVER,HIMACHAL PRADESH,2023-09-28,31.339444,76.751667,14.88,9.28,7.72,242.82,0.99,1.1,174.56,1.97
4032,RIVER SUTLEJ U/S KHAIRIAN SOLID WASTE DUMPING SITE BILASPUR,RIVER,HIMACHAL PRADESH,2023-10-28,31.339444,76.751667,15.69,8.62,7.74,244.1,1.04,1.05,168.64,2.0
4032,RIVER SUTLEJ U/S KHAIRIAN SOLID WASTE DUMPING SITE BILASPUR,RIVER,HIMACHAL PRADESH,2023-11-27,31.339444,76.751667,15.33,9.15,7.58,249.64,0.98,1.06,177.58,2.06
4032,RIVER SUTLEJ U/S KHAIRIAN SOLID WASTE DUMPING SITE BILASPUR,RIVER,HIMACHAL PRADESH,2023-12-27,31.339444,76.751667,15.3,9.32,7.51,243.97,1.02,1.04,174.95,1.96
4032,RIVER SUTLEJ U/S KHAIRIAN SOLID WASTE DUMPING SITE BILASPUR,RIVER,HIMACHAL PRADESH,2024-01-26,31.339444,76.751667,16.08,9.0,7.33,230.17,1.0,1.01,173.78,1.92
4032,RIVER SUTLEJ U/S KHAIRIAN SOLID WASTE DUMPING SITE BILASPUR,RIVER,HIMACHAL PRADESH,2024-02-25,31.339444,76.751667,15.29,8.68,7.71,251.53,0.98,1.04,183.39,2.04
4032,RIVER SUTLEJ U/S KHAIRIAN SOLID WASTE DUMPING SITE BILASPUR,RIVER,HIMACHAL PRADESH,2024-03-26,31.339444,76.751667,15.46,9.19,7.41,250.27,1.0,1.0,167.57,1.96
4032,RIVER SUTLEJ U/S KHAIRIAN SOLID WASTE DUMPING SITE BILASPUR,RIVER,HIMACHAL PRADESH,2024-04-25,31.339444,76.751667,15.77,8.79,7.53,242.47,1.05,1.08,177.31,2.04
4032,RIVER SUTLEJ U/S KHAIRIAN SOLID WASTE DUMPING SITE BILASPUR,RIVER,HIMACHAL PRADESH,2024-05-25,31.339444,76.751667,15.97,8.82,7.86,238.65,0.97,1.01,171.52,1.91
4032,RIVER SUTLEJ U/S KHAIRIAN SOLID WASTE DUMPING SITE BILASPUR,RIVER,HIMACHAL PRADESH,2024-06-24,31.339444,76.751667,15.04,9.5,8.04,244.06,0.98,1.05,168.02,1.99
4032,RIVER SUTLEJ U/S KHAIRIAN SOLID WASTE DUMPING SITE BILASPUR,RIVER,HIMACHAL PRADESH,2024-07-24,31.339444,76.751667,15.69,9.24,7.65,251.63,0.97,1.06,171.83,2.09
4032,RIVER SUTLEJ U/S KHAIRIAN SOLID WASTE DUMPING SITE BILASPUR,RIVER,HIMACHAL PRADESH,2024-08-23,31.339444,76.751667,15.95,9.33,7.94,245.32,1.01,1.03,176.86,1.91
4032,RIVER SUTLEJ U/S KHAIRIAN SOLID WASTE DUMPING SITE BILASPUR,RIVER,HIMACHAL PRADESH,2024-09-22,31.339444,76.751667,16.07,9.14,7.67,234.13,1.05,1.03,172.25,2.08
4032,RIVER SUTLEJ U/S KHAIRIAN SOLID WASTE DUMPING SITE BILASPUR,RIVER,HIMACHAL PRADESH,2024-10-22,31.339444,76.751667,15.55,8.61,7.66,233.37,0.99,1.02,166.91,2.06
4032,RIVER SUTLEJ U/S KHAIRIAN SOLID WASTE DUMPING SITE BILASPUR,RIVER,HIMACHAL PRADESH,2024-11-21,31.339444,76.751667,15.77,9.03,7.77,228.5,0.99,1.08,183.61,2.04
4033,RIVER SUTLEJ D/S KHAIRIAN SOLID WASTE DUMPING SITE BILASPUR,RIVER,HIMACHAL PRADESH,2023-01-01,31.358333,76.760278,16.35,8.98,7.5,241.5,0.97,0.84,357.96,2.02
4033,RIVER SUTLEJ D/S KHAIRIAN SOLID WASTE DUMPING SITE BILASPUR,RIVER,HIMACHAL PRADESH,2023-01-31,31.358333,76.760278,15.71,9.39,7.93,222.9,0.97,0.9,361.48,1.97
4033,RIVER SUTLEJ D/S KHAIRIAN SOLID WASTE DUMPING SITE BILASPUR,RIVER,HIMACHAL PRADESH,2023-03-02,31.358333,76.760278,15.73,8.73,7.62,241.87,1.04,0.84,347.19,2.0
4033,RIVER SUTLEJ D/S KHAIRIAN SOLID WASTE DUMPING SITE BILASPUR,RIVER,HIMACHAL PRADESH,2023-04-01,31.358333,76.760278,15.7,9.44,7.78,231.23,1.04,0.88,362.53,2.07
4033,RIVER SUTLEJ D/S KHAIRIAN SOLID WASTE DUMPING SITE BILASPUR,RIVER,HIMACHAL PRADESH,2023-05-01,31.358333,76.760278,15.59,9.03,7.88,237.69,1.06,0.88,372.56,2.15
4033,RIVER SUTLEJ D/S KHAIRIAN SOLID WASTE DUMPING SITE BILASPUR,RIVER,HIMACHAL PRADESH,2023-05-31,31.358333,76.760278,15.9,9.2,7.7,238.43,1.02,0.93,373.84,2.09
4033,RIVER SUTLEJ D/S KHAIRIAN SOLID WASTE DUMPING SITE BILASPUR,RIVER,HIMACHAL PRADESH,2023-06-30,31.358333,76.760278,16.65,9.6,8.34,240.69,1.09,0.93,346.19,2.18
4033,RIVER SUTLEJ D/S KHAIRIAN SOLID WASTE DUMPING SITE BILASPUR,RIVER,HIMACHAL PRADESH,2023-07-30,31.358333,76.760278,16.13,9.09,8.34,252.75,1.1,0.92,374.06,2.16
4033,RIVER SUTLEJ D/S KHAIRIAN SOLID WASTE DUMPING SITE BILASPUR,RIVER,HIMACHAL PRADESH,2023-08-29,31.358333,76.760278,16.79,9.3,7.88,242.13,1.1,0.89,359.28,2.07
4033,RIVER SUTLEJ D/S KHAIRIAN SOLID WASTE DUMPING SITE BILASPUR,RIVER,HIMACHAL PRADESH,2023-09-28,31.358333,76.760278,17.06,9.37,7.93,256.12,1.09,0.92,361.54,2.18
4033,RIVER SUTLEJ D/S KHAIRIAN SOLID WASTE DUMPING SITE BILASPUR,RIVER,HIMACHAL PRADESH,2023-10-28,31.358333,76.760278,17.57,10.09,8.52,239.86,1.08,0.93,380.82,2.2
4033,RIVER SUTLEJ D/S KHAIRIAN SOLID WASTE DUMPING SITE BILASPUR,RIVER,HIMACHAL PRADESH,2023-11-27,31.358333,76.760278,16.56,10.18,8.05,258.16,1.12,0.94,384.01,2.22
4033,RIVER SUTLEJ D/S KHAIRIAN SOLID WASTE DUMPING SITE BILASPUR,RIVER,HIMACHAL PRADESH,2023-12-27,31.358333,76.760278,16.62,9.72,8.33,250.89,1.1,1.0,380.35,2.23
4033,RIVER SUTLEJ D/S KHAIRIAN SOLID WASTE DUMPING SITE BILASPUR,RIVER,HIMACHAL PRADESH,2024-01-26,31.358333,76.760278,16.79,9.53,8.3,261.01,1.14,0.98,389.5,2.14
4033,RIVER SUTLEJ D/S KHAIRIAN SOLID WASTE DUMPING SITE BILASPUR,RIVER,HIMACHAL PRADESH,2024-02-25,31.358333,76.760278,16.97,10.25,8.38,253.97,1.11,0.98,396.19,2.17
4033,RIVER SUTLEJ D/S KHAIRIAN SOLID WASTE DUMPING SITE BILASPUR,RIVER,HIMACHAL PRADESH,2024-03-26,31.358333,76.760278,17.37,9.74,8.89,258.72,1.09,1.02,395.23,2.3
4033,RIVER SUTLEJ D/S KHAIRIAN SOLID WASTE DUMPING SITE BILASPUR,RIVER,HIMACHAL PRADESH,2024-04-25,31.358333,76.760278,17.0,10.02,8.51,253.45,1.13,0.97,382.73,2.3
4033,RIVER SUTLEJ D/S KHAIRIAN SOLID WASTE DUMPING SITE BILASPUR,RIVER,HIMACHAL PRADESH,2024-05-25,31.358333,76.760278,18.12,10.59,8.48,267.75,1.19,0.99,405.31,2.27
4033,RIVER SUTLEJ D/S KHAIRIAN SOLID WASTE DUMPING SITE BILASPUR,RIVER,HIMACHAL PRADESH,2024-06-24,31.358333,76.760278,18.02,9.89,8.83,266.97,1.12,0.96,398.94,2.34
4033,RIVER SUTLEJ D/S KHAIRIAN SOLID WASTE DUMPING SITE BILASPUR,RIVER,HIMACHAL PRADESH,2024-07-24,31.358333,76.760278,17.43,9.94,8.68,268.17,1.13,0.99,405.83,2.32
4033,RIVER SUTLEJ D/S KHAIRIAN SOLID WASTE DUMPING SITE BILASPUR,RIVER,HIMACHAL PRADESH,2024-08-23,31.358333,76.760278,17.94,10.68,9.15,263.75,1.16,1.02,388.9,2.3
4033,RIVER SUTLEJ D/S KHAIRIAN SOLID WASTE DUMPING SITE BILASPUR,RIVER,HIMACHAL PRADESH,2024-09-22,31.358333,76.760278,18.14,10.8,9.04,280.37,1.16,1.0,389.61,2.41
4033,RIVER SUTLEJ D/S KHAIRIAN SOLID WASTE DUMPING SITE BILASPUR,RIVER,HIMACHAL PRADESH,2024-10-22,31.358333,76.760278,18.28,10.46,8.81,269.12,1.23,1.0,406.42,2.36
4033,RIVER SUTLEJ D/S KHAIRIAN SOLID WASTE DUMPING SITE BILASPUR,RIVER,HIMACHAL PRADESH,2024-11-21,31.358333,76.760278,19.36,10.64,9.35,269.22,1.18,1.04,395.93,2.32
4450,RIVER SUTLEJ U/S CONFLUENCE WITH GANVI KHAND,RIVER,HIMACHAL PRADESH,2023-01-01,31.547992,77.792487,11.61,9.3,7.85,2403.27,1.03,1.26,816.25,2.01
4450,RIVER SUTLEJ U/S CONFLUENCE WITH GANVI KHAND,RIVER,HIMACHAL PRADESH,2023-01-31,31.547992,77.792487,11.02,9.46,7.78,2371.68,0.95,1.21,837.59,2.01
4450,RIVER SUTLEJ U/S CONFLUENCE WITH GANVI KHAND,RIVER,HIMACHAL PRADESH,2023-03-02,31.547992,77.792487,11.78,9.26,7.98,2298.67,0.96,1.24,809.19,2.09
4450,RIVER SUTLEJ U/S CONFLUENCE WITH GANVI KHAND,RIVER,HIMACHAL PRADESH,2023-04-01,31.547992,77.792487,11.78,8.98,7.64,2426.72,1.02,1.18,819.97,1.93
4450,RIVER SUTLEJ U/S CONFLUENCE WITH GANVI KHAND,RIVER,HIMACHAL PRADESH,2023-05-01,31.547992,77.792487,11.97,9.43,7.59,2343.61,1.02,1.23,834.16,2.07
4450,RIVER SUTLEJ U/S CONFLUENCE WITH GANVI KHAND,RIVER,HIMACHAL PRADESH,2023-05-31,31.547992,77.792487,11.93,9.08,7.53,2409.58,0.98,1.27,829.17,2.08
4450,RIVER SUTLEJ U/S CONFLUENCE WITH GANVI KHAND,RIVER,HIMACHAL PRADESH,2023-06-30,31.547992,77.792487,11.89,9.39,8.08,2357.44,1.04,1.25,801.03,1.94
4450,RIVER SUTLEJ U/S CONFLUENCE WITH GANVI KHAND,RIVER,HIMACHAL PRADESH,2023-07-30,31.547992,77.792487,11.37,8.87,7.58,2382.0,0.97,1.21,854.32,1.95
4450,RIVER SUTLEJ U/S CONFLUENCE WITH GANVI KHAND,RIVER,HIMACHAL PRADESH,2023-08-29,31.547992,77.792487,11.6,9.43,7.69,2431.61,1.03,1.17,854.34,2.02
4450,RIVER SUTLEJ U/S CONFLUENCE WITH GANVI KHAND,RIVER,HIMACHAL PRADESH,2023-09-28,31.547992,77.792487,11.31,8.86,8.15,2306.4,1.05,1.26,861.14,1.94
4450,RIVER SUTLEJ U/S CONFLUENCE WITH GANVI KHAND,RIVER,HIMACHAL PRADESH,2023-10-28,31.547992,77.792487,11.18,8.85,7.87,2504.41,1.04,1.22,851.72,2.08
4450,RIVER SUTLEJ U/S CONFLUENCE WITH GANVI KHAND,RIVER,HIMACHAL PRADESH,2023-11-27,31.547992,77.792487,11.55,9.32,7.65,2309.65,1.0,1.28,791.57,1.9
4450,RIVER SUTLEJ U/S CONFLUENCE WITH GANVI KHAND,RIVER,HIMACHAL PRADESH,2023-12-27,31.547992,77.792487,11.83,9.57,7.75,2293.92,1.05,1.19,821.87,2.02
4450,RIVER SUTLEJ U/S CONFLUENCE WITH GANVI KHAND,RIVER,HIMACHAL PRADESH,2024-01-26,31.547992,77.792487,11.73,8.86,7.71,2281.2,1.04,1.26,795.23,1.95
4450,RIVER SUTLEJ U/S CONFLUENCE WITH GANVI KHAND,RIVER,HIMACHAL PRADESH,2024-02-25,31.547992,77.792487,11.1,9.01,7.74,2351.9,1.04,1.26,848.57,2.03
4450,RIVER SUTLEJ U/S CONFLUENCE WITH GANVI KHAND,RIVER,HIMACHAL PRADESH,2024-03-26,31.547992,77.792487,11.57,9.51,8.09,2469.58,0.97,1.21,846.19,1.98
4450,RIVER SUTLEJ U/S CONFLUENCE WITH GANVI KHAND,RIVER,HIMACHAL PRADESH,2024-04-25,31.547992,77.792487,11.66,9.17,7.7,2424.55,1.0,1.25,854.02,2.01
4450,RIVER SUTLEJ U/S CONFLUENCE WITH GANVI KHAND,RIVER,HIMACHAL PRADESH,2024-05-25,31.547992,77.792487,12.0,9.63,7.55,2450.14,0.97,1.22,791.0,1.97
4450,RIVER SUTLEJ U/S CONFLUENCE WITH GANVI KHAND,RIVER,HIMACHAL PRADESH,2024-06-24,31.547992,77.792487,11.95,9.42,8.05,2325.05,1.04,1.2,851.43,2.03
4450,RIVER SUTLEJ U/S CONFLUENCE WITH GANVI KHAND,RIVER,HIMACHAL PRADESH,2024-07-24,31.547992,77.792487,11.19,9.6,7.87,2300.2,1.03,1.17,786.16,1.9
4450,RIVER SUTLEJ U/S CONFLUENCE WITH GANVI KHAND,RIVER,HIMACHAL PRADESH,2024-08-23,31.547992,77.792487,11.79,9.54,7.81,2517.16,0.95,1.2,800.18,1.93
4450,RIVER SUTLEJ U/S CONFLUENCE WITH GANVI KHAND,RIVER,HIMACHAL PRADESH,2024-09-22,31.547992,77.792487,11.69,8.87,8.05,2517.65,0.97,1.26,849.72,2.09
4450,RIVER SUTLEJ U/S CONFLUENCE WITH GANVI KHAND,RIVER,HIMACHAL PRADESH,2024-10-22,31.547992,77.792487,11.17,9.11,7.89,2450.23,1.0,1.23,833.43,2.0
4450,RIVER SUTLEJ U/S CONFLUENCE WITH GANVI KHAND,RIVER,HIMACHAL PRADESH,2024-11-21,31.547992,77.792487,11.22,9.43,7.46,2493.99,0.96,1.17,844.03,2.02
4451,RIVER SUTLEJ D/S CONFLUENCE WITH GANVI KHAND,RIVER,HIMACHAL PRADESH,2023-01-01,31.536062,77.777423,10.94,8.92,7.82,2439.44,1.05,1.4,880.64,3.33
4451,RIVER SUTLEJ D/S CONFLUENCE WITH GANVI KHAND,RIVER,HIMACHAL PRADESH,2023-01-31,31.536062,77.777423,11.39,9.14,8.09,2498.96,1.03,1.42,913.83,3.66
4451,RIVER SUTLEJ D/S CONFLUENCE WITH GANVI KHAND,RIVER,HIMACHAL PRADESH,2023-03-02,31.536062,77.777423,11.22,8.9,7.93,2354.63,0.98,1.49,884.42,3.47
4451,RIVER SUTLEJ D/S CONFLUENCE WITH GANVI KHAND,RIVER,HIMACHAL PRADESH,2023-04-01,31.536062,77.777423,11.87,9.7,7.74,2364.68,1.0,1.44,945.81,3.42
4451,RIVER SUTLEJ D/S CONFLUENCE WITH GANVI KHAND,RIVER,HIMACHAL PRADESH,2023-05-01,31.536062,77.777423,11.5,9.26,7.69,2476.28,1.07,1.4,966.67,3.51
4451,RIVER SUTLEJ D/S CONFLUENCE WITH GANVI KHAND,RIVER,HIMACHAL PRADESH,2023-05-31,31.536062,77.777423,12.38,9.21,7.73,2525.6,1.05,1.46,986.8,3.78
4451,RIVER SUTLEJ D/S CONFLUENCE WITH GANVI KHAND,RIVER,HIMACHAL PRADESH,2023-06-30,31.536062,77.777423,12.45,9.33,8.27,2501.61,1.0,1.42,963.93,3.66
4451,RIVER SUTLEJ D/S CONFLUENCE WITH GANVI KHAND,RIVER,HIMACHAL PRADESH,2023-07-30,31.536062,77.777423,12.04,9.71,8.32,2560.83,1.02,1.53,976.73,3.85
4451,RIVER SUTLEJ D/S CONFLUENCE WITH GANVI KHAND,RIVER,HIMACHAL PRADESH,2023-08-29,31.536062,77.777423,11.97,9.79,8.2,2605.31,1.03,1.5,939.8,3.71
4451,RIVER SUTLEJ D/S CONFLUENCE WITH GANVI KHAND,RIVER,HIMACHAL PRADESH,2023-09-28,31.536062,77.777423,11.92,9.76,8.53,2696.38,1.04,1.51,1002.83,3.72
4451,RIVER SUTLEJ D/S CONFLUENCE WITH GANVI KHAND,RIVER,HIMACHAL PRADESH,2023-10-28,31.536062,77.777423,11.96,10.32,8.39,2507.01,1.1,1.48,1027.69,3.75
4451,RIVER SUTLEJ D/S CONFLUENCE WITH GANVI KHAND,RIVER,HIMACHAL PRADESH,2023-11-27,31.536062,77.777423,12.34,10.18,8.67,2699.09,1.11,1.49,1019.82,3.67
4451,RIVER SUTLEJ D/S CONFLUENCE WITH GANVI KHAND,RIVER,HIMACHAL PRADESH,2023-12-27,31.536062,77.777423,12.6,10.27,8.23,2560.25,1.1,1.52,990.53,3.72
4451,RIVER SUTLEJ D/S CONFLUENCE WITH GANVI KHAND,RIVER,HIMACHAL PRADESH,2024-01-26,31.536062,77.777423,12.56,10.38,8.74,2548.22,1.14,1.5,1028.56,3.94
4451,RIVER SUTLEJ D/S CONFLUENCE WITH GANVI KHAND,RIVER,HIMACHAL PRADESH,2024-02-25,31.536062,77.777423,13.23,10.45,8.27,2664.76,1.11,1.6,1015.76,4.02
4451,RIVER SUTLEJ D/S CONFLUENCE WITH GANVI KHAND,RIVER,HIMACHAL PRADESH,2024-03-26,31.536062,77.777423,12.87,10.08,8.67,2709.55,1.09,1.65,1050.6,3.91
4451,RIVER SUTLEJ D/S CONFLUENCE WITH GANVI KHAND,RIVER,HIMACHAL PRADESH,2024-04-25,31.536062,77.777423,12.8,10.08,8.46,2792.04,1.15,1.65,1047.88,4.04
4451,RIVER SUTLEJ D/S CONFLUENCE WITH GANVI KHAND,RIVER,HIMACHAL PRADESH,2024-05-25,31.536062,77.777423,12.65,10.78,9.04,2660.96,1.11,1.64,1044.48,4.11
4451,RIVER SUTLEJ D/S CONFLUENCE WITH GANVI KHAND,RIVER,HIMACHAL PRADESH,2024-06-24,31.536062,77.777423,13.36,10.21,9.17,2772.42,1.16,1.63,1044.02,4.19
4451,RIVER SUTLEJ D/S CONFLUENCE WITH GANVI KHAND,RIVER,HIMACHAL PRADESH,2024-07-24,31.536062,77.777423,13.57,10.73,8.91,2681.72,1.16,1.67,1021.88,3.96
4451,RIVER SUTLEJ D/S CONFLUENCE WITH GANVI KHAND,RIVER,HIMACHAL PRADESH,2024-08-23,31.536062,77.777423,13.01,10.75,8.71,2812.09,1.2,1.61,1069.59,4.21
4451,RIVER SUTLEJ D/S CONFLUENCE WITH GANVI KHAND,RIVER,HIMACHAL PRADESH,2024-09-22,31.536062,77.777423,13.61,10.99,8.76,2850.82,1.2,1.6,1040.43,4.19
4451,RIVER SUTLEJ D/S CONFLUENCE WITH GANVI KHAND,RIVER,HIMACHAL PRADESH,2024-10-22,31.536062,77.777423,13.84,10.86,9.24,2812.13,1.21,1.63,1063.54,4.26
4451,RIVER SUTLEJ D/S CONFLUENCE WITH GANVI KHAND,RIVER,HIMACHAL PRADESH,2024-11-21,31.536062,77.777423,13.1,10.94,9.26,2965.2,1.21,1.76,1053.42,4.21
30009,RIVER SUTLEJ AT NANGAL (H.P.),RIVER,HIMACHAL PRADESH,2023-01-01,31.407469,76.389551,16.58,8.85,7.73,248.2,1.92,0.55,10168.35,174.98
30009,RIVER SUTLEJ AT NANGAL (H.P.),RIVER,HIMACHAL PRADESH,2023-01-31,31.407469,76.389551,17.07,9.69,7.21,243.7,2.1,0.51,10812.62,177.96
30009,RIVER SUTLEJ AT NANGAL (H.P.),RIVER,HIMACHAL PRADESH,2023-03-02,31.407469,76.389551,17.28,9.21,7.48,262.28,2.0,0.51,10784.02,166.99
30009,RIVER SUTLEJ AT NANGAL (H.P.),RIVER,HIMACHAL PRADESH,2023-04-01,31.407469,76.389551,17.3,9.43,7.94,267.29,2.07,0.55,10393.03,178.73
30009,RIVER SUTLEJ AT NANGAL (H.P.),RIVER,HIMACHAL PRADESH,2023-05-01,31.407469,76.389551,17.65,10.0,7.29,251.42,2.05,0.52,10394.35,174.96
30009,RIVER SUTLEJ AT NANGAL (H.P.),RIVER,HIMACHAL PRADESH,2023-05-31,31.407469,76.389551,17.39,9.61,7.49,261.53,2.15,0.55,10269.42,172.89
30009,RIVER SUTLEJ AT NANGAL (H.P.),RIVER,HIMACHAL PRADESH,2023-06-30,31.407469,76.389551,18.37,9.67,7.48,261.52,2.02,0.55,10401.61,175.18
30009,RIVER SUTLEJ AT NANGAL (H.P.),RIVER,HIMACHAL PRADESH,2023-07-30,31.407469,76.389551,17.26,10.06,7.83,274.09,2.21,0.55,11091.16,177.38
30009,RIVER SUTLEJ AT NANGAL (H.P.),RIVER,HIMACHAL PRADESH,2023-08-29,31.407469,76.389551,17.36,10.14,7.61,265.55,2.05,0.54,10481.99,172.54
30009,RIVER SUTLEJ AT NANGAL (H.P.),RIVER,HIMACHAL PRADESH,2023-09-28,31.407469,76.389551,17.83,10.14,7.98,277.05,2.17,0.55,11195.76,182.49
30009,RIVER SUTLEJ AT NANGAL (H.P.),RIVER,HIMACHAL PRADESH,2023-10-28,31.407469,76.389551,18.39,10.52,7.87,277.47,2.23,0.57,11384.83,176.25
30009,RIVER SUTLEJ AT NANGAL (H.P.),RIVER,HIMACHAL PRADESH,2023-11-27,31.407469,76.389551,19.23,10.24,7.92,283.87,2.12,0.55,11651.06,185.64
30009,RIVER SUTLEJ AT NANGAL (H.P.),RIVER,HIMACHAL PRADESH,2023-12-27,31.407469,76.389551,18.94,10.22,8.39,272.28,2.14,0.59,10999.56,193.2
30009,RIVER SUTLEJ AT NANGAL (H.P.),RIVER,HIMACHAL PRADESH,2024-01-26,31.407469,76.389551,18.73,10.31,8.53,283.01,2.21,0.56,11797.99,179.9
30009,RIVER SUTLEJ AT NANGAL (H.P.),RIVER,HIMACHAL PRADESH,2024-02-25,31.407469,76.389551,19.68,10.08,8.5,277.17,2.24,0.59,10999.63,195.04
30009,RIVER SUTLEJ AT NANGAL (H.P.),RIVER,HIMACHAL PRADESH,2024-03-26,31.407469,76.389551,19.63,10.44,8.55,283.34,2.26,0.6,11116.16,193.97
30009,RIVER SUTLEJ AT NANGAL (H.P.),RIVER,HIMACHAL PRADESH,2024-04-25,31.407469,76.389551,18.89,10.43,8.74,275.11,2.35,0.57,11303.08,194.35
30009,RIVER SUTLEJ AT NANGAL (H.P.),RIVER,HIMACHAL PRADESH,2024-05-25,31.407469,76.389551,19.85,10.75,8.34,296.84,2.19,0.61,11724.09,190.46
30009,RIVER SUTLEJ AT NANGAL (H.P.),RIVER,HIMACHAL PRADESH,2024-06-24,31.407469,76.389551,19.38,11.06,8.5,294.48,2.22,0.61,11290.29,201.25
30009,RIVER SUTLEJ AT NANGAL (H.P.),RIVER,HIMACHAL PRADESH,2024-07-24,31.407469,76.389551,19.33,10.69,8.24,295.5,2.39,0.59,11895.13,188.42
30009,RIVER SUTLEJ AT NANGAL (H.P.),RIVER,HIMACHAL PRADESH,2024-08-23,31.407469,76.389551,20.16,11.11,8.91,285.54,2.43,0.63,12338.62,197.26
30009,RIVER SUTLEJ AT NANGAL (H.P.),RIVER,HIMACHAL PRADESH,2024-09-22,31.407469,76.389551,19.14,11.07,8.57,298.22,2.34,0.61,12071.79,202.89
30009,RIVER SUTLEJ AT NANGAL (H.P.),RIVER,HIMACHAL PRADESH,2024-10-22,31.407469,76.389551,20.55,10.82,8.42,300.4,2.31,0.6,11862.28,194.53
30009,RIVER SUTLEJ AT NANGAL (H.P.),RIVER,HIMACHAL PRADESH,2024-11-21,31.407469,76.389551,20.38,11.09,8.5,306.03,2.39,0.64,11709.03,198.24
1014,RIVER SUTLEJ AT U/S SLAPPER,RIVER,HIMACHAL PRADESH,2023-01-01,31.421014,76.837836,15.24,9.26,7.55,198.81,1.02,0.56,126.75,1.9
1014,RIVER SUTLEJ AT U/S SLAPPER,RIVER,HIMACHAL PRADESH,2023-01-31,31.421014,76.837836,14.2,8.83,7.43,195.78,1.02,0.57,129.08,2.0
1014,RIVER SUTLEJ AT U/S SLAPPER,RIVER,HIMACHAL PRADESH,2023-03-02,31.421014,76.837836,15.19,8.72,7.86,203.45,0.95,0.55,120.81,1.92
1014,RIVER SUTLEJ AT U/S SLAPPER,RIVER,HIMACHAL PRADESH,2023-04-01,31.421014,76.837836,14.71,8.67,7.62,207.41,1.02,0.55,127.84,2.06
1014,RIVER SUTLEJ AT U/S SLAPPER,RIVER,HIMACHAL PRADESH,2023-05-01,31.421014,76.837836,14.27,8.81,7.63,195.72,0.99,0.55,128.3,1.96
1014,RIVER SUTLEJ AT U/S SLAPPER,RIVER,HIMACHAL PRADESH,2023-05-31,31.421014,76.837836,14.83,8.84,7.96,208.29,0.99,0.53,129.56,1.97
1014,RIVER SUTLEJ AT U/S SLAPPER,RIVER,HIMACHAL PRADESH,2023-06-30,31.421014,76.837836,14.0,8.79,8.05,196.34,1.0,0.56,121.01,1.95
1014,RIVER SUTLEJ AT U/S SLAPPER,RIVER,HIMACHAL PRADESH,2023-07-30,31.421014,76.837836,14.48,8.6,7.76,202.07,1.04,0.53,127.0,2.03
1014,RIVER SUTLEJ AT U/S SLAPPER,RIVER,HIMACHAL PRADESH,2023-08-29,31.421014,76.837836,14.38,9.18,7.6,203.23,1.04,0.57,120.55,2.01
1014,RIVER SUTLEJ AT U/S SLAPPER,RIVER,HIMACHAL PRADESH,2023-09-28,31.421014,76.837836,14.21,8.52,7.44,189.22,0.98,0.56,128.53,2.05
1014,RIVER SUTLEJ AT U/S SLAPPER,RIVER,HIMACHAL PRADESH,2023-10-28,31.421014,76.837836,14.65,9.25,7.64,197.51,0.97,0.57,121.53,1.96
1014,RIVER SUTLEJ AT U/S SLAPPER,RIVER,HIMACHAL PRADESH,2023-11-27,31.421014,76.837836,14.48,9.29,7.36,190.58,1.02,0.55,122.26,2.06
1014,RIVER SUTLEJ AT U/S SLAPPER,RIVER,HIMACHAL PRADESH,2023-12-27,31.421014,76.837836,15.31,8.9,7.94,200.78,0.95,0.52,122.58,1.96
1014,RIVER SUTLEJ AT U/S SLAPPER,RIVER,HIMACHAL PRADESH,2024-01-26,31.421014,76.837836,14.37,9.33,7.71,206.79,0.95,0.56,125.63,2.02
1014,RIVER SUTLEJ AT U/S SLAPPER,RIVER,HIMACHAL PRADESH,2024-02-25,31.421014,76.837836,14.89,9.39,7.78,193.31,0.98,0.55,121.62,2.05
1014,RIVER SUTLEJ AT U/S SLAPPER,RIVER,HIMACHAL PRADESH,2024-03-26,31.421014,76.837836,13.92,8.72,7.54,197.74,1.01,0.52,125.4,1.93
1014,RIVER SUTLEJ AT U/S SLAPPER,RIVER,HIMACHAL PRADESH,2024-04-25,31.421014,76.837836,13.91,9.35,7.86,205.68,0.98,0.56,118.32,1.98
1014,RIVER SUTLEJ AT U/S SLAPPER,RIVER,HIMACHAL PRADESH,2024-05-25,31.421014,76.837836,14.31,9.35,7.53,201.08,1.02,0.54,129.85,2.0
1014,RIVER SUTLEJ AT U/S SLAPPER,RIVER,HIMACHAL PRADESH,2024-06-24,31.421014,76.837836,14.92,9.09,7.9,202.93,0.95,0.52,119.35,1.98
1014,RIVER SUTLEJ AT U/S SLAPPER,RIVER,HIMACHAL PRADESH,2024-07-24,31.421014,76.837836,15.07,9.06,7.89,206.24,1.0,0.52,128.28,1.99
1014,RIVER SUTLEJ AT U/S SLAPPER,RIVER,HIMACHAL PRADESH,2024-08-23,31.421014,76.837836,14.7,9.01,7.44,204.56,0.96,0.57,119.38,2.02
1014,RIVER SUTLEJ AT U/S SLAPPER,RIVER,HIMACHAL PRADESH,2024-09-22,31.421014,76.837836,14.34,9.31,7.74,201.24,0.96,0.54,126.54,2.06
1014,RIVER SUTLEJ AT U/S SLAPPER,RIVER,HIMACHAL PRADESH,2024-10-22,31.421014,76.837836,14.05,8.81,7.32,205.29,0.99,0.56,124.05,1.9
1014,RIVER SUTLEJ AT U/S SLAPPER,RIVER,HIMACHAL PRADESH,2024-11-21,31.421014,76.837836,14.76,9.37,7.52,196.75,1.05,0.55,129.28,1.94
1015,RIVER SUTLEJ AT D/S SLAPPER,RIVER,HIMACHAL PRADESH,2023-01-01,31.412833,76.874881,15.41,8.64,7.96,185.36,0.97,0.74,168.04,2.06
1015,RIVER SUTLEJ AT D/S SLAPPER,RIVER,HIMACHAL PRADESH,2023-01-31,31.412833,76.874881,14.22,8.7,7.8,195.75,1.03,0.69,171.98,1.93
1015,RIVER SUTLEJ AT D/S SLAPPER,RIVER,HIMACHAL PRADESH,2023-03-02,31.412833,76.874881,15.18,9.27,7.94,187.2,0.98,0.75,172.75,2.09
1015,RIVER SUTLEJ AT D/S SLAPPER,RIVER,HIMACHAL PRADESH,2023-04-01,31.412833,76.874881,15.48,9.56,7.59,192.88,1.06,0.77,187.31,2.14
1015,RIVER SUTLEJ AT D/S SLAPPER,RIVER,HIMACHAL PRADESH,2023-05-01,31.412833,76.874881,15.45,9.17,7.92,197.7,1.08,0.74,183.98,2.0
1015,RIVER SUTLEJ AT D/S SLAPPER,RIVER,HIMACHAL PRADESH,2023-05-31,31.412833,76.874881,15.19,9.09,7.73,198.56,1.04,0.78,186.35,2.03
1015,RIVER SUTLEJ AT D/S SLAPPER,RIVER,HIMACHAL PRADESH,2023-06-30,31.412833,76.874881,16.2,9.28,7.86,200.48,1.01,0.76,181.64,2.15
1015,RIVER SUTLEJ AT D/S SLAPPER,RIVER,HIMACHAL PRADESH,2023-07-30,31.412833,76.874881,15.82,9.42,7.87,199.42,1.03,0.76,176.52,2.18
1015,RIVER SUTLEJ AT D/S SLAPPER,RIVER,HIMACHAL PRADESH,2023-08-29,31.412833,76.874881,15.36,9.45,8.21,191.9,1.08,0.79,178.27,2.19
1015,RIVER SUTLEJ AT D/S SLAPPER,RIVER,HIMACHAL PRADESH,2023-09-28,31.412833,76.874881,15.18,9.41,8.22,208.62,1.05,0.8,189.3,2.05
1015,RIVER SUTLEJ AT D/S SLAPPER,RIVER,HIMACHAL PRADESH,2023-10-28,31.412833,76.874881,16.24,10.15,8.21,201.65,1.11,0.77,186.46,2.23
1015,RIVER SUTLEJ AT D/S SLAPPER,RIVER,HIMACHAL PRADESH,2023-11-27,31.412833,76.874881,16.54,10.33,7.96,210.64,1.06,0.77,196.07,2.13
1015,RIVER SUTLEJ AT D/S SLAPPER,RIVER,HIMACHAL PRADESH,2023-12-27,31.412833,76.874881,15.88,10.34,8.27,206.95,1.08,0.8,193.72,2.24
1015,RIVER SUTLEJ AT D/S SLAPPER,RIVER,HIMACHAL PRADESH,2024-01-26,31.412833,76.874881,16.76,10.18,8.22,214.07,1.1,0.77,196.77,2.19
1015,RIVER SUTLEJ AT D/S SLAPPER,RIVER,HIMACHAL PRADESH,2024-02-25,31.412833,76.874881,16.1,10.28,8.14,211.23,1.09,0.78,190.78,2.33
1015,RIVER SUTLEJ AT D/S SLAPPER,RIVER,HIMACHAL PRADESH,2024-03-26,31.412833,76.874881,16.52,10.28,8.73,217.11,1.13,0.78,189.27,2.24
1015,RIVER SUTLEJ AT D/S SLAPPER,RIVER,HIMACHAL PRADESH,2024-04-25,31.412833,76.874881,17.13,10.04,8.37,202.89,1.15,0.83,204.35,2.26
1015,RIVER SUTLEJ AT D/S SLAPPER,RIVER,HIMACHAL PRADESH,2024-05-25,31.412833,76.874881,17.12,10.05,8.89,208.35,1.19,0.84,205.95,2.35
1015,RIVER SUTLEJ AT D/S SLAPPER,RIVER,HIMACHAL PRADESH,2024-06-24,31.412833,76.874881,16.36,10.14,8.74,219.21,1.13,0.81,208.56,2.39
1015,RIVER SUTLEJ AT D/S SLAPPER,RIVER,HIMACHAL PRADESH,2024-07-24,31.412833,76.874881,16.51,10.41,8.43,209.77,1.2,0.81,211.24,2.33
1015,RIVER SUTLEJ AT D/S SLAPPER,RIVER,HIMACHAL PRADESH,2024-08-23,31.412833,76.874881,17.13,10.8,8.68,222.48,1.16,0.86,198.58,2.32
1015,RIVER SUTLEJ AT D/S SLAPPER,RIVER,HIMACHAL PRADESH,2024-09-22,31.412833,76.874881,17.25,10.71,8.97,211.88,1.21,0.84,200.1,2.36
1015,RIVER SUTLEJ AT D/S SLAPPER,RIVER,HIMACHAL PRADESH,2024-10-22,31.412833,76.874881,17.88,10.41,9.33,212.76,1.21,0.88,212.97,2.29
1015,RIVER SUTLEJ AT D/S SLAPPER,RIVER,HIMACHAL PRADESH,2024-11-21,31.412833,76.874881,17.19,10.36,8.83,227.41,1.14,0.84,205.86,2.37
1016,RIVER SUTLEJ AT D/S BHAKHRA,RIVER,HIMACHAL PRADESH,2023-01-01,31.425772,76.421883,17.45,8.67,7.26,216.31,0.98,2.64,11.95,2.04
1016,RIVER SUTLEJ AT D/S BHAKHRA,RIVER,HIMACHAL PRADESH,2023-01-31,31.425772,76.421883,17.73,9.02,7.19,221.28,0.97,2.83,12.33,2.03
1016,RIVER SUTLEJ AT D/S BHAKHRA,RIVER,HIMACHAL PRADESH,2023-03-02,31.425772,76.421883,17.24,9.22,7.76,216.53,1.02,2.61,11.86,1.97
1016,RIVER SUTLEJ AT D/S BHAKHRA,RIVER,HIMACHAL PRADESH,2023-04-01,31.425772,76.421883,16.54,8.9,7.58,219.29,1.0,2.57,12.45,1.99
1016,RIVER SUTLEJ AT D/S BHAKHRA,RIVER,HIMACHAL PRADESH,2023-05-01,31.425772,76.421883,16.49,8.85,7.53,220.61,1.0,2.72,12.16,2.08
1016,RIVER SUTLEJ AT D/S BHAKHRA,RIVER,HIMACHAL PRADESH,2023-05-31,31.425772,76.421883,16.29,8.74,7.46,211.94,1.04,2.74,11.89,2.06
1016,RIVER SUTLEJ AT D/S BHAKHRA,RIVER,HIMACHAL PRADESH,2023-06-30,31.425772,76.421883,16.72,9.04,7.38,227.76,0.97,2.75,11.91,2.1
1016,RIVER SUTLEJ AT D/S BHAKHRA,RIVER,HIMACHAL PRADESH,2023-07-30,31.425772,76.421883,17.2,8.5,7.22,214.97,1.04,2.78,11.44,1.99
1016,RIVER SUTLEJ AT D/S BHAKHRA,RIVER,HIMACHAL PRADESH,2023-08-29,31.425772,76.421883,17.9,8.6,7.21,232.23,1.01,2.81,11.58,1.96
1016,RIVER SUTLEJ AT D/S BHAKHRA,RIVER,HIMACHAL PRADESH,2023-09-28,31.425772,76.421883,17.75,8.53,7.64,233.89,0.98,2.77,11.98,1.95
1016,RIVER SUTLEJ AT D/S BHAKHRA,RIVER,HIMACHAL PRADESH,2023-10-28,31.425772,76.421883,16.97,9.0,7.17,212.75,1.01,2.6,12.32,1.91
1016,RIVER SUTLEJ AT D/S BHAKHRA,RIVER,HIMACHAL PRADESH,2023-11-27,31.425772,76.421883,17.91,8.94,7.55,216.69,0.97,2.82,12.26,2.01
1016,RIVER SUTLEJ AT D/S BHAKHRA,RIVER,HIMACHAL PRADESH,2023-12-27,31.425772,76.421883,16.48,8.56,7.46,228.42,1.01,2.57,12.19,1.92
1016,RIVER SUTLEJ AT D/S BHAKHRA,RIVER,HIMACHAL PRADESH,2024-01-26,31.425772,76.421883,16.73,8.87,7.46,215.15,0.97,2.61,11.79,1.99
1016,RIVER SUTLEJ AT D/S BHAKHRA,RIVER,HIMACHAL PRADESH,2024-02-25,31.425772,76.421883,16.91,8.91,7.44,216.64,1.03,2.62,11.99,1.97
1016,RIVER SUTLEJ AT D/S BHAKHRA,RIVER,HIMACHAL PRADESH,2024-03-26,31.425772,76.421883,17.61,8.44,7.41,219.07,1.02,2.82,12.09,2.09
1016,RIVER SUTLEJ AT D/S BHAKHRA,RIVER,HIMACHAL PRADESH,2024-04-25,31.425772,76.421883,17.55,8.36,7.72,227.86,1.04,2.74,11.61,2.03
1016,RIVER SUTLEJ AT D/S BHAKHRA,RIVER,HIMACHAL PRADESH,2024-05-25,31.425772,76.421883,16.62,8.69,7.55,214.46,1.01,2.72,12.55,2.05
1016,RIVER SUTLEJ AT D/S BHAKHRA,RIVER,HIMACHAL PRADESH,2024-06-24,31.425772,76.421883,17.23,9.11,7.42,227.94,1.01,2.7,12.3,2.09
1016,RIVER SUTLEJ AT D/S BHAKHRA,RIVER,HIMACHAL PRADESH,2024-07-24,31.425772,76.421883,16.27,8.91,7.74,232.23,0.97,2.59,11.41,2.01
1016,RIVER SUTLEJ AT D/S BHAKHRA,RIVER,HIMACHAL PRADESH,2024-08-23,31.425772,76.421883,17.7,8.38,7.78,228.11,0.96,2.8,11.62,1.9
1016,RIVER SUTLEJ AT D/S BHAKHRA,RIVER,HIMACHAL PRADESH,2024-09-22,31.425772,76.421883,16.92,8.75,7.37,226.7,0.97,2.75,11.8,1.9
1016,RIVER SUTLEJ AT D/S BHAKHRA,RIVER,HIMACHAL PRADESH,2024-10-22,31.425772,76.421883,17.78,8.75,7.49,233.89,0.98,2.61,12.06,1.96
1016,RIVER SUTLEJ AT D/S BHAKHRA,RIVER,HIMACHAL PRADESH,2024-11-21,31.425772,76.421883,17.82,8.64,7.31,230.27,0.99,2.74,12.37,2.08
30010,RIVER SUTLEJ AT NOORPUR BEDI ROAD (PUNJAB),RIVER,PUNJAB,2023-01-01,31.035309,76.52233,17.26,9.41,7.17,257.47,2.09,0.53,27501.13,287.6
30010,RIVER SUTLEJ AT NOORPUR BEDI ROAD (PUNJAB),RIVER,PUNJAB,2023-01-31,31.035309,76.52233,17.57,9.29,7.64,245.63,2.05,0.52,28587.93,274.99
30010,RIVER SUTLEJ AT NOORPUR BEDI ROAD (PUNJAB),RIVER,PUNJAB,2023-03-02,31.035309,76.52233,18.1,9.92,7.62,268.0,1.94,0.52,27479.03,281.41
30010,RIVER SUTLEJ AT NOORPUR BEDI ROAD (PUNJAB),RIVER,PUNJAB,2023-04-01,31.035309,76.52233,16.68,9.24,7.38,259.57,1.99,0.51,26957.29,267.75
30010,RIVER SUTLEJ AT NOORPUR BEDI ROAD (PUNJAB),RIVER,PUNJAB,2023-05-01,31.035309,76.52233,17.49,9.15,7.38,265.31,2.02,0.52,28128.69,267.25
30010,RIVER SUTLEJ AT NOORPUR BEDI ROAD (PUNJAB),RIVER,PUNJAB,2023-05-31,31.035309,76.52233,17.22,9.3,7.43,260.38,2.04,0.5,28748.2,265.07
30010,RIVER SUTLEJ AT NOORPUR BEDI ROAD (PUNJAB),RIVER,PUNJAB,2023-06-30,31.035309,76.52233,17.98,9.31,7.76,248.01,2.02,0.53,27315.42,280.87
30010,RIVER SUTLEJ AT NOORPUR BEDI ROAD (PUNJAB),RIVER,PUNJAB,2023-07-30,31.035309,76.52233,17.87,9.6,7.62,265.92,1.94,0.52,28995.97,285.59
30010,RIVER SUTLEJ AT NOORPUR BEDI ROAD (PUNJAB),RIVER,PUNJAB,2023-08-29,31.035309,76.52233,17.56,9.38,7.21,269.98,2.09,0.52,27621.48,281.3
30010,RIVER SUTLEJ AT NOORPUR BEDI ROAD (PUNJAB),RIVER,PUNJAB,2023-09-28,31.035309,76.52233,17.33,9.94,7.48,249.24,1.94,0.52,29004.75,266.01
30010,RIVER SUTLEJ AT NOORPUR BEDI ROAD (PUNJAB),RIVER,PUNJAB,2023-10-28,31.035309,76.52233,18.1,9.58,7.77,253.21,2.02,0.5,28946.71,285.0
30010,RIVER SUTLEJ AT NOORPUR BEDI ROAD (PUNJAB),RIVER,PUNJAB,2023-11-27,31.035309,76.52233,18.09,9.15,7.51,258.4,1.98,0.53,27161.37,280.62
30010,RIVER SUTLEJ AT NOORPUR BEDI ROAD (PUNJAB),RIVER,PUNJAB,2023-12-27,31.035309,76.52233,17.58,9.61,7.51,245.79,2.06,0.5,27995.46,285.31
30010,RIVER SUTLEJ AT NOORPUR BEDI ROAD (PUNJAB),RIVER,PUNJAB,2024-01-26,31.035309,76.52233,18.14,9.27,7.56,257.89,2.1,0.54,28408.22,278.27
30010,RIVER SUTLEJ AT NOORPUR BEDI ROAD (PUNJAB),RIVER,PUNJAB,2024-02-25,31.035309,76.52233,16.91,9.35,7.36,256.56,2.06,0.54,27812.33,282.11
30010,RIVER SUTLEJ AT NOORPUR BEDI ROAD (PUNJAB),RIVER,PUNJAB,2024-03-26,31.035309,76.52233,17.42,9.82,7.48,265.58,1.95,0.53,28776.36,269.31
30010,RIVER SUTLEJ AT NOORPUR BEDI ROAD (PUNJAB),RIVER,PUNJAB,2024-04-25,31.035309,76.52233,16.93,9.71,7.17,268.51,1.95,0.54,29048.67,284.63
30010,RIVER SUTLEJ AT NOORPUR BEDI ROAD (PUNJAB),RIVER,PUNJAB,2024-05-25,31.035309,76.52233,18.25,9.97,7.41,260.61,1.92,0.53,26364.26,261.93
30010,RIVER SUTLEJ AT NOORPUR BEDI ROAD (PUNJAB),RIVER,PUNJAB,2024-06-24,31.035309,76.52233,16.88,9.95,7.77,262.38,1.97,0.52,28370.25,268.14
30010,RIVER SUTLEJ AT NOORPUR BEDI ROAD (PUNJAB),RIVER,PUNJAB,2024-07-24,31.035309,76.52233,17.41,9.19,7.05,269.35,2.0,0.54,28105.79,266.82
30010,RIVER SUTLEJ AT NOORPUR BEDI ROAD (PUNJAB),RIVER,PUNJAB,2024-08-23,31.035309,76.52233,17.11,9.73,7.46,251.67,1.99,0.51,28719.64,274.18
30010,RIVER SUTLEJ AT NOORPUR BEDI ROAD (PUNJAB),RIVER,PUNJAB,2024-09-22,31.035309,76.52233,18.07,9.23,7.42,257.14,1.97,0.51,26451.09,267.46
30010,RIVER SUTLEJ AT NOORPUR BEDI ROAD (PUNJAB),RIVER,PUNJAB,2024-10-22,31.035309,76.52233,17.9,9.53,7.07,254.33,2.08,0.52,27243.8,279.62
30010,RIVER SUTLEJ AT NOORPUR BEDI ROAD (PUNJAB),RIVER,PUNJAB,2024-11-21,31.035309,76.52233,16.83,9.72,7.37,245.8,2.02,0.54,29080.89,266.06
1814,"RIVER SUTLEJ AT D/S KIRATPUR SAHIB, PUNJAB",RIVER,PUNJAB,2023-01-01,31.182044,76.563547,14.59,8.82,7.74,244.01,1.02,1.45,322.5,
1814,"RIVER SUTLEJ AT D/S KIRATPUR SAHIB, PUNJAB",RIVER,PUNJAB,2023-01-31,31.182044,76.563547,15.04,8.75,8.27,241.56,1.0,1.55,319.67,
1814,"RIVER SUTLEJ AT D/S KIRATPUR SAHIB, PUNJAB",RIVER,PUNJAB,2023-03-02,31.182044,76.563547,14.65,8.42,7.85,228.57,1.02,1.51,304.78,
1814,"RIVER SUTLEJ AT D/S KIRATPUR SAHIB, PUNJAB",RIVER,PUNJAB,2023-04-01,31.182044,76.563547,14.73,8.42,7.97,244.31,1.01,1.51,306.71,
1814,"RIVER SUTLEJ AT D/S KIRATPUR SAHIB, PUNJAB",RIVER,PUNJAB,2023-05-01,31.182044,76.563547,13.92,8.41,8.03,224.65,0.99,1.44,303.33,
1814,"RIVER SUTLEJ AT D/S KIRATPUR SAHIB, PUNJAB",RIVER,PUNJAB,2023-05-31,31.182044,76.563547,14.4,8.04,7.71,226.65,0.91,1.39,318.84,
1814,"RIVER SUTLEJ AT D/S KIRATPUR SAHIB, PUNJAB",RIVER,PUNJAB,2023-06-30,31.182044,76.563547,13.23,8.37,7.87,221.95,0.92,1.4,317.39,
1814,"RIVER SUTLEJ AT D/S KIRATPUR SAHIB, PUNJAB",RIVER,PUNJAB,2023-07-30,31.182044,76.563547,13.15,7.82,7.43,214.34,0.9,1.48,301.17,
1814,"RIVER SUTLEJ AT D/S KIRATPUR SAHIB, PUNJAB",RIVER,PUNJAB,2023-08-29,31.182044,76.563547,13.32,8.23,7.88,218.49,0.91,1.38,284.37,
1814,"RIVER SUTLEJ AT D/S KIRATPUR SAHIB, PUNJAB",RIVER,PUNJAB,2023-09-28,31.182044,76.563547,13.23,7.75,7.4,220.55,0.88,1.39,287.72,
1814,"RIVER SUTLEJ AT D/S KIRATPUR SAHIB, PUNJAB",RIVER,PUNJAB,2023-10-28,31.182044,76.563547,13.11,7.73,7.67,212.71,0.88,1.35,298.49,
1814,"RIVER SUTLEJ AT D/S KIRATPUR SAHIB, PUNJAB",RIVER,PUNJAB,2023-11-27,31.182044,76.563547,12.81,7.73,7.34,228.2,0.95,1.32,299.67,
1814,"RIVER SUTLEJ AT D/S KIRATPUR SAHIB, PUNJAB",RIVER,PUNJAB,2023-12-27,31.182044,76.563547,13.16,8.18,7.32,214.89,0.87,1.29,282.89,
1814,"RIVER SUTLEJ AT D/S KIRATPUR SAHIB, PUNJAB",RIVER,PUNJAB,2024-01-26,31.182044,76.563547,12.63,7.7,7.11,205.01,0.91,1.28,297.65,
1814,"RIVER SUTLEJ AT D/S KIRATPUR SAHIB, PUNJAB",RIVER,PUNJAB,2024-02-25,31.182044,76.563547,12.34,7.52,7.38,203.56,0.93,1.33,294.25,
1814,"RIVER SUTLEJ AT D/S KIRATPUR SAHIB, PUNJAB",RIVER,PUNJAB,2024-03-26,31.182044,76.563547,12.09,7.68,6.84,208.56,0.9,1.28,278.38,
1814,"RIVER SUTLEJ AT D/S KIRATPUR SAHIB, PUNJAB",RIVER,PUNJAB,2024-04-25,31.182044,76.563547,12.94,7.69,6.77,207.67,0.85,1.36,289.04,
1814,"RIVER SUTLEJ AT D/S KIRATPUR SAHIB, PUNJAB",RIVER,PUNJAB,2024-05-25,31.182044,76.563547,12.29,7.37,7.04,210.29,0.9,1.26,271.39,
1814,"RIVER SUTLEJ AT D/S KIRATPUR SAHIB, PUNJAB",RIVER,PUNJAB,2024-06-24,31.182044,76.563547,12.15,7.53,6.96,212.39,0.87,1.35,277.49,
1814,"RIVER SUTLEJ AT D/S KIRATPUR SAHIB, PUNJAB",RIVER,PUNJAB,2024-07-24,31.182044,76.563547,12.52,6.93,7.07,197.98,0.84,1.31,263.32,
1814,"RIVER SUTLEJ AT D/S KIRATPUR SAHIB, PUNJAB",RIVER,PUNJAB,2024-08-23,31.182044,76.563547,12.71,7.56,6.89,192.0,0.87,1.21,275.53,
1814,"RIVER SUTLEJ AT D/S KIRATPUR SAHIB, PUNJAB",RIVER,PUNJAB,2024-09-22,31.182044,76.563547,11.44,7.5,6.47,188.77,0.78,1.3,256.19,
1814,"RIVER SUTLEJ AT D/S KIRATPUR SAHIB, PUNJAB",RIVER,PUNJAB,2024-10-22,31.182044,76.563547,12.58,7.13,6.73,196.88,0.82,1.24,269.1,
1814,"RIVER SUTLEJ AT D/S KIRATPUR SAHIB, PUNJAB",RIVER,PUNJAB,2024-11-21,31.182044,76.563547,11.67,7.37,6.88,202.49,0.85,1.17,256.27,
3052,"GUNTATHIPPA DRAIN B/C WITH RIVES CANAL AT RAMAVARAPPADU, VIJAYAWADA TOWN",DRAIN,ANDHRA PRADESH,2023-01-01,16.525092,80.68445,23.27,1.03,7.57,1866.18,27.54,6.81,462.11,3767.66
3052,"GUNTATHIPPA DRAIN B/C WITH RIVES CANAL AT RAMAVARAPPADU, VIJAYAWADA TOWN",DRAIN,ANDHRA PRADESH,2023-01-31,16.525092,80.68445,22.52,1.05,7.07,1835.71,27.53,7.39,455.51,3881.85
3052,"GUNTATHIPPA DRAIN B/C WITH RIVES CANAL AT RAMAVARAPPADU, VIJAYAWADA TOWN",DRAIN,ANDHRA PRADESH,2023-03-02,16.525092,80.68445,24.03,1.09,7.16,1905.17,28.46,6.81,469.92,3750.33
3052,"GUNTATHIPPA DRAIN B/C WITH RIVES CANAL AT RAMAVARAPPADU, VIJAYAWADA TOWN",DRAIN,ANDHRA PRADESH,2023-04-01,16.525092,80.68445,24.12,1.09,7.75,1911.14,27.78,7.19,458.26,3625.6
3052,"GUNTATHIPPA DRAIN B/C WITH RIVES CANAL AT RAMAVARAPPADU, VIJAYAWADA TOWN",DRAIN,ANDHRA PRADESH,2023-05-01,16.525092,80.68445,22.34,1.05,7.12,1972.88,28.2,7.12,459.43,3838.25
3052,"GUNTATHIPPA DRAIN B/C WITH RIVES CANAL AT RAMAVARAPPADU, VIJAYAWADA TOWN",DRAIN,ANDHRA PRADESH,2023-05-31,16.525092,80.68445,23.76,1.08,7.07,1994.4,26.23,7.34,472.11,3657.66
3052,"GUNTATHIPPA DRAIN B/C WITH RIVES CANAL AT RAMAVARAPPADU, VIJAYAWADA TOWN",DRAIN,ANDHRA PRADESH,2023-06-30,16.525092,80.68445,24.12,1.06,7.45,1975.82,26.67,6.96,468.58,3607.65
3052,"GUNTATHIPPA DRAIN B/C WITH RIVES CANAL AT RAMAVARAPPADU, VIJAYAWADA TOWN",DRAIN,ANDHRA PRADESH,2023-07-30,16.525092,80.68445,22.57,1.09,7.7,1884.58,28.04,7.18,471.11,3595.59
3052,"GUNTATHIPPA DRAIN B/C WITH RIVES CANAL AT RAMAVARAPPADU, VIJAYAWADA TOWN",DRAIN,ANDHRA PRADESH,2023-08-29,16.525092,80.68445,24.66,1.09,7.35,1944.13,27.58,7.08,464.58,3897.38
3052,"GUNTATHIPPA DRAIN B/C WITH RIVES CANAL AT RAMAVARAPPADU, VIJAYAWADA TOWN",DRAIN,ANDHRA PRADESH,2023-09-28,16.525092,80.68445,24.34,1.07,7.23,1838.15,26.95,7.23,435.22,3861.39
3052,"GUNTATHIPPA DRAIN B/C WITH RIVES CANAL AT RAMAVARAPPADU, VIJAYAWADA TOWN",DRAIN,ANDHRA PRADESH,2023-10-28,16.525092,80.68445,23.27,1.06,7.54,1946.5,28.34,7.48,450.22,3573.15
3052,"GUNTATHIPPA DRAIN B/C WITH RIVES CANAL AT RAMAVARAPPADU, VIJAYAWADA TOWN",DRAIN,ANDHRA PRADESH,2023-11-27,16.525092,80.68445,24.65,1.03,7.49,1823.79,28.43,7.45,461.41,3739.22
3052,"GUNTATHIPPA DRAIN B/C WITH RIVES CANAL AT RAMAVARAPPADU, VIJAYAWADA TOWN",DRAIN,ANDHRA PRADESH,2023-12-27,16.525092,80.68445,24.66,1.09,7.55,1820.4,26.51,6.97,463.21,3737.19
3052,"GUNTATHIPPA DRAIN B/C WITH RIVES CANAL AT RAMAVARAPPADU, VIJAYAWADA TOWN",DRAIN,ANDHRA PRADESH,2024-01-26,16.525092,80.68445,24.26,1.03,7.09,1927.83,26.5,7.21,476.43,3746.1
3052,"GUNTATHIPPA DRAIN B/C WITH RIVES CANAL AT RAMAVARAPPADU, VIJAYAWADA TOWN",DRAIN,ANDHRA PRADESH,2024-02-25,16.525092,80.68445,23.6,1.02,7.75,1994.77,26.83,7.13,456.2,3889.87
3052,"GUNTATHIPPA DRAIN B/C WITH RIVES CANAL AT RAMAVARAPPADU, VIJAYAWADA TOWN",DRAIN,ANDHRA PRADESH,2024-03-26,16.525092,80.68445,22.69,1.05,7.41,1903.43,28.64,6.87,455.85,3925.47
3052,"GUNTATHIPPA DRAIN B/C WITH RIVES CANAL AT RAMAVARAPPADU, VIJAYAWADA TOWN",DRAIN,ANDHRA PRADESH,2024-04-25,16.525092,80.68445,24.24,1.05,7.3,1905.58,28.42,6.99,474.59,3732.83
3052,"GUNTATHIPPA DRAIN B/C WITH RIVES CANAL AT RAMAVARAPPADU, VIJAYAWADA TOWN",DRAIN,ANDHRA PRADESH,2024-05-25,16.525092,80.68445,22.77,1.07,7.26,1898.1,28.11,7.05,438.09,3926.85
3052,"GUNTATHIPPA DRAIN B/C WITH RIVES CANAL AT RAMAVARAPPADU, VIJAYAWADA TOWN",DRAIN,ANDHRA PRADESH,2024-06-24,16.525092,80.68445,22.82,1.05,7.65,1829.12,27.23,6.89,451.12,3832.48
3052,"GUNTATHIPPA DRAIN B/C WITH RIVES CANAL AT RAMAVARAPPADU, VIJAYAWADA TOWN",DRAIN,ANDHRA PRADESH,2024-07-24,16.525092,80.68445,23.97,1.1,7.67,1890.88,27.79,7.25,456.27,3592.46
3052,"GUNTATHIPPA DRAIN B/C WITH RIVES CANAL AT RAMAVARAPPADU, VIJAYAWADA TOWN",DRAIN,ANDHRA PRADESH,2024-08-23,16.525092,80.68445,24.61,1.0,7.24,1977.57,28.22,7.4,442.96,3562.71
3052,"GUNTATHIPPA DRAIN B/C WITH RIVES CANAL AT RAMAVARAPPADU, VIJAYAWADA TOWN",DRAIN,ANDHRA PRADESH,2024-09-22,16.525092,80.68445,24.43,1.08,7.12,1982.68,27.75,7.21,453.76,3608.78
3052,"GUNTATHIPPA DRAIN B/C WITH RIVES CANAL AT RAMAVARAPPADU, VIJAYAWADA TOWN",DRAIN,ANDHRA PRADESH,2024-10-22,16.525092,80.68445,24.15,1.05,7.04,1914.29,27.16,6.87,473.66,3905.18
3052,"GUNTATHIPPA DRAIN B/C WITH RIVES CANAL AT RAMAVARAPPADU, VIJAYAWADA TOWN",DRAIN,ANDHRA PRADESH,2024-11-21,16.525092,80.68445,24.44,1.06,7.62,1879.69,28.23,7.4,460.04,3929.68
3053,"TULIA BAGH DRAIN AT MATLAPALEM (V), VEMULAVADA (M)",DRAIN,ANDHRA PRADESH,2023-01-01,16.875379,82.14765,24.22,5.94,7.28,12737.02,3.0,2.15,11.2,270.67
3053,"TULIA BAGH DRAIN AT MATLAPALEM (V), VEMULAVADA (M)",DRAIN,ANDHRA PRADESH,2023-01-31,16.875379,82.14765,25.36,6.13,6.73,12227.55,2.93,2.03,11.6,272.35
3053,"TULIA BAGH DRAIN AT MATLAPALEM (V), VEMULAVADA (M)",DRAIN,ANDHRA PRADESH,2023-03-02,16.875379,82.14765,24.8,5.78,6.94,12594.21,2.98,2.02,10.81,272.52
3053,"TULIA BAGH DRAIN AT MATLAPALEM (V), VEMULAVADA (M)",DRAIN,ANDHRA PRADESH,2023-04-01,16.875379,82.14765,23.93,5.95,6.67,11588.42,2.85,2.01,10.66,270.83
3053,"TULIA BAGH DRAIN AT MATLAPALEM (V), VEMULAVADA (M)",DRAIN,ANDHRA PRADESH,2023-05-01,16.875379,82.14765,23.7,5.81,6.85,12464.0,2.92,1.9,11.54,267.71
3053,"TULIA BAGH DRAIN AT MATLAPALEM (V), VEMULAVADA (M)",DRAIN,ANDHRA PRADESH,2023-05-31,16.875379,82.14765,23.41,5.61,7.06,11625.06,2.95,1.87,11.2,262.57
3053,"TULIA BAGH DRAIN AT MATLAPALEM (V), VEMULAVADA (M)",DRAIN,ANDHRA PRADESH,2023-06-30,16.875379,82.14765,22.84,5.54,6.9,12230.73,2.78,1.96,11.0,265.97
3053,"TULIA BAGH DRAIN AT MATLAPALEM (V), VEMULAVADA (M)",DRAIN,ANDHRA PRADESH,2023-07-30,16.875379,82.14765,22.33,5.64,6.67,11305.26,2.79,1.88,11.1,250.67
3053,"TULIA BAGH DRAIN AT MATLAPALEM (V), VEMULAVADA (M)",DRAIN,ANDHRA PRADESH,2023-08-29,16.875379,82.14765,22.38,5.52,6.37,11439.58,2.69,1.85,10.94,236.33
3053,"TULIA BAGH DRAIN AT MATLAPALEM (V), VEMULAVADA (M)",DRAIN,ANDHRA PRADESH,2023-09-28,16.875379,82.14765,22.28,5.54,6.39,11473.94,2.68,2.0,10.26,253.8
3053,"TULIA BAGH DRAIN AT MATLAPALEM (V), VEMULAVADA (M)",DRAIN,ANDHRA PRADESH,2023-10-28,16.875379,82.14765,23.83,5.39,6.44,12026.97,2.66,1.83,10.55,239.41
3053,"TULIA BAGH DRAIN AT MATLAPALEM (V), VEMULAVADA (M)",DRAIN,ANDHRA PRADESH,2023-11-27,16.875379,82.14765,21.55,5.42,6.55,10942.49,2.87,1.78,10.52,235.93
3053,"TULIA BAGH DRAIN AT MATLAPALEM (V), VEMULAVADA (M)",DRAIN,ANDHRA PRADESH,2023-12-27,16.875379,82.14765,22.11,5.02,6.79,11481.12,2.79,1.78,10.26,253.06
3053,"TULIA BAGH DRAIN AT MATLAPALEM (V), VEMULAVADA (M)",DRAIN,ANDHRA PRADESH,2024-01-26,16.875379,82.14765,23.14,5.48,6.59,11057.65,2.53,1.86,9.74,230.4
3053,"TULIA BAGH DRAIN AT MATLAPALEM (V), VEMULAVADA (M)",DRAIN,ANDHRA PRADESH,2024-02-25,16.875379,82.14765,21.26,5.47,6.67,11132.51,2.64,1.72,10.34,243.42
3053,"TULIA BAGH DRAIN AT MATLAPALEM (V), VEMULAVADA (M)",DRAIN,ANDHRA PRADESH,2024-03-26,16.875379,82.14765,22.62,5.16,6.4,10978.12,2.76,1.73,9.89,229.59
3053,"TULIA BAGH DRAIN AT MATLAPALEM (V), VEMULAVADA (M)",DRAIN,ANDHRA PRADESH,2024-04-25,16.875379,82.14765,21.52,5.29,6.32,11253.16,2.55,1.87,9.43,219.83
3053,"TULIA BAGH DRAIN AT MATLAPALEM (V), VEMULAVADA (M)",DRAIN,ANDHRA PRADESH,2024-05-25,16.875379,82.14765,21.99,5.28,6.49,11208.64,2.45,1.79,10.32,237.69
3053,"TULIA BAGH DRAIN AT MATLAPALEM (V), VEMULAVADA (M)",DRAIN,ANDHRA PRADESH,2024-06-24,16.875379,82.14765,20.07,5.23,6.0,11104.25,2.61,1.83,10.1,216.12
3053,"TULIA BAGH DRAIN AT MATLAPALEM (V), VEMULAVADA (M)",DRAIN,ANDHRA PRADESH,2024-07-24,16.875379,82.14765,21.26,4.77,6.14,10373.88,2.53,1.8,9.77,233.96
3053,"TULIA BAGH DRAIN AT MATLAPALEM (V), VEMULAVADA (M)",DRAIN,ANDHRA PRADESH,2024-08-23,16.875379,82.14765,20.43,4.83,5.66,9809.6,2.49,1.62,9.13,219.34
3053,"TULIA BAGH DRAIN AT MATLAPALEM (V), VEMULAVADA (M)",DRAIN,ANDHRA PRADESH,2024-09-22,16.875379,82.14765,21.13,4.86,5.91,10248.7,2.33,1.66,9.59,215.17
3053,"TULIA BAGH DRAIN AT MATLAPALEM (V), VEMULAVADA (M)",DRAIN,ANDHRA PRADESH,2024-10-22,16.875379,82.14765,20.01,4.63,5.57,10828.0,2.33,1.7,9.41,218.81
3053,"TULIA BAGH DRAIN AT MATLAPALEM (V), VEMULAVADA (M)",DRAIN,ANDHRA PRADESH,2024-11-21,16.875379,82.14765,20.88,4.88,5.47,9769.43,2.51,1.75,9.77,226.97
4861,"NEAR HUDA/ HSVP WATER WORKS, BASAI, GURUGRAM",WATER TREATMENT PLANT (RAW WATER),HARYANA,2023-01-01,28.463819,76.97367,26.84,7.12,7.51,1078.44,0.99,0.31,123.19,2429.89
4861,"NEAR HUDA/ HSVP WATER WORKS, BASAI, GURUGRAM",WATER TREATMENT PLANT (RAW WATER),HARYANA,2023-01-31,28.463819,76.97367,26.88,6.97,7.4,1136.11,1.01,0.29,116.99,2468.42
4861,"NEAR HUDA/ HSVP WATER WORKS, BASAI, GURUGRAM",WATER TREATMENT PLANT (RAW WATER),HARYANA,2023-03-02,28.463819,76.97367,25.62,7.08,7.54,1056.27,0.95,0.31,122.83,2249.48
4861,"NEAR HUDA/ HSVP WATER WORKS, BASAI, GURUGRAM",WATER TREATMENT PLANT (RAW WATER),HARYANA,2023-04-01,28.463819,76.97367,24.55,7.04,6.95,1029.55,0.94,0.29,117.93,2274.66
4861,"NEAR HUDA/ HSVP WATER WORKS, BASAI, GURUGRAM",WATER TREATMENT PLANT (RAW WATER),HARYANA,2023-05-01,28.463819,76.97367,23.91,7.41,6.96,1029.91,0.93,0.3,121.56,2217.07
4861,"NEAR HUDA/ HSVP WATER WORKS, BASAI, GURUGRAM",WATER TREATMENT PLANT (RAW WATER),HARYANA,2023-05-31,28.463819,76.97367,25.37,7.38,7.01,1118.51,0.96,0.27,115.58,2359.81
4861,"NEAR HUDA/ HSVP WATER WORKS, BASAI, GURUGRAM",WATER TREATMENT PLANT (RAW WATER),HARYANA,2023-06-30,28.463819,76.97367,25.18,7.19,7.28,1005.69,0.92,0.29,117.25,2319.27
4861,"NEAR HUDA/ HSVP WATER WORKS, BASAI, GURUGRAM",WATER TREATMENT PLANT (RAW WATER),HARYANA,2023-07-30,28.463819,76.97367,25.25,6.96,7.02,996.2,0.96,0.28,116.92,2339.21
4861,"NEAR HUDA/ HSVP WATER WORKS, BASAI, GURUGRAM",WATER TREATMENT PLANT (RAW WATER),HARYANA,2023-08-29,28.463819,76.97367,25.51,7.19,6.88,1072.24,0.94,0.28,114.98,2160.89
4861,"NEAR HUDA/ HSVP WATER WORKS, BASAI, GURUGRAM",WATER TREATMENT PLANT (RAW WATER),HARYANA,2023-09-28,28.463819,76.97367,24.23,6.91,6.79,1078.12,0.9,0.28,106.79,2200.58
4861,"NEAR HUDA/ HSVP WATER WORKS, BASAI, GURUGRAM",WATER TREATMENT PLANT (RAW WATER),HARYANA,2023-10-28,28.463819,76.97367,23.61,6.93,6.69,1043.46,0.88,0.28,105.44,2225.04
4861,"NEAR HUDA/ HSVP WATER WORKS, BASAI, GURUGRAM",WATER TREATMENT PLANT (RAW WATER),HARYANA,2023-11-27,28.463819,76.97367,22.39,6.57,6.41,996.75,0.92,0.28,108.47,2138.1
4861,"NEAR HUDA/ HSVP WATER WORKS, BASAI, GURUGRAM",WATER TREATMENT PLANT (RAW WATER),HARYANA,2023-12-27,28.463819,76.97367,24.28,6.51,7.02,1045.59,0.91,0.26,110.08,2198.7
4861,"NEAR HUDA/ HSVP WATER WORKS, BASAI, GURUGRAM",WATER TREATMENT PLANT (RAW WATER),HARYANA,2024-01-26,28.463819,76.97367,23.9,6.63,6.3,1002.86,0.93,0.26,105.2,2160.19
4861,"NEAR HUDA/ HSVP WATER WORKS, BASAI, GURUGRAM",WATER TREATMENT PLANT (RAW WATER),HARYANA,2024-02-25,28.463819,76.97367,21.82,6.53,6.83,967.85,0.89,0.25,107.15,2143.24
4861,"NEAR HUDA/ HSVP WATER WORKS, BASAI, GURUGRAM",WATER TREATMENT PLANT (RAW WATER),HARYANA,2024-03-26,28.463819,76.97367,22.12,6.16,6.59,1009.43,0.91,0.26,108.71,2088.95
4861,"NEAR HUDA/ HSVP WATER WORKS, BASAI, GURUGRAM",WATER TREATMENT PLANT (RAW WATER),HARYANA,2024-04-25,28.463819,76.97367,22.58,6.23,6.26,1016.31,0.86,0.26,108.37,2075.34
4861,"NEAR HUDA/ HSVP WATER WORKS, BASAI, GURUGRAM",WATER TREATMENT PLANT (RAW WATER),HARYANA,2024-05-25,28.463819,76.97367,21.04,6.47,6.49,945.3,0.85,0.25,98.9,2090.42
4861,"NEAR HUDA/ HSVP WATER WORKS, BASAI, GURUGRAM",WATER TREATMENT PLANT (RAW WATER),HARYANA,2024-06-24,28.463819,76.97367,22.28,6.32,5.98,995.99,0.87,0.24,104.63,2002.63
4861,"NEAR HUDA/ HSVP WATER WORKS, BASAI, GURUGRAM",WATER TREATMENT PLANT (RAW WATER),HARYANA,2024-07-24,28.463819,76.97367,21.63,6.12,6.27,956.59,0.83,0.26,99.14,1943.62
4861,"NEAR HUDA/ HSVP WATER WORKS, BASAI, GURUGRAM",WATER TREATMENT PLANT (RAW WATER),HARYANA,2024-08-23,28.463819,76.97367,20.98,6.31,5.82,971.32,0.79,0.25,96.37,2025.94
4861,"NEAR HUDA/ HSVP WATER WORKS, BASAI, GURUGRAM",WATER TREATMENT PLANT (RAW WATER),HARYANA,2024-09-22,28.463819,76.97367,22.18,6.27,6.47,929.18,0.8,0.26,99.36,1916.69
4861,"NEAR HUDA/ HSVP WATER WORKS, BASAI, GURUGRAM",WATER TREATMENT PLANT (RAW WATER),HARYANA,2024-10-22,28.463819,76.97367,21.96,6.04,6.29,906.42,0.86,0.24,102.89,1861.59
4861,"NEAR HUDA/ HSVP WATER WORKS, BASAI, GURUGRAM",WATER TREATMENT PLANT (RAW WATER),HARYANA,2024-11-21,28.463819,76.97367,22.26,5.63,5.75,851.82,0.81,0.24,91.02,2002.55
3047,WATER WORKS- GURGAON,WATER TREATMENT PLANT (RAW WATER),HARYANA,2023-01-01,28.461753,76.971806,28.38,6.96,7.87,1411.99,0.96,0.31,218.31,3794.31
3047,WATER WORKS- GURGAON,WATER TREATMENT PLANT (RAW WATER),HARYANA,2023-01-31,28.461753,76.971806,28.37,7.18,7.56,1407.49,0.98,0.31,211.11,3700.42
3047,WATER WORKS- GURGAON,WATER TREATMENT PLANT (RAW WATER),HARYANA,2023-03-02,28.461753,76.971806,28.37,6.73,7.4,1369.57,1.02,0.29,202.66,3766.56
3047,WATER WORKS- GURGAON,WATER TREATMENT PLANT (RAW WATER),HARYANA,2023-04-01,28.461753,76.971806,28.61,7.3,7.44,1306.77,0.96,0.28,212.66,3890.52
3047,WATER WORKS- GURGAON,WATER TREATMENT PLANT (RAW WATER),HARYANA,2023-05-01,28.461753,76.971806,26.8,6.74,7.23,1288.46,0.98,0.28,207.96,3900.86
3047,WATER WORKS- GURGAON,WATER TREATMENT PLANT (RAW WATER),HARYANA,2023-05-31,28.461753,76.971806,27.17,6.96,7.61,1277.97,0.92,0.27,196.13,3835.02
3047,WATER WORKS- GURGAON,WATER TREATMENT PLANT (RAW WATER),HARYANA,2023-06-30,28.461753,76.971806,27.64,6.83,7.41,1356.72,0.91,0.29,202.79,3532.98
3047,WATER WORKS- GURGAON,WATER TREATMENT PLANT (RAW WATER),HARYANA,2023-07-30,28.461753,76.971806,27.06,6.97,7.14,1242.61,0.9,0.29,194.84,3834.47
3047,WATER WORKS- GURGAON,WATER TREATMENT PLANT (RAW WATER),HARYANA,2023-08-29,28.461753,76.971806,26.96,6.96,6.98,1323.79,0.96,0.27,206.45,3764.49
3047,WATER WORKS- GURGAON,WATER TREATMENT PLANT (RAW WATER),HARYANA,2023-09-28,28.461753,76.971806,27.68,6.43,6.91,1231.54,0.9,0.28,183.88,3689.48
3047,WATER WORKS- GURGAON,WATER TREATMENT PLANT (RAW WATER),HARYANA,2023-10-28,28.461753,76.971806,25.99,6.22,6.91,1210.4,0.96,0.27,188.22,3428.53
3047,WATER WORKS- GURGAON,WATER TREATMENT PLANT (RAW WATER),HARYANA,2023-11-27,28.461753,76.971806,27.68,6.81,6.61,1263.72,0.88,0.26,196.52,3608.51
3047,WATER WORKS- GURGAON,WATER TREATMENT PLANT (RAW WATER),HARYANA,2023-12-27,28.461753,76.971806,24.8,6.22,6.79,1182.3,0.93,0.28,188.23,3693.95
3047,WATER WORKS- GURGAON,WATER TREATMENT PLANT (RAW WATER),HARYANA,2024-01-26,28.461753,76.971806,25.76,6.5,6.56,1239.48,0.91,0.26,191.8,3625.68
3047,WATER WORKS- GURGAON,WATER TREATMENT PLANT (RAW WATER),HARYANA,2024-02-25,28.461753,76.971806,26.31,6.44,6.75,1173.14,0.84,0.26,177.06,3473.62
3047,WATER WORKS- GURGAON,WATER TREATMENT PLANT (RAW WATER),HARYANA,2024-03-26,28.461753,76.971806,23.94,6.43,6.32,1192.83,0.89,0.27,187.31,3335.13
3047,WATER WORKS- GURGAON,WATER TREATMENT PLANT (RAW WATER),HARYANA,2024-04-25,28.461753,76.971806,24.83,6.13,6.26,1148.1,0.92,0.27,191.58,3207.45
3047,WATER WORKS- GURGAON,WATER TREATMENT PLANT (RAW WATER),HARYANA,2024-05-25,28.461753,76.971806,23.52,6.25,6.73,1165.51,0.88,0.27,183.86,3498.07
3047,WATER WORKS- GURGAON,WATER TREATMENT PLANT (RAW WATER),HARYANA,2024-06-24,28.461753,76.971806,24.39,6.23,6.66,1173.79,0.89,0.25,179.24,3137.29
3047,WATER WORKS- GURGAON,WATER TREATMENT PLANT (RAW WATER),HARYANA,2024-07-24,28.461753,76.971806,23.71,6.23,6.1,1208.97,0.81,0.24,176.69,3194.61
3047,WATER WORKS- GURGAON,WATER TREATMENT PLANT (RAW WATER),HARYANA,2024-08-23,28.461753,76.971806,23.91,6.28,6.53,1111.48,0.86,0.24,174.54,3220.23
3047,WATER WORKS- GURGAON,WATER TREATMENT PLANT (RAW WATER),HARYANA,2024-09-22,28.461753,76.971806,24.04,5.79,6.09,1171.59,0.78,0.25,175.74,3292.07
3047,WATER WORKS- GURGAON,WATER TREATMENT PLANT (RAW WATER),HARYANA,2024-10-22,28.461753,76.971806,24.3,5.83,6.53,1124.65,0.78,0.24,174.28,3060.51
3047,WATER WORKS- GURGAON,WATER TREATMENT PLANT (RAW WATER),HARYANA,2024-11-21,28.461753,76.971806,23.52,5.9,6.38,1156.78,0.77,0.24,173.1,3016.12
4464,ALHI KHAD NEAR INTAKE WSS AT VILL. NOG,DRAIN,HIMACHAL PRADESH,2023-01-01,31.3725,76.783889,20.33,8.9,7.56,373.87,1.03,1.38,52.24,324.19
4464,ALHI KHAD NEAR INTAKE WSS AT VILL. NOG,DRAIN,HIMACHAL PRADESH,2023-01-31,31.3725,76.783889,20.63,8.76,7.9,375.69,0.98,1.43,54.61,323.91
4464,ALHI KHAD NEAR INTAKE WSS AT VILL. NOG,DRAIN,HIMACHAL PRADESH,2023-03-02,31.3725,76.783889,21.4,8.74,7.59,369.23,0.96,1.51,53.1,338.68
4464,ALHI KHAD NEAR INTAKE WSS AT VILL. NOG,DRAIN,HIMACHAL PRADESH,2023-04-01,31.3725,76.783889,20.09,8.52,7.61,395.31,1.04,1.45,53.29,345.98
4464,ALHI KHAD NEAR INTAKE WSS AT VILL. NOG,DRAIN,HIMACHAL PRADESH,2023-05-01,31.3725,76.783889,21.35,8.44,7.66,393.47,1.0,1.38,50.68,322.0
4464,ALHI KHAD NEAR INTAKE WSS AT VILL. NOG,DRAIN,HIMACHAL PRADESH,2023-05-31,31.3725,76.783889,20.89,9.19,7.74,392.91,0.96,1.48,54.89,329.98
4464,ALHI KHAD NEAR INTAKE WSS AT VILL. NOG,DRAIN,HIMACHAL PRADESH,2023-06-30,31.3725,76.783889,19.53,8.51,7.28,362.4,1.02,1.49,51.08,334.51
4464,ALHI KHAD NEAR INTAKE WSS AT VILL. NOG,DRAIN,HIMACHAL PRADESH,2023-07-30,31.3725,76.783889,21.06,8.58,7.19,361.44,1.02,1.44,53.62,337.63
4464,ALHI KHAD NEAR INTAKE WSS AT VILL. NOG,DRAIN,HIMACHAL PRADESH,2023-08-29,31.3725,76.783889,21.22,8.98,7.38,384.37,1.05,1.5,50.62,339.55
4464,ALHI KHAD NEAR INTAKE WSS AT VILL. NOG,DRAIN,HIMACHAL PRADESH,2023-09-28,31.3725,76.783889,20.76,8.4,7.29,391.76,0.96,1.51,52.42,348.46
4464,ALHI KHAD NEAR INTAKE WSS AT VILL. NOG,DRAIN,HIMACHAL PRADESH,2023-10-28,31.3725,76.783889,20.91,8.54,7.73,380.75,1.02,1.41,53.72,338.67
4464,ALHI KHAD NEAR INTAKE WSS AT VILL. NOG,DRAIN,HIMACHAL PRADESH,2023-11-27,31.3725,76.783889,19.7,8.48,7.74,388.36,0.99,1.41,53.96,338.99
4464,ALHI KHAD NEAR INTAKE WSS AT VILL. NOG,DRAIN,HIMACHAL PRADESH,2023-12-27,31.3725,76.783889,20.91,8.67,7.85,369.68,1.04,1.47,51.89,320.96
4464,ALHI KHAD NEAR INTAKE WSS AT VILL. NOG,DRAIN,HIMACHAL PRADESH,2024-01-26,31.3725,76.783889,19.61,8.93,7.37,374.9,0.98,1.45,52.76,339.88
4464,ALHI KHAD NEAR INTAKE WSS AT VILL. NOG,DRAIN,HIMACHAL PRADESH,2024-02-25,31.3725,76.783889,20.26,8.75,7.72,377.07,1.02,1.43,53.25,333.42
4464,ALHI KHAD NEAR INTAKE WSS AT VILL. NOG,DRAIN,HIMACHAL PRADESH,2024-03-26,31.3725,76.783889,21.09,8.44,7.47,391.78,0.96,1.39,51.12,331.44
4464,ALHI KHAD NEAR INTAKE WSS AT VILL. NOG,DRAIN,HIMACHAL PRADESH,2024-04-25,31.3725,76.783889,20.13,8.96,7.58,392.22,1.01,1.39,50.39,351.54
4464,ALHI KHAD NEAR INTAKE WSS AT VILL. NOG,DRAIN,HIMACHAL PRADESH,2024-05-25,31.3725,76.783889,20.37,8.43,7.4,360.48,1.01,1.51,53.27,320.78
4464,ALHI KHAD NEAR INTAKE WSS AT VILL. NOG,DRAIN,HIMACHAL PRADESH,2024-06-24,31.3725,76.783889,20.37,8.36,7.67,384.47,0.98,1.4,50.96,346.14
4464,ALHI KHAD NEAR INTAKE WSS AT VILL. NOG,DRAIN,HIMACHAL PRADESH,2024-07-24,31.3725,76.783889,20.68,8.69,7.75,387.51,1.03,1.39,53.51,350.9
4464,ALHI KHAD NEAR INTAKE WSS AT VILL. NOG,DRAIN,HIMACHAL PRADESH,2024-08-23,31.3725,76.783889,20.23,8.61,7.22,374.8,1.03,1.42,51.99,323.33
4464,ALHI KHAD NEAR INTAKE WSS AT VILL. NOG,DRAIN,HIMACHAL PRADESH,2024-09-22,31.3725,76.783889,21.2,8.46,7.45,361.03,0.96,1.45,53.88,338.74
4464,ALHI KHAD NEAR INTAKE WSS AT VILL. NOG,DRAIN,HIMACHAL PRADESH,2024-10-22,31.3725,76.783889,19.99,8.72,7.82,368.01,0.98,1.51,54.64,329.66
4464,ALHI KHAD NEAR INTAKE WSS AT VILL. NOG,DRAIN,HIMACHAL PRADESH,2024-11-21,31.3725,76.783889,21.35,8.81,7.79,361.9,1.01,1.38,52.41,344.32
3868,BARAGRAM NALLAH BEFORE CONFLUENCE TO RIVER BEAS,DRAIN,HIMACHAL PRADESH,2023-01-01,32.138571,77.153347,6.84,7.88,7.06,75.75,1.05,0.48,40.58,174.61
3868,BARAGRAM NALLAH BEFORE CONFLUENCE TO RIVER BEAS,DRAIN,HIMACHAL PRADESH,2023-01-31,32.138571,77.153347,7.23,8.4,7.76,76.9,0.96,0.51,39.44,172.5
3868,BARAGRAM NALLAH BEFORE CONFLUENCE TO RIVER BEAS,DRAIN,HIMACHAL PRADESH,2023-03-02,32.138571,77.153347,7.35,7.89,7.04,80.68,1.04,0.5,40.9,170.45
3868,BARAGRAM NALLAH BEFORE CONFLUENCE TO RIVER BEAS,DRAIN,HIMACHAL PRADESH,2023-04-01,32.138571,77.153347,7.34,8.22,7.35,79.53,0.96,0.5,40.41,169.48
3868,BARAGRAM NALLAH BEFORE CONFLUENCE TO RIVER BEAS,DRAIN,HIMACHAL PRADESH,2023-05-01,32.138571,77.153347,7.33,7.83,7.24,79.43,0.97,0.49,39.3,165.19
3868,BARAGRAM NALLAH BEFORE CONFLUENCE TO RIVER BEAS,DRAIN,HIMACHAL PRADESH,2023-05-31,32.138571,77.153347,6.96,8.27,7.13,74.95,0.99,0.52,40.45,176.06
3868,BARAGRAM NALLAH BEFORE CONFLUENCE TO RIVER BEAS,DRAIN,HIMACHAL PRADESH,2023-06-30,32.138571,77.153347,6.67,7.79,7.41,78.53,0.95,0.49,37.77,165.62
3868,BARAGRAM NALLAH BEFORE CONFLUENCE TO RIVER BEAS,DRAIN,HIMACHAL PRADESH,2023-07-30,32.138571,77.153347,7.21,8.23,7.5,77.0,0.99,0.5,39.94,173.62
3868,BARAGRAM NALLAH BEFORE CONFLUENCE TO RIVER BEAS,DRAIN,HIMACHAL PRADESH,2023-08-29,32.138571,77.153347,6.84,8.08,7.27,78.77,0.99,0.52,37.6,170.54
3868,BARAGRAM NALLAH BEFORE CONFLUENCE TO RIVER BEAS,DRAIN,HIMACHAL PRADESH,2023-09-28,32.138571,77.153347,6.74,8.1,7.72,74.86,1.01,0.51,40.93,173.59
3868,BARAGRAM NALLAH BEFORE CONFLUENCE TO RIVER BEAS,DRAIN,HIMACHAL PRADESH,2023-10-28,32.138571,77.153347,7.31,8.14,7.39,74.88,1.04,0.52,38.75,171.81
3868,BARAGRAM NALLAH BEFORE CONFLUENCE TO RIVER BEAS,DRAIN,HIMACHAL PRADESH,2023-11-27,32.138571,77.153347,7.02,8.16,7.27,77.84,0.97,0.5,41.24,168.68
3868,BARAGRAM NALLAH BEFORE CONFLUENCE TO RIVER BEAS,DRAIN,HIMACHAL PRADESH,2023-12-27,32.138571,77.153347,7.24,7.81,7.6,80.76,1.0,0.5,39.55,166.78
3868,BARAGRAM NALLAH BEFORE CONFLUENCE TO RIVER BEAS,DRAIN,HIMACHAL PRADESH,2024-01-26,32.138571,77.153347,6.99,8.19,7.66,74.82,1.0,0.51,38.32,173.92
3868,BARAGRAM NALLAH BEFORE CONFLUENCE TO RIVER BEAS,DRAIN,HIMACHAL PRADESH,2024-02-25,32.138571,77.153347,6.99,8.16,7.26,79.27,0.98,0.48,40.99,177.08
3868,BARAGRAM NALLAH BEFORE CONFLUENCE TO RIVER BEAS,DRAIN,HIMACHAL PRADESH,2024-03-26,32.138571,77.153347,7.09,7.97,7.39,76.3,1.04,0.51,41.18,171.6
3868,BARAGRAM NALLAH BEFORE CONFLUENCE TO RIVER BEAS,DRAIN,HIMACHAL PRADESH,2024-04-25,32.138571,77.153347,6.83,8.12,7.65,76.41,1.0,0.51,40.97,177.38
3868,BARAGRAM NALLAH BEFORE CONFLUENCE TO RIVER BEAS,DRAIN,HIMACHAL PRADESH,2024-05-25,32.138571,77.153347,7.14,8.16,7.55,81.79,1.02,0.49,40.17,173.56
3868,BARAGRAM NALLAH BEFORE CONFLUENCE TO RIVER BEAS,DRAIN,HIMACHAL PRADESH,2024-06-24,32.138571,77.153347,6.65,7.82,7.37,74.26,0.99,0.52,40.09,165.12
3868,BARAGRAM NALLAH BEFORE CONFLUENCE TO RIVER BEAS,DRAIN,HIMACHAL PRADESH,2024-07-24,32.138571,77.153347,7.02,7.91,7.35,77.92,0.98,0.5,38.57,164.04
3868,BARAGRAM NALLAH BEFORE CONFLUENCE TO RIVER BEAS,DRAIN,HIMACHAL PRADESH,2024-08-23,32.138571,77.153347,7.28,7.85,7.66,79.2,1.05,0.48,38.64,168.93
3868,BARAGRAM NALLAH BEFORE CONFLUENCE TO RIVER BEAS,DRAIN,HIMACHAL PRADESH,2024-09-22,32.138571,77.153347,7.18,8.02,7.71,74.54,1.0,0.5,39.43,171.03
3868,BARAGRAM NALLAH BEFORE CONFLUENCE TO RIVER BEAS,DRAIN,HIMACHAL PRADESH,2024-10-22,32.138571,77.153347,7.25,8.59,7.73,76.67,1.01,0.49,37.79,173.69
3868,BARAGRAM NALLAH BEFORE CONFLUENCE TO RIVER BEAS,DRAIN,HIMACHAL PRADESH,2024-11-21,32.138571,77.153347,6.94,8.22,7.59,78.33,1.04,0.52,41.06,162.27
3881,"BHATIAN NALLAH D/S SARA TEXTILE, NALAGARH",DRAIN,HIMACHAL PRADESH,2023-01-01,31.030967,76.66358,19.75,4.99,7.68,2808.51,10.34,6.01,771.15,852.28
3881,"BHATIAN NALLAH D/S SARA TEXTILE, NALAGARH",DRAIN,HIMACHAL PRADESH,2023-01-31,31.030967,76.66358,20.42,4.84,7.88,2904.71,10.68,6.12,794.27,791.11
3881,"BHATIAN NALLAH D/S SARA TEXTILE, NALAGARH",DRAIN,HIMACHAL PRADESH,2023-03-02,31.030967,76.66358,20.99,4.88,7.89,3004.76,10.11,6.33,771.83,837.23
3881,"BHATIAN NALLAH D/S SARA TEXTILE, NALAGARH",DRAIN,HIMACHAL PRADESH,2023-04-01,31.030967,76.66358,19.47,5.01,7.44,2777.0,10.03,6.28,782.07,819.7
3881,"BHATIAN NALLAH D/S SARA TEXTILE, NALAGARH",DRAIN,HIMACHAL PRADESH,2023-05-01,31.030967,76.66358,20.63,5.21,7.82,2979.12,10.57,6.02,775.28,818.53
3881,"BHATIAN NALLAH D/S SARA TEXTILE, NALAGARH",DRAIN,HIMACHAL PRADESH,2023-05-31,31.030967,76.66358,19.05,5.14,7.85,2785.72,10.17,5.78,769.98,839.27
3881,"BHATIAN NALLAH D/S SARA TEXTILE, NALAGARH",DRAIN,HIMACHAL PRADESH,2023-06-30,31.030967,76.66358,20.65,4.96,7.55,2874.23,10.51,5.76,808.39,784.71
3881,"BHATIAN NALLAH D/S SARA TEXTILE, NALAGARH",DRAIN,HIMACHAL PRADESH,2023-07-30,31.030967,76.66358,19.59,5.19,8.01,2851.41,10.16,5.78,804.15,851.5
3881,"BHATIAN NALLAH D/S SARA TEXTILE, NALAGARH",DRAIN,HIMACHAL PRADESH,2023-08-29,31.030967,76.66358,19.01,4.82,7.49,2944.95,10.53,6.2,779.76,776.37
3881,"BHATIAN NALLAH D/S SARA TEXTILE, NALAGARH",DRAIN,HIMACHAL PRADESH,2023-09-28,31.030967,76.66358,19.45,5.16,7.82,2831.07,10.03,6.14,822.08,798.67
3881,"BHATIAN NALLAH D/S SARA TEXTILE, NALAGARH",DRAIN,HIMACHAL PRADESH,2023-10-28,31.030967,76.66358,20.77,5.1,8.13,2871.82,10.1,6.32,794.96,811.86
3881,"BHATIAN NALLAH D/S SARA TEXTILE, NALAGARH",DRAIN,HIMACHAL PRADESH,2023-11-27,31.030967,76.66358,20.4,4.94,7.86,2825.97,10.47,6.12,827.21,821.03
3881,"BHATIAN NALLAH D/S SARA TEXTILE, NALAGARH",DRAIN,HIMACHAL PRADESH,2023-12-27,31.030967,76.66358,20.94,4.95,7.74,2870.29,10.22,5.9,799.14,833.53
3881,"BHATIAN NALLAH D/S SARA TEXTILE, NALAGARH",DRAIN,HIMACHAL PRADESH,2024-01-26,31.030967,76.66358,20.24,4.87,8.17,2979.77,10.56,6.31,822.16,785.69
3881,"BHATIAN NALLAH D/S SARA TEXTILE, NALAGARH",DRAIN,HIMACHAL PRADESH,2024-02-25,31.030967,76.66358,19.74,5.18,7.8,2876.69,10.82,6.21,818.35,827.39
3881,"BHATIAN NALLAH D/S SARA TEXTILE, NALAGARH",DRAIN,HIMACHAL PRADESH,2024-03-26,31.030967,76.66358,20.94,5.1,7.71,2987.77,10.94,6.09,768.97,805.39
3881,"BHATIAN NALLAH D/S SARA TEXTILE, NALAGARH",DRAIN,HIMACHAL PRADESH,2024-04-25,31.030967,76.66358,19.52,4.8,8.16,2843.89,10.96,6.35,827.41,847.95
3881,"BHATIAN NALLAH D/S SARA TEXTILE, NALAGARH",DRAIN,HIMACHAL PRADESH,2024-05-25,31.030967,76.66358,19.25,4.78,7.77,2924.32,10.61,5.77,801.97,851.76
3881,"BHATIAN NALLAH D/S SARA TEXTILE, NALAGARH",DRAIN,HIMACHAL PRADESH,2024-06-24,31.030967,76.66358,20.95,5.21,7.64,2866.29,10.25,6.32,807.39,773.34
3881,"BHATIAN NALLAH D/S SARA TEXTILE, NALAGARH",DRAIN,HIMACHAL PRADESH,2024-07-24,31.030967,76.66358,19.01,5.22,8.05,2856.36,10.42,5.82,762.11,819.82
3881,"BHATIAN NALLAH D/S SARA TEXTILE, NALAGARH",DRAIN,HIMACHAL PRADESH,2024-08-23,31.030967,76.66358,20.04,4.81,7.59,2884.22,10.77,6.09,790.52,794.53
3881,"BHATIAN NALLAH D/S SARA TEXTILE, NALAGARH",DRAIN,HIMACHAL PRADESH,2024-09-22,31.030967,76.66358,20.21,5.12,7.7,2835.29,10.21,6.0,802.86,789.74
3881,"BHATIAN NALLAH D/S SARA TEXTILE, NALAGARH",DRAIN,HIMACHAL PRADESH,2024-10-22,31.030967,76.66358,20.46,5.25,7.57,2902.35,10.58,6.29,820.22,807.2
3881,"BHATIAN NALLAH D/S SARA TEXTILE, NALAGARH",DRAIN,HIMACHAL PRADESH,2024-11-21,31.030967,76.66358,19.97,5.16,7.91,2944.56,10.61,5.78,779.25,837.83
3879,"BHATIAN NALLAH U/S BHATIAN VILLAGE, NEAR TVS INDUSTRY, NALAGARH",DRAIN,HIMACHAL PRADESH,2023-01-01,31.062396,76.681898,18.68,3.32,7.26,4195.32,45.97,3.97,787.99,866.11
3879,"BHATIAN NALLAH U/S BHATIAN VILLAGE, NEAR TVS INDUSTRY, NALAGARH",DRAIN,HIMACHAL PRADESH,2023-01-31,31.062396,76.681898,17.67,3.13,7.41,4282.32,44.76,4.02,827.4,842.41
3879,"BHATIAN NALLAH U/S BHATIAN VILLAGE, NEAR TVS INDUSTRY, NALAGARH",DRAIN,HIMACHAL PRADESH,2023-03-02,31.062396,76.681898,18.16,3.37,7.97,4240.54,44.36,3.91,826.07,897.25
3879,"BHATIAN NALLAH U/S BHATIAN VILLAGE, NEAR TVS INDUSTRY, NALAGARH",DRAIN,HIMACHAL PRADESH,2023-04-01,31.062396,76.681898,18.73,3.29,7.5,3925.53,46.49,3.75,810.23,875.36
3879,"BHATIAN NALLAH U/S BHATIAN VILLAGE, NEAR TVS INDUSTRY, NALAGARH",DRAIN,HIMACHAL PRADESH,2023-05-01,31.062396,76.681898,18.16,3.32,7.82,3981.89,45.34,3.78,766.32,900.36
3879,"BHATIAN NALLAH U/S BHATIAN VILLAGE, NEAR TVS INDUSTRY, NALAGARH",DRAIN,HIMACHAL PRADESH,2023-05-31,31.062396,76.681898,18.49,3.17,7.53,4076.67,43.86,3.97,805.88,832.6
3879,"BHATIAN NALLAH U/S BHATIAN VILLAGE, NEAR TVS INDUSTRY, NALAGARH",DRAIN,HIMACHAL PRADESH,2023-06-30,31.062396,76.681898,19.06,3.16,7.66,4068.21,45.74,3.93,821.08,902.66
3879,"BHATIAN NALLAH U/S BHATIAN VILLAGE, NEAR TVS INDUSTRY, NALAGARH",DRAIN,HIMACHAL PRADESH,2023-07-30,31.062396,76.681898,18.64,3.24,7.86,4290.37,44.37,4.07,814.83,857.44
3879,"BHATIAN NALLAH U/S BHATIAN VILLAGE, NEAR TVS INDUSTRY, NALAGARH",DRAIN,HIMACHAL PRADESH,2023-08-29,31.062396,76.681898,19.06,3.13,7.85,3919.3,45.91,3.76,828.13,887.75
3879,"BHATIAN NALLAH U/S BHATIAN VILLAGE, NEAR TVS INDUSTRY, NALAGARH",DRAIN,HIMACHAL PRADESH,2023-09-28,31.062396,76.681898,19.07,3.31,7.79,4142.98,46.53,4.04,775.18,838.7
3879,"BHATIAN NALLAH U/S BHATIAN VILLAGE, NEAR TVS INDUSTRY, NALAGARH",DRAIN,HIMACHAL PRADESH,2023-10-28,31.062396,76.681898,18.01,3.1,7.87,4295.76,45.74,3.75,798.93,908.08
3879,"BHATIAN NALLAH U/S BHATIAN VILLAGE, NEAR TVS INDUSTRY, NALAGARH",DRAIN,HIMACHAL PRADESH,2023-11-27,31.062396,76.681898,18.35,3.18,7.46,4095.63,46.24,3.8,830.9,867.17
3879,"BHATIAN NALLAH U/S BHATIAN VILLAGE, NEAR TVS INDUSTRY, NALAGARH",DRAIN,HIMACHAL PRADESH,2023-12-27,31.062396,76.681898,17.96,3.12,7.73,4026.38,44.39,4.01,763.45,901.46
3879,"BHATIAN NALLAH U/S BHATIAN VILLAGE, NEAR TVS INDUSTRY, NALAGARH",DRAIN,HIMACHAL PRADESH,2024-01-26,31.062396,76.681898,17.85,3.38,7.3,4266.72,43.64,3.79,826.92,896.86
3879,"BHATIAN NALLAH U/S BHATIAN VILLAGE, NEAR TVS INDUSTRY, NALAGARH",DRAIN,HIMACHAL PRADESH,2024-02-25,31.062396,76.681898,18.94,3.24,7.23,3910.22,44.54,3.86,770.41,847.99
3879,"BHATIAN NALLAH U/S BHATIAN VILLAGE, NEAR TVS INDUSTRY, NALAGARH",DRAIN,HIMACHAL PRADESH,2024-03-26,31.062396,76.681898,18.23,3.12,7.96,4283.97,43.6,3.92,797.51,851.07
3879,"BHATIAN NALLAH U/S BHATIAN VILLAGE, NEAR TVS INDUSTRY, NALAGARH",DRAIN,HIMACHAL PRADESH,2024-04-25,31.062396,76.681898,18.79,3.11,7.71,4053.06,45.31,3.82,827.04,857.27
3879,"BHATIAN NALLAH U/S BHATIAN VILLAGE, NEAR TVS INDUSTRY, NALAGARH",DRAIN,HIMACHAL PRADESH,2024-05-25,31.062396,76.681898,18.42,3.37,7.51,4297.3,45.86,4.08,783.93,901.31
3879,"BHATIAN NALLAH U/S BHATIAN VILLAGE, NEAR TVS INDUSTRY, NALAGARH",DRAIN,HIMACHAL PRADESH,2024-06-24,31.062396,76.681898,18.65,3.14,7.71,3975.56,44.22,3.84,797.63,834.49
3879,"BHATIAN NALLAH U/S BHATIAN VILLAGE, NEAR TVS INDUSTRY, NALAGARH",DRAIN,HIMACHAL PRADESH,2024-07-24,31.062396,76.681898,18.1,3.36,7.29,3937.36,45.21,4.08,796.8,873.95
3879,"BHATIAN NALLAH U/S BHATIAN VILLAGE, NEAR TVS INDUSTRY, NALAGARH",DRAIN,HIMACHAL PRADESH,2024-08-23,31.062396,76.681898,18.15,3.11,7.39,3937.98,43.91,3.72,791.49,823.73
3879,"BHATIAN NALLAH U/S BHATIAN VILLAGE, NEAR TVS INDUSTRY, NALAGARH",DRAIN,HIMACHAL PRADESH,2024-09-22,31.062396,76.681898,17.77,3.09,7.31,3954.82,45.16,3.91,832.55,870.2
3879,"BHATIAN NALLAH U/S BHATIAN VILLAGE, NEAR TVS INDUSTRY, NALAGARH",DRAIN,HIMACHAL PRADESH,2024-10-22,31.062396,76.681898,17.99,3.18,7.52,4063.0,44.99,3.92,780.81,899.47
3879,"BHATIAN NALLAH U/S BHATIAN VILLAGE, NEAR TVS INDUSTRY, NALAGARH",DRAIN,HIMACHAL PRADESH,2024-11-21,31.062396,76.681898,18.26,3.23,7.6,4093.94,44.36,3.94,775.9,840.87
4425,RAW WATER FOR LWSS OF CHURAT NALLAH,DRAIN,HIMACHAL PRADESH,2023-01-01,31.106236,77.222166,11.46,8.68,8.08,171.05,0.99,2.21,36.72,816.11
4425,RAW WATER FOR LWSS OF CHURAT NALLAH,DRAIN,HIMACHAL PRADESH,2023-01-31,31.106236,77.222166,11.5,8.17,8.16,164.35,0.98,2.1,39.72,834.0
4425,RAW WATER FOR LWSS OF CHURAT NALLAH,DRAIN,HIMACHAL PRADESH,2023-03-02,31.106236,77.222166,11.26,8.8,7.83,161.56,1.05,2.2,37.86,847.02
4425,RAW WATER FOR LWSS OF CHURAT NALLAH,DRAIN,HIMACHAL PRADESH,2023-04-01,31.106236,77.222166,11.63,8.65,8.22,166.72,1.01,2.25,39.42,848.68
4425,RAW WATER FOR LWSS OF CHURAT NALLAH,DRAIN,HIMACHAL PRADESH,2023-05-01,31.106236,77.222166,11.39,8.2,8.14,168.18,1.04,2.06,37.03,851.93
4425,RAW WATER FOR LWSS OF CHURAT NALLAH,DRAIN,HIMACHAL PRADESH,2023-05-31,31.106236,77.222166,11.38,8.57,8.08,159.42,1.01,2.22,39.73,800.91
4425,RAW WATER FOR LWSS OF CHURAT NALLAH,DRAIN,HIMACHAL PRADESH,2023-06-30,31.106236,77.222166,11.28,8.51,7.53,163.75,1.03,2.22,38.52,843.55
4425,RAW WATER FOR LWSS OF CHURAT NALLAH,DRAIN,HIMACHAL PRADESH,2023-07-30,31.106236,77.222166,11.41,8.87,7.76,166.96,1.01,2.05,36.92,820.7
4425,RAW WATER FOR LWSS OF CHURAT NALLAH,DRAIN,HIMACHAL PRADESH,2023-08-29,31.106236,77.222166,11.16,8.67,7.64,166.62,0.99,2.21,39.01,792.09
4425,RAW WATER FOR LWSS OF CHURAT NALLAH,DRAIN,HIMACHAL PRADESH,2023-09-28,31.106236,77.222166,11.56,8.28,7.74,162.83,0.98,2.13,37.95,835.6
4425,RAW WATER FOR LWSS OF CHURAT NALLAH,DRAIN,HIMACHAL PRADESH,2023-10-28,31.106236,77.222166,11.09,8.54,7.97,173.49,1.04,2.06,37.94,796.13
4425,RAW WATER FOR LWSS OF CHURAT NALLAH,DRAIN,HIMACHAL PRADESH,2023-11-27,31.106236,77.222166,11.25,8.85,7.82,173.18,1.04,2.23,38.58,800.52
4425,RAW WATER FOR LWSS OF CHURAT NALLAH,DRAIN,HIMACHAL PRADESH,2023-12-27,31.106236,77.222166,11.41,8.56,7.85,161.61,1.03,2.16,37.42,849.08
4425,RAW WATER FOR LWSS OF CHURAT NALLAH,DRAIN,HIMACHAL PRADESH,2024-01-26,31.106236,77.222166,11.4,8.23,7.89,168.56,0.98,2.1,39.33,789.39
4425,RAW WATER FOR LWSS OF CHURAT NALLAH,DRAIN,HIMACHAL PRADESH,2024-02-25,31.106236,77.222166,11.2,8.65,7.62,163.72,1.04,2.16,37.24,836.79
4425,RAW WATER FOR LWSS OF CHURAT NALLAH,DRAIN,HIMACHAL PRADESH,2024-03-26,31.106236,77.222166,11.26,8.27,7.58,164.36,0.99,2.22,37.59,835.31
4425,RAW WATER FOR LWSS OF CHURAT NALLAH,DRAIN,HIMACHAL PRADESH,2024-04-25,31.106236,77.222166,11.09,8.1,8.1,174.57,0.99,2.19,39.46,827.56
4425,RAW WATER FOR LWSS OF CHURAT NALLAH,DRAIN,HIMACHAL PRADESH,2024-05-25,31.106236,77.222166,11.12,8.35,7.86,161.05,0.98,2.24,37.99,773.88
4425,RAW WATER FOR LWSS OF CHURAT NALLAH,DRAIN,HIMACHAL PRADESH,2024-06-24,31.106236,77.222166,11.42,8.54,8.0,169.38,1.04,2.23,37.49,800.74
4425,RAW WATER FOR LWSS OF CHURAT NALLAH,DRAIN,HIMACHAL PRADESH,2024-07-24,31.106236,77.222166,11.47,8.11,8.19,161.77,0.97,2.14,37.24,851.3
4425,RAW WATER FOR LWSS OF CHURAT NALLAH,DRAIN,HIMACHAL PRADESH,2024-08-23,31.106236,77.222166,11.94,8.47,8.15,170.14,0.98,2.24,38.71,849.84
4425,RAW WATER FOR LWSS OF CHURAT NALLAH,DRAIN,HIMACHAL PRADESH,2024-09-22,31.106236,77.222166,11.0,8.62,8.03,172.6,1.02,2.11,38.49,795.13
4425,RAW WATER FOR LWSS OF CHURAT NALLAH,DRAIN,HIMACHAL PRADESH,2024-10-22,31.106236,77.222166,10.93,8.89,8.06,169.25,0.99,2.05,40.38,825.5
4425,RAW WATER FOR LWSS OF CHURAT NALLAH,DRAIN,HIMACHAL PRADESH,2024-11-21,31.106236,77.222166,11.99,8.7,8.15,166.02,1.04,2.06,39.68,791.91
4463,DHANESHAR NALLAH (U/S SAINJ WATER SUPPLY SCHEME) NEAR GYASI MATA MANDIR,DRAIN,HIMACHAL PRADESH,2023-01-01,31.772254,77.312634,14.67,7.7,8.02,424.28,0.98,1.24,23.69,798.08
4463,DHANESHAR NALLAH (U/S SAINJ WATER SUPPLY SCHEME) NEAR GYASI MATA MANDIR,DRAIN,HIMACHAL PRADESH,2023-01-31,31.772254,77.312634,13.86,7.79,7.77,460.87,1.01,1.22,24.04,789.44
4463,DHANESHAR NALLAH (U/S SAINJ WATER SUPPLY SCHEME) NEAR GYASI MATA MANDIR,DRAIN,HIMACHAL PRADESH,2023-03-02,31.772254,77.312634,13.78,7.9,8.23,439.06,1.04,1.23,22.9,831.08
4463,DHANESHAR NALLAH (U/S SAINJ WATER SUPPLY SCHEME) NEAR GYASI MATA MANDIR,DRAIN,HIMACHAL PRADESH,2023-04-01,31.772254,77.312634,13.97,7.43,8.22,460.3,1.04,1.22,24.11,769.74
4463,DHANESHAR NALLAH (U/S SAINJ WATER SUPPLY SCHEME) NEAR GYASI MATA MANDIR,DRAIN,HIMACHAL PRADESH,2023-05-01,31.772254,77.312634,14.23,7.55,8.45,432.2,1.04,1.27,24.67,820.84
4463,DHANESHAR NALLAH (U/S SAINJ WATER SUPPLY SCHEME) NEAR GYASI MATA MANDIR,DRAIN,HIMACHAL PRADESH,2023-05-31,31.772254,77.312634,14.69,7.66,8.0,425.25,0.97,1.25,25.16,816.82
4463,DHANESHAR NALLAH (U/S SAINJ WATER SUPPLY SCHEME) NEAR GYASI MATA MANDIR,DRAIN,HIMACHAL PRADESH,2023-06-30,31.772254,77.312634,14.46,7.36,7.99,422.24,0.98,1.23,24.62,815.46
4463,DHANESHAR NALLAH (U/S SAINJ WATER SUPPLY SCHEME) NEAR GYASI MATA MANDIR,DRAIN,HIMACHAL PRADESH,2023-07-30,31.772254,77.312634,14.26,8.01,7.75,436.42,1.0,1.21,22.93,790.08
4463,DHANESHAR NALLAH (U/S SAINJ WATER SUPPLY SCHEME) NEAR GYASI MATA MANDIR,DRAIN,HIMACHAL PRADESH,2023-08-29,31.772254,77.312634,13.45,7.31,7.82,436.5,1.03,1.29,24.73,827.85
4463,DHANESHAR NALLAH (U/S SAINJ WATER SUPPLY SCHEME) NEAR GYASI MATA MANDIR,DRAIN,HIMACHAL PRADESH,2023-09-28,31.772254,77.312634,14.25,7.85,8.28,427.31,0.95,1.19,22.99,779.75
4463,DHANESHAR NALLAH (U/S SAINJ WATER SUPPLY SCHEME) NEAR GYASI MATA MANDIR,DRAIN,HIMACHAL PRADESH,2023-10-28,31.772254,77.312634,13.73,7.47,8.2,428.12,1.04,1.22,24.65,815.01
4463,DHANESHAR NALLAH (U/S SAINJ WATER SUPPLY SCHEME) NEAR GYASI MATA MANDIR,DRAIN,HIMACHAL PRADESH,2023-11-27,31.772254,77.312634,14.12,8.03,7.96,433.58,0.97,1.28,24.5,850.11
4463,DHANESHAR NALLAH (U/S SAINJ WATER SUPPLY SCHEME) NEAR GYASI MATA MANDIR,DRAIN,HIMACHAL PRADESH,2023-12-27,31.772254,77.312634,13.49,7.77,7.89,447.76,0.99,1.2,23.73,790.39
4463,DHANESHAR NALLAH (U/S SAINJ WATER SUPPLY SCHEME) NEAR GYASI MATA MANDIR,DRAIN,HIMACHAL PRADESH,2024-01-26,31.772254,77.312634,13.36,7.31,8.15,440.86,1.02,1.26,23.76,781.68
4463,DHANESHAR NALLAH (U/S SAINJ WATER SUPPLY SCHEME) NEAR GYASI MATA MANDIR,DRAIN,HIMACHAL PRADESH,2024-02-25,31.772254,77.312634,13.58,7.45,7.87,459.64,0.96,1.2,22.82,782.14
4463,DHANESHAR NALLAH (U/S SAINJ WATER SUPPLY SCHEME) NEAR GYASI MATA MANDIR,DRAIN,HIMACHAL PRADESH,2024-03-26,31.772254,77.312634,14.61,7.32,8.2,419.89,0.98,1.23,24.96,772.89
4463,DHANESHAR NALLAH (U/S SAINJ WATER SUPPLY SCHEME) NEAR GYASI MATA MANDIR,DRAIN,HIMACHAL PRADESH,2024-04-25,31.772254,77.312634,13.83,7.91,8.2,461.5,0.97,1.29,24.05,838.23
4463,DHANESHAR NALLAH (U/S SAINJ WATER SUPPLY SCHEME) NEAR GYASI MATA MANDIR,DRAIN,HIMACHAL PRADESH,2024-05-25,31.772254,77.312634,13.43,7.9,7.75,440.03,1.0,1.29,24.99,829.55
4463,DHANESHAR NALLAH (U/S SAINJ WATER SUPPLY SCHEME) NEAR GYASI MATA MANDIR,DRAIN,HIMACHAL PRADESH,2024-06-24,31.772254,77.312634,13.7,7.39,7.91,421.13,1.05,1.3,24.83,792.02
4463,DHANESHAR NALLAH (U/S SAINJ WATER SUPPLY SCHEME) NEAR GYASI MATA MANDIR,DRAIN,HIMACHAL PRADESH,2024-07-24,31.772254,77.312634,14.19,7.56,8.47,439.39,1.0,1.31,23.31,835.28
4463,DHANESHAR NALLAH (U/S SAINJ WATER SUPPLY SCHEME) NEAR GYASI MATA MANDIR,DRAIN,HIMACHAL PRADESH,2024-08-23,31.772254,77.312634,13.46,7.62,8.46,430.86,0.98,1.19,24.97,774.01
4463,DHANESHAR NALLAH (U/S SAINJ WATER SUPPLY SCHEME) NEAR GYASI MATA MANDIR,DRAIN,HIMACHAL PRADESH,2024-09-22,31.772254,77.312634,13.49,7.76,8.24,420.6,1.0,1.2,25.07,770.06
4463,DHANESHAR NALLAH (U/S SAINJ WATER SUPPLY SCHEME) NEAR GYASI MATA MANDIR,DRAIN,HIMACHAL PRADESH,2024-10-22,31.772254,77.312634,14.52,8.0,8.12,451.98,1.03,1.25,23.04,824.08
4463,DHANESHAR NALLAH (U/S SAINJ WATER SUPPLY SCHEME) NEAR GYASI MATA MANDIR,DRAIN,HIMACHAL PRADESH,2024-11-21,31.772254,77.312634,14.61,7.44,8.1,420.69,1.01,1.29,24.97,829.96
4474,HALOG NALLAH NEAR HALOG WATER SUPPLY SCHEME,DRAIN,HIMACHAL PRADESH,2023-01-01,31.430443,77.672045,10.11,9.5,7.79,217.63,0.98,0.88,89.43,785.1
4474,HALOG NALLAH NEAR HALOG WATER SUPPLY SCHEME,DRAIN,HIMACHAL PRADESH,2023-01-31,31.430443,77.672045,10.77,9.25,8.04,220.82,1.0,0.85,87.93,778.25
4474,HALOG NALLAH NEAR HALOG WATER SUPPLY SCHEME,DRAIN,HIMACHAL PRADESH,2023-03-02,31.430443,77.672045,9.81,9.59,7.53,217.89,0.97,0.85,81.09,827.09
4474,HALOG NALLAH NEAR HALOG WATER SUPPLY SCHEME,DRAIN,HIMACHAL PRADESH,2023-04-01,31.430443,77.672045,10.54,9.57,7.89,223.78,0.97,0.85,86.7,795.59
4474,HALOG NALLAH NEAR HALOG WATER SUPPLY SCHEME,DRAIN,HIMACHAL PRADESH,2023-05-01,31.430443,77.672045,10.53,9.1,8.07,220.87,1.0,0.88,86.53,815.11
4474,HALOG NALLAH NEAR HALOG WATER SUPPLY SCHEME,DRAIN,HIMACHAL PRADESH,2023-05-31,31.430443,77.672045,10.36,8.67,7.22,217.79,0.93,0.83,84.74,804.84
4474,HALOG NALLAH NEAR HALOG WATER SUPPLY SCHEME,DRAIN,HIMACHAL PRADESH,2023-06-30,31.430443,77.672045,9.77,8.99,7.21,208.69,0.93,0.9,83.61,745.29
4474,HALOG NALLAH NEAR HALOG WATER SUPPLY SCHEME,DRAIN,HIMACHAL PRADESH,2023-07-30,31.430443,77.672045,9.96,8.85,7.88,213.65,0.95,0.86,82.87,759.11
4474,HALOG NALLAH NEAR HALOG WATER SUPPLY SCHEME,DRAIN,HIMACHAL PRADESH,2023-08-29,31.430443,77.672045,9.83,8.64,7.66,200.14,0.97,0.88,79.94,758.59
4474,HALOG NALLAH NEAR HALOG WATER SUPPLY SCHEME,DRAIN,HIMACHAL PRADESH,2023-09-28,31.430443,77.672045,9.21,8.71,7.0,198.08,0.89,0.85,78.37,746.72
4474,HALOG NALLAH NEAR HALOG WATER SUPPLY SCHEME,DRAIN,HIMACHAL PRADESH,2023-10-28,31.430443,77.672045,10.07,8.32,7.1,201.71,0.92,0.84,82.32,750.38
4474,HALOG NALLAH NEAR HALOG WATER SUPPLY SCHEME,DRAIN,HIMACHAL PRADESH,2023-11-27,31.430443,77.672045,10.06,8.75,7.5,195.89,0.91,0.86,80.77,748.75
4474,HALOG NALLAH NEAR HALOG WATER SUPPLY SCHEME,DRAIN,HIMACHAL PRADESH,2023-12-27,31.430443,77.672045,9.44,8.47,6.91,198.03,0.91,0.82,78.82,760.84
4474,HALOG NALLAH NEAR HALOG WATER SUPPLY SCHEME,DRAIN,HIMACHAL PRADESH,2024-01-26,31.430443,77.672045,9.51,8.54,7.44,206.61,0.9,0.83,79.02,689.47
4474,HALOG NALLAH NEAR HALOG WATER SUPPLY SCHEME,DRAIN,HIMACHAL PRADESH,2024-02-25,31.430443,77.672045,9.62,8.23,6.96,189.62,0.88,0.76,80.13,728.9
4474,HALOG NALLAH NEAR HALOG WATER SUPPLY SCHEME,DRAIN,HIMACHAL PRADESH,2024-03-26,31.430443,77.672045,9.55,8.22,7.14,198.17,0.9,0.78,78.22,679.12
4474,HALOG NALLAH NEAR HALOG WATER SUPPLY SCHEME,DRAIN,HIMACHAL PRADESH,2024-04-25,31.430443,77.672045,8.91,7.85,6.95,186.36,0.86,0.77,77.29,713.92
4474,HALOG NALLAH NEAR HALOG WATER SUPPLY SCHEME,DRAIN,HIMACHAL PRADESH,2024-05-25,31.430443,77.672045,9.49,7.74,7.04,193.09,0.82,0.76,77.77,720.44
4474,HALOG NALLAH NEAR HALOG WATER SUPPLY SCHEME,DRAIN,HIMACHAL PRADESH,2024-06-24,31.430443,77.672045,8.63,8.02,7.09,191.0,0.87,0.75,73.9,674.17
4474,HALOG NALLAH NEAR HALOG WATER SUPPLY SCHEME,DRAIN,HIMACHAL PRADESH,2024-07-24,31.430443,77.672045,8.7,7.69,6.37,184.86,0.81,0.73,68.11,695.58
4474,HALOG NALLAH NEAR HALOG WATER SUPPLY SCHEME,DRAIN,HIMACHAL PRADESH,2024-08-23,31.430443,77.672045,8.99,7.56,6.73,184.31,0.82,0.78,74.25,630.27
4474,HALOG NALLAH NEAR HALOG WATER SUPPLY SCHEME,DRAIN,HIMACHAL PRADESH,2024-09-22,31.430443,77.672045,8.57,8.06,6.27,192.83,0.81,0.75,73.7,635.85
4474,HALOG NALLAH NEAR HALOG WATER SUPPLY SCHEME,DRAIN,HIMACHAL PRADESH,2024-10-22,31.430443,77.672045,8.23,7.6,6.55,189.71,0.77,0.77,70.17,654.08
4474,HALOG NALLAH NEAR HALOG WATER SUPPLY SCHEME,DRAIN,HIMACHAL PRADESH,2024-11-21,31.430443,77.672045,7.98,7.85,6.34,180.65,0.76,0.7,71.62,642.2
4481,HATHLI NALLAH LIFT WATER SUPPLY SCHEME FOR MUNICIPAL COUNCIL HAMIRPUR,DRAIN,HIMACHAL PRADESH,2023-01-01,31.680795,76.514661,24.63,8.03,7.41,501.39,1.64,4.3,4.15,32.47
4481,HATHLI NALLAH LIFT WATER SUPPLY SCHEME FOR MUNICIPAL COUNCIL HAMIRPUR,DRAIN,HIMACHAL PRADESH,2023-01-31,31.680795,76.514661,22.69,8.15,7.05,467.65,1.69,4.59,3.89,35.47
4481,HATHLI NALLAH LIFT WATER SUPPLY SCHEME FOR MUNICIPAL COUNCIL HAMIRPUR,DRAIN,HIMACHAL PRADESH,2023-03-02,31.680795,76.514661,24.16,8.33,6.98,494.93,1.65,4.55,4.12,35.13
4481,HATHLI NALLAH LIFT WATER SUPPLY SCHEME FOR MUNICIPAL COUNCIL HAMIRPUR,DRAIN,HIMACHAL PRADESH,2023-04-01,31.680795,76.514661,23.45,8.44,7.02,502.01,1.62,4.3,3.96,34.56
4481,HATHLI NALLAH LIFT WATER SUPPLY SCHEME FOR MUNICIPAL COUNCIL HAMIRPUR,DRAIN,HIMACHAL PRADESH,2023-05-01,31.680795,76.514661,22.84,8.17,7.39,475.88,1.66,4.51,3.96,34.54
4481,HATHLI NALLAH LIFT WATER SUPPLY SCHEME FOR MUNICIPAL COUNCIL HAMIRPUR,DRAIN,HIMACHAL PRADESH,2023-05-31,31.680795,76.514661,24.24,8.29,7.53,478.07,1.63,4.32,3.93,34.93
4481,HATHLI NALLAH LIFT WATER SUPPLY SCHEME FOR MUNICIPAL COUNCIL HAMIRPUR,DRAIN,HIMACHAL PRADESH,2023-06-30,31.680795,76.514661,23.44,8.13,6.93,467.88,1.7,4.59,3.99,32.64
4481,HATHLI NALLAH LIFT WATER SUPPLY SCHEME FOR MUNICIPAL COUNCIL HAMIRPUR,DRAIN,HIMACHAL PRADESH,2023-07-30,31.680795,76.514661,23.88,7.86,7.49,487.55,1.63,4.34,3.96,33.64
4481,HATHLI NALLAH LIFT WATER SUPPLY SCHEME FOR MUNICIPAL COUNCIL HAMIRPUR,DRAIN,HIMACHAL PRADESH,2023-08-29,31.680795,76.514661,22.48,8.35,7.21,495.97,1.65,4.4,3.99,32.92
4481,HATHLI NALLAH LIFT WATER SUPPLY SCHEME FOR MUNICIPAL COUNCIL HAMIRPUR,DRAIN,HIMACHAL PRADESH,2023-09-28,31.680795,76.514661,22.96,8.28,7.19,484.18,1.65,4.36,4.19,34.56
4481,HATHLI NALLAH LIFT WATER SUPPLY SCHEME FOR MUNICIPAL COUNCIL HAMIRPUR,DRAIN,HIMACHAL PRADESH,2023-10-28,31.680795,76.514661,24.03,8.4,7.2,471.25,1.58,4.45,4.07,35.18
4481,HATHLI NALLAH LIFT WATER SUPPLY SCHEME FOR MUNICIPAL COUNCIL HAMIRPUR,DRAIN,HIMACHAL PRADESH,2023-11-27,31.680795,76.514661,23.81,8.39,7.35,497.56,1.68,4.23,4.13,32.5
4481,HATHLI NALLAH LIFT WATER SUPPLY SCHEME FOR MUNICIPAL COUNCIL HAMIRPUR,DRAIN,HIMACHAL PRADESH,2023-12-27,31.680795,76.514661,23.31,7.88,7.56,496.84,1.65,4.47,3.93,33.02
4481,HATHLI NALLAH LIFT WATER SUPPLY SCHEME FOR MUNICIPAL COUNCIL HAMIRPUR,DRAIN,HIMACHAL PRADESH,2024-01-26,31.680795,76.514661,23.04,8.1,7.23,487.95,1.73,4.31,4.06,35.31
4481,HATHLI NALLAH LIFT WATER SUPPLY SCHEME FOR MUNICIPAL COUNCIL HAMIRPUR,DRAIN,HIMACHAL PRADESH,2024-02-25,31.680795,76.514661,22.41,7.89,7.2,456.85,1.61,4.23,3.91,33.2
4481,HATHLI NALLAH LIFT WATER SUPPLY SCHEME FOR MUNICIPAL COUNCIL HAMIRPUR,DRAIN,HIMACHAL PRADESH,2024-03-26,31.680795,76.514661,22.37,7.94,7.34,476.22,1.68,4.56,4.01,32.34
4481,HATHLI NALLAH LIFT WATER SUPPLY SCHEME FOR MUNICIPAL COUNCIL HAMIRPUR,DRAIN,HIMACHAL PRADESH,2024-04-25,31.680795,76.514661,24.57,8.31,7.49,466.89,1.66,4.38,4.06,33.82
4481,HATHLI NALLAH LIFT WATER SUPPLY SCHEME FOR MUNICIPAL COUNCIL HAMIRPUR,DRAIN,HIMACHAL PRADESH,2024-05-25,31.680795,76.514661,24.21,8.01,6.99,483.0,1.66,4.53,4.07,32.86
4481,HATHLI NALLAH LIFT WATER SUPPLY SCHEME FOR MUNICIPAL COUNCIL HAMIRPUR,DRAIN,HIMACHAL PRADESH,2024-06-24,31.680795,76.514661,23.36,7.85,7.25,477.98,1.6,4.33,4.14,35.07
4481,HATHLI NALLAH LIFT WATER SUPPLY SCHEME FOR MUNICIPAL COUNCIL HAMIRPUR,DRAIN,HIMACHAL PRADESH,2024-07-24,31.680795,76.514661,24.42,8.35,7.58,477.08,1.58,4.28,4.05,33.07
4481,HATHLI NALLAH LIFT WATER SUPPLY SCHEME FOR MUNICIPAL COUNCIL HAMIRPUR,DRAIN,HIMACHAL PRADESH,2024-08-23,31.680795,76.514661,24.2,7.65,7.07,461.2,1.7,4.49,3.83,35.13
4481,HATHLI NALLAH LIFT WATER SUPPLY SCHEME FOR MUNICIPAL COUNCIL HAMIRPUR,DRAIN,HIMACHAL PRADESH,2024-09-22,31.680795,76.514661,22.94,8.06,7.51,489.67,1.67,4.61,3.83,32.43
4481,HATHLI NALLAH LIFT WATER SUPPLY SCHEME FOR MUNICIPAL COUNCIL HAMIRPUR,DRAIN,HIMACHAL PRADESH,2024-10-22,31.680795,76.514661,24.25,8.3,7.48,466.93,1.7,4.27,3.98,32.74
4481,HATHLI NALLAH LIFT WATER SUPPLY SCHEME FOR MUNICIPAL COUNCIL HAMIRPUR,DRAIN,HIMACHAL PRADESH,2024-11-21,31.680795,76.514661,23.71,7.81,7.33,460.47,1.67,4.2,4.06,33.61
5253,"HURLA NALLA D/S HURLA BRIDGE, VPO HURLA, TEHSIL BHUNTER, DIS. KULLU",DRAIN,HIMACHAL PRADESH,2023-01-01,,,11.2,7.85,7.71,106.91,0.97,0.49,60.08,355.88
5253,"HURLA NALLA D/S HURLA BRIDGE, VPO HURLA, TEHSIL BHUNTER, DIS. KULLU",DRAIN,HIMACHAL PRADESH,2023-01-31,,,11.81,7.39,8.02,110.21,1.04,0.47,61.37,336.72
5253,"HURLA NALLA D/S HURLA BRIDGE, VPO HURLA, TEHSIL BHUNTER, DIS. KULLU",DRAIN,HIMACHAL PRADESH,2023-03-02,,,10.84,7.55,7.58,107.51,1.03,0.48,63.39,321.44
5253,"HURLA NALLA D/S HURLA BRIDGE, VPO HURLA, TEHSIL BHUNTER, DIS. KULLU",DRAIN,HIMACHAL PRADESH,2023-04-01,,,11.3,7.69,7.7,100.48,0.93,0.49,61.41,329.66
5253,"HURLA NALLA D/S HURLA BRIDGE, VPO HURLA, TEHSIL BHUNTER, DIS. KULLU",DRAIN,HIMACHAL PRADESH,2023-05-01,,,11.22,7.92,7.66,98.59,0.97,0.48,58.82,323.21
5253,"HURLA NALLA D/S HURLA BRIDGE, VPO HURLA, TEHSIL BHUNTER, DIS. KULLU",DRAIN,HIMACHAL PRADESH,2023-05-31,,,11.56,7.65,7.48,103.48,0.98,0.47,60.03,342.22
5253,"HURLA NALLA D/S HURLA BRIDGE, VPO HURLA, TEHSIL BHUNTER, DIS. KULLU",DRAIN,HIMACHAL PRADESH,2023-06-30,,,11.0,7.15,7.79,104.9,0.98,0.48,57.68,328.96
5253,"HURLA NALLA D/S HURLA BRIDGE, VPO HURLA, TEHSIL BHUNTER, DIS. KULLU",DRAIN,HIMACHAL PRADESH,2023-07-30,,,10.38,7.5,7.61,102.81,0.95,0.48,58.48,319.45
5253,"HURLA NALLA D/S HURLA BRIDGE, VPO HURLA, TEHSIL BHUNTER, DIS. KULLU",DRAIN,HIMACHAL PRADESH,2023-08-29,,,10.69,7.49,7.48,100.97,0.95,0.49,58.89,324.16
5253,"HURLA NALLA D/S HURLA BRIDGE, VPO HURLA, TEHSIL BHUNTER, DIS. KULLU",DRAIN,HIMACHAL PRADESH,2023-09-28,,,10.79,6.87,7.17,94.1,0.94,0.47,57.49,313.05
5253,"HURLA NALLA D/S HURLA BRIDGE, VPO HURLA, TEHSIL BHUNTER, DIS. KULLU",DRAIN,HIMACHAL PRADESH,2023-10-28,,,11.01,7.4,7.19,95.05,0.9,0.44,59.1,313.69
5253,"HURLA NALLA D/S HURLA BRIDGE, VPO HURLA, TEHSIL BHUNTER, DIS. KULLU",DRAIN,HIMACHAL PRADESH,2023-11-27,,,10.07,6.96,6.81,100.38,0.94,0.47,58.27,314.28
5253,"HURLA NALLA D/S HURLA BRIDGE, VPO HURLA, TEHSIL BHUNTER, DIS. KULLU",DRAIN,HIMACHAL PRADESH,2023-12-27,,,9.93,6.88,7.17,101.46,0.95,0.45,57.31,320.74
5253,"HURLA NALLA D/S HURLA BRIDGE, VPO HURLA, TEHSIL BHUNTER, DIS. KULLU",DRAIN,HIMACHAL PRADESH,2024-01-26,,,10.52,6.82,6.93,90.73,0.92,0.47,54.75,291.33
5253,"HURLA NALLA D/S HURLA BRIDGE, VPO HURLA, TEHSIL BHUNTER, DIS. KULLU",DRAIN,HIMACHAL PRADESH,2024-02-25,,,10.73,6.96,6.81,97.77,0.87,0.42,53.48,303.74
5253,"HURLA NALLA D/S HURLA BRIDGE, VPO HURLA, TEHSIL BHUNTER, DIS. KULLU",DRAIN,HIMACHAL PRADESH,2024-03-26,,,9.83,6.98,6.92,89.9,0.89,0.43,57.73,314.26
5253,"HURLA NALLA D/S HURLA BRIDGE, VPO HURLA, TEHSIL BHUNTER, DIS. KULLU",DRAIN,HIMACHAL PRADESH,2024-04-25,,,9.81,6.4,7.15,90.98,0.83,0.42,52.39,298.12
5253,"HURLA NALLA D/S HURLA BRIDGE, VPO HURLA, TEHSIL BHUNTER, DIS. KULLU",DRAIN,HIMACHAL PRADESH,2024-05-25,,,10.28,6.59,6.73,91.28,0.81,0.45,55.87,286.45
5253,"HURLA NALLA D/S HURLA BRIDGE, VPO HURLA, TEHSIL BHUNTER, DIS. KULLU",DRAIN,HIMACHAL PRADESH,2024-06-24,,,9.89,6.72,6.67,93.29,0.9,0.42,51.94,304.92
5253,"HURLA NALLA D/S HURLA BRIDGE, VPO HURLA, TEHSIL BHUNTER, DIS. KULLU",DRAIN,HIMACHAL PRADESH,2024-07-24,,,9.26,6.86,6.67,87.28,0.82,0.43,51.55,290.94
5253,"HURLA NALLA D/S HURLA BRIDGE, VPO HURLA, TEHSIL BHUNTER, DIS. KULLU",DRAIN,HIMACHAL PRADESH,2024-08-23,,,9.64,6.86,6.15,84.27,0.8,0.44,51.45,269.6
5253,"HURLA NALLA D/S HURLA BRIDGE, VPO HURLA, TEHSIL BHUNTER, DIS. KULLU",DRAIN,HIMACHAL PRADESH,2024-09-22,,,9.71,6.09,6.06,85.72,0.87,0.4,52.9,295.05
5253,"HURLA NALLA D/S HURLA BRIDGE, VPO HURLA, TEHSIL BHUNTER, DIS. KULLU",DRAIN,HIMACHAL PRADESH,2024-10-22,,,9.38,6.2,6.05,89.43,0.79,0.4,52.34,270.41
5253,"HURLA NALLA D/S HURLA BRIDGE, VPO HURLA, TEHSIL BHUNTER, DIS. KULLU",DRAIN,HIMACHAL PRADESH,2024-11-21,,,9.87,5.98,6.51,87.61,0.84,0.38,51.09,271.15
4426,RAW WATER FOR LWSS OF JAGROTI NALLAH,DRAIN,HIMACHAL PRADESH,2023-01-01,31.52616,77.132184,11.45,8.47,8.05,125.79,0.99,0.64,66.32,776.8
4426,RAW WATER FOR LWSS OF JAGROTI NALLAH,DRAIN,HIMACHAL PRADESH,2023-01-31,31.52616,77.132184,11.01,8.61,8.08,117.69,0.97,0.63,64.86,813.75
4426,RAW WATER FOR LWSS OF JAGROTI NALLAH,DRAIN,HIMACHAL PRADESH,2023-03-02,31.52616,77.132184,10.83,8.15,8.1,119.51,1.02,0.62,66.46,825.08
4426,RAW WATER FOR LWSS OF JAGROTI NALLAH,DRAIN,HIMACHAL PRADESH,2023-04-01,31.52616,77.132184,10.91,8.0,7.37,124.62,0.98,0.66,63.64,751.82
4426,RAW WATER FOR LWSS OF JAGROTI NALLAH,DRAIN,HIMACHAL PRADESH,2023-05-01,31.52616,77.132184,10.71,8.04,7.97,123.84,0.92,0.63,62.19,775.13
4426,RAW WATER FOR LWSS OF JAGROTI NALLAH,DRAIN,HIMACHAL PRADESH,2023-05-31,31.52616,77.132184,10.55,8.47,7.69,116.84,0.99,0.62,65.11,767.14
4426,RAW WATER FOR LWSS OF JAGROTI NALLAH,DRAIN,HIMACHAL PRADESH,2023-06-30,31.52616,77.132184,10.28,7.82,7.33,116.77,0.92,0.64,62.72,743.83
4426,RAW WATER FOR LWSS OF JAGROTI NALLAH,DRAIN,HIMACHAL PRADESH,2023-07-30,31.52616,77.132184,10.44,7.85,7.7,122.01,0.97,0.6,63.76,784.97
4426,RAW WATER FOR LWSS OF JAGROTI NALLAH,DRAIN,HIMACHAL PRADESH,2023-08-29,31.52616,77.132184,10.78,8.21,7.52,117.46,0.91,0.62,64.74,733.59
4426,RAW WATER FOR LWSS OF JAGROTI NALLAH,DRAIN,HIMACHAL PRADESH,2023-09-28,31.52616,77.132184,9.88,7.64,7.34,110.94,0.9,0.61,64.26,708.55
4426,RAW WATER FOR LWSS OF JAGROTI NALLAH,DRAIN,HIMACHAL PRADESH,2023-10-28,31.52616,77.132184,10.14,8.13,7.31,118.53,0.92,0.62,59.07,717.24
4426,RAW WATER FOR LWSS OF JAGROTI NALLAH,DRAIN,HIMACHAL PRADESH,2023-11-27,31.52616,77.132184,10.26,7.76,7.02,111.07,0.93,0.56,62.75,701.49
4426,RAW WATER FOR LWSS OF JAGROTI NALLAH,DRAIN,HIMACHAL PRADESH,2023-12-27,31.52616,77.132184,9.59,7.9,7.42,109.74,0.86,0.55,61.39,747.21
4426,RAW WATER FOR LWSS OF JAGROTI NALLAH,DRAIN,HIMACHAL PRADESH,2024-01-26,31.52616,77.132184,10.06,7.64,6.78,110.64,0.92,0.56,59.28,728.93
4426,RAW WATER FOR LWSS OF JAGROTI NALLAH,DRAIN,HIMACHAL PRADESH,2024-02-25,31.52616,77.132184,10.14,7.8,6.69,108.65,0.85,0.56,59.19,690.83
4426,RAW WATER FOR LWSS OF JAGROTI NALLAH,DRAIN,HIMACHAL PRADESH,2024-03-26,31.52616,77.132184,9.35,7.75,7.02,114.0,0.89,0.59,58.73,729.72
4426,RAW WATER FOR LWSS OF JAGROTI NALLAH,DRAIN,HIMACHAL PRADESH,2024-04-25,31.52616,77.132184,9.53,7.15,6.67,102.88,0.9,0.55,57.49,680.15
4426,RAW WATER FOR LWSS OF JAGROTI NALLAH,DRAIN,HIMACHAL PRADESH,2024-05-25,31.52616,77.132184,9.89,7.32,6.67,102.61,0.85,0.54,54.53,671.59
4426,RAW WATER FOR LWSS OF JAGROTI NALLAH,DRAIN,HIMACHAL PRADESH,2024-06-24,31.52616,77.132184,9.09,6.84,6.44,99.65,0.83,0.58,57.87,662.73
4426,RAW WATER FOR LWSS OF JAGROTI NALLAH,DRAIN,HIMACHAL PRADESH,2024-07-24,31.52616,77.132184,9.27,7.44,6.8,109.53,0.89,0.52,58.78,710.8
4426,RAW WATER FOR LWSS OF JAGROTI NALLAH,DRAIN,HIMACHAL PRADESH,2024-08-23,31.52616,77.132184,9.5,7.34,6.92,108.32,0.82,0.56,52.62,632.44
4426,RAW WATER FOR LWSS OF JAGROTI NALLAH,DRAIN,HIMACHAL PRADESH,2024-09-22,31.52616,77.132184,9.31,7.23,6.79,99.46,0.83,0.54,53.15,671.52
4426,RAW WATER FOR LWSS OF JAGROTI NALLAH,DRAIN,HIMACHAL PRADESH,2024-10-22,31.52616,77.132184,8.78,6.75,6.32,101.97,0.78,0.52,56.69,643.6
4426,RAW WATER FOR LWSS OF JAGROTI NALLAH,DRAIN,HIMACHAL PRADESH,2024-11-21,31.52616,77.132184,9.43,7.23,6.57,103.08,0.81,0.52,55.87,641.59
4454,JARANGLA NALLAH U/S WATER SUPPLY SCHEME,DRAIN,HIMACHAL PRADESH,2023-01-01,32.530703,76.137886,11.46,9.39,7.96,288.44,1.01,2.82,11.52,1684.38
4454,JARANGLA NALLAH U/S WATER SUPPLY SCHEME,DRAIN,HIMACHAL PRADESH,2023-01-31,32.530703,76.137886,11.01,8.98,8.16,306.34,0.98,2.77,11.2,1703.46
4454,JARANGLA NALLAH U/S WATER SUPPLY SCHEME,DRAIN,HIMACHAL PRADESH,2023-03-02,32.530703,76.137886,11.32,9.12,7.55,291.94,0.95,2.95,11.17,1675.9
4454,JARANGLA NALLAH U/S WATER SUPPLY SCHEME,DRAIN,HIMACHAL PRADESH,2023-04-01,32.530703,76.137886,11.24,9.54,7.88,287.07,1.0,2.83,11.5,1790.81
4454,JARANGLA NALLAH U/S WATER SUPPLY SCHEME,DRAIN,HIMACHAL PRADESH,2023-05-01,32.530703,76.137886,12.04,8.96,8.09,293.67,0.97,2.95,11.37,1842.75
4454,JARANGLA NALLAH U/S WATER SUPPLY SCHEME,DRAIN,HIMACHAL PRADESH,2023-05-31,32.530703,76.137886,11.16,9.25,7.85,285.17,1.04,2.87,10.67,1773.81
4454,JARANGLA NALLAH U/S WATER SUPPLY SCHEME,DRAIN,HIMACHAL PRADESH,2023-06-30,32.530703,76.137886,11.14,9.35,7.86,287.74,1.05,2.74,11.29,1842.57
4454,JARANGLA NALLAH U/S WATER SUPPLY SCHEME,DRAIN,HIMACHAL PRADESH,2023-07-30,32.530703,76.137886,11.84,9.29,8.1,302.36,0.97,2.8,10.63,1681.36
4454,JARANGLA NALLAH U/S WATER SUPPLY SCHEME,DRAIN,HIMACHAL PRADESH,2023-08-29,32.530703,76.137886,11.46,9.3,7.62,300.7,0.98,2.77,11.51,1789.65
4454,JARANGLA NALLAH U/S WATER SUPPLY SCHEME,DRAIN,HIMACHAL PRADESH,2023-09-28,32.530703,76.137886,11.39,9.41,8.13,305.4,0.99,2.81,10.7,1809.72
4454,JARANGLA NALLAH U/S WATER SUPPLY SCHEME,DRAIN,HIMACHAL PRADESH,2023-10-28,32.530703,76.137886,12.06,9.13,8.01,299.31,1.03,2.88,11.5,1703.73
4454,JARANGLA NALLAH U/S WATER SUPPLY SCHEME,DRAIN,HIMACHAL PRADESH,2023-11-27,32.530703,76.137886,11.99,8.82,8.17,298.4,1.0,2.74,10.85,1729.5
4454,JARANGLA NALLAH U/S WATER SUPPLY SCHEME,DRAIN,HIMACHAL PRADESH,2023-12-27,32.530703,76.137886,11.37,9.36,7.92,301.47,0.99,2.82,11.13,1714.11
4454,JARANGLA NALLAH U/S WATER SUPPLY SCHEME,DRAIN,HIMACHAL PRADESH,2024-01-26,32.530703,76.137886,12.03,8.96,7.62,287.71,0.98,2.75,10.73,1692.7
4454,JARANGLA NALLAH U/S WATER SUPPLY SCHEME,DRAIN,HIMACHAL PRADESH,2024-02-25,32.530703,76.137886,11.91,9.25,8.14,288.05,1.03,2.8,11.15,1676.16
4454,JARANGLA NALLAH U/S WATER SUPPLY SCHEME,DRAIN,HIMACHAL PRADESH,2024-03-26,32.530703,76.137886,11.46,8.84,7.61,287.14,0.99,2.83,10.83,1716.59
4454,JARANGLA NALLAH U/S WATER SUPPLY SCHEME,DRAIN,HIMACHAL PRADESH,2024-04-25,32.530703,76.137886,11.9,9.36,7.74,308.98,0.95,2.76,11.4,1761.66
4454,JARANGLA NALLAH U/S WATER SUPPLY SCHEME,DRAIN,HIMACHAL PRADESH,2024-05-25,32.530703,76.137886,11.32,8.94,7.53,308.76,1.01,2.98,10.98,1754.23
4454,JARANGLA NALLAH U/S WATER SUPPLY SCHEME,DRAIN,HIMACHAL PRADESH,2024-06-24,32.530703,76.137886,11.96,9.08,7.54,285.67,1.02,2.77,10.61,1762.86
4454,JARANGLA NALLAH U/S WATER SUPPLY SCHEME,DRAIN,HIMACHAL PRADESH,2024-07-24,32.530703,76.137886,11.54,8.91,7.64,310.16,1.01,2.78,11.0,1725.28
4454,JARANGLA NALLAH U/S WATER SUPPLY SCHEME,DRAIN,HIMACHAL PRADESH,2024-08-23,32.530703,76.137886,11.71,8.74,7.58,298.6,1.01,2.84,11.1,1779.04
4454,JARANGLA NALLAH U/S WATER SUPPLY SCHEME,DRAIN,HIMACHAL PRADESH,2024-09-22,32.530703,76.137886,11.5,9.16,7.65,283.64,0.97,2.93,11.14,1798.31
4454,JARANGLA NALLAH U/S WATER SUPPLY SCHEME,DRAIN,HIMACHAL PRADESH,2024-10-22,32.530703,76.137886,11.29,9.07,7.9,298.91,1.02,2.73,10.93,1729.42
4454,JARANGLA NALLAH U/S WATER SUPPLY SCHEME,DRAIN,HIMACHAL PRADESH,2024-11-21,32.530703,76.137886,11.57,8.81,7.96,290.59,0.97,2.98,11.5,1822.12
4466,JARANGLA NALLAH D/S WATER SUPPLY SCHEME,DRAIN,HIMACHAL PRADESH,2023-01-01,32.563007,76.121001,11.71,9.06,8.14,313.95,1.04,2.39,10.76,1841.39
4466,JARANGLA NALLAH D/S WATER SUPPLY SCHEME,DRAIN,HIMACHAL PRADESH,2023-01-31,32.563007,76.121001,11.14,9.37,7.87,307.35,0.99,2.37,11.27,1803.34
4466,JARANGLA NALLAH D/S WATER SUPPLY SCHEME,DRAIN,HIMACHAL PRADESH,2023-03-02,32.563007,76.121001,11.52,9.2,8.06,330.86,1.02,2.35,10.71,1807.23
4466,JARANGLA NALLAH D/S WATER SUPPLY SCHEME,DRAIN,HIMACHAL PRADESH,2023-04-01,32.563007,76.121001,11.67,9.73,8.24,335.69,1.01,2.47,11.32,1833.46
4466,JARANGLA NALLAH D/S WATER SUPPLY SCHEME,DRAIN,HIMACHAL PRADESH,2023-05-01,32.563007,76.121001,11.36,9.38,8.36,341.9,1.04,2.38,11.75,1772.64
4466,JARANGLA NALLAH D/S WATER SUPPLY SCHEME,DRAIN,HIMACHAL PRADESH,2023-05-31,32.563007,76.121001,12.19,9.76,8.03,327.3,1.07,2.46,11.04,1818.57
4466,JARANGLA NALLAH D/S WATER SUPPLY SCHEME,DRAIN,HIMACHAL PRADESH,2023-06-30,32.563007,76.121001,12.11,9.49,8.56,348.06,1.08,2.45,11.53,1866.58
4466,JARANGLA NALLAH D/S WATER SUPPLY SCHEME,DRAIN,HIMACHAL PRADESH,2023-07-30,32.563007,76.121001,11.89,9.74,8.65,349.72,1.1,2.41,11.67,1910.41
4466,JARANGLA NALLAH D/S WATER SUPPLY SCHEME,DRAIN,HIMACHAL PRADESH,2023-08-29,32.563007,76.121001,11.71,10.02,8.46,329.65,1.08,2.55,11.29,1915.61
4466,JARANGLA NALLAH D/S WATER SUPPLY SCHEME,DRAIN,HIMACHAL PRADESH,2023-09-28,32.563007,76.121001,12.71,9.8,8.88,337.5,1.03,2.39,11.5,1958.24
4466,JARANGLA NALLAH D/S WATER SUPPLY SCHEME,DRAIN,HIMACHAL PRADESH,2023-10-28,32.563007,76.121001,12.77,9.71,8.51,330.05,1.08,2.4,12.33,2001.4
4466,JARANGLA NALLAH D/S WATER SUPPLY SCHEME,DRAIN,HIMACHAL PRADESH,2023-11-27,32.563007,76.121001,12.58,9.83,8.89,342.35,1.13,2.42,12.26,1842.14
4466,JARANGLA NALLAH D/S WATER SUPPLY SCHEME,DRAIN,HIMACHAL PRADESH,2023-12-27,32.563007,76.121001,12.79,10.02,8.73,352.76,1.1,2.46,12.53,1913.4
4466,JARANGLA NALLAH D/S WATER SUPPLY SCHEME,DRAIN,HIMACHAL PRADESH,2024-01-26,32.563007,76.121001,12.41,9.85,9.01,358.77,1.09,2.65,12.3,2005.62
4466,JARANGLA NALLAH D/S WATER SUPPLY SCHEME,DRAIN,HIMACHAL PRADESH,2024-02-25,32.563007,76.121001,12.81,9.87,9.22,362.65,1.16,2.54,12.55,1977.8
4466,JARANGLA NALLAH D/S WATER SUPPLY SCHEME,DRAIN,HIMACHAL PRADESH,2024-03-26,32.563007,76.121001,13.01,10.48,9.18,370.8,1.1,2.47,12.24,1977.43
4466,JARANGLA NALLAH D/S WATER SUPPLY SCHEME,DRAIN,HIMACHAL PRADESH,2024-04-25,32.563007,76.121001,13.37,10.41,8.65,373.04,1.14,2.53,12.7,2039.7
4466,JARANGLA NALLAH D/S WATER SUPPLY SCHEME,DRAIN,HIMACHAL PRADESH,2024-05-25,32.563007,76.121001,13.47,10.84,8.84,370.37,1.1,2.73,12.26,2024.33
4466,JARANGLA NALLAH D/S WATER SUPPLY SCHEME,DRAIN,HIMACHAL PRADESH,2024-06-24,32.563007,76.121001,12.88,10.15,9.43,372.77,1.18,2.75,13.12,1989.93
4466,JARANGLA NALLAH D/S WATER SUPPLY SCHEME,DRAIN,HIMACHAL PRADESH,2024-07-24,32.563007,76.121001,13.81,10.3,8.86,372.45,1.18,2.61,12.83,2012.93
4466,JARANGLA NALLAH D/S WATER SUPPLY SCHEME,DRAIN,HIMACHAL PRADESH,2024-08-23,32.563007,76.121001,13.56,11.0,9.54,366.0,1.15,2.76,12.85,2004.54
4466,JARANGLA NALLAH D/S WATER SUPPLY SCHEME,DRAIN,HIMACHAL PRADESH,2024-09-22,32.563007,76.121001,13.69,10.38,9.17,380.96,1.16,2.62,13.47,2096.33
4466,JARANGLA NALLAH D/S WATER SUPPLY SCHEME,DRAIN,HIMACHAL PRADESH,2024-10-22,32.563007,76.121001,13.3,11.2,9.16,361.85,1.21,2.64,13.54,2120.88
4466,JARANGLA NALLAH D/S WATER SUPPLY SCHEME,DRAIN,HIMACHAL PRADESH,2024-11-21,32.563007,76.121001,13.17,10.67,9.7,371.18,1.14,2.81,13.01,2086.8
5257,"KALAM NALLA D/S OF MSW PROCESSING SITE AT CHOWRI, DIST. CHAMBA",DRAIN,HIMACHAL PRADESH,2023-01-01,,,13.42,9.17,7.71,208.93,1.0,1.31,11.66,820.46
5257,"KALAM NALLA D/S OF MSW PROCESSING SITE AT CHOWRI, DIST. CHAMBA",DRAIN,HIMACHAL PRADESH,2023-01-31,,,13.16,8.72,7.96,196.55,1.02,1.31,12.57,810.62
5257,"KALAM NALLA D/S OF MSW PROCESSING SITE AT CHOWRI, DIST. CHAMBA",DRAIN,HIMACHAL PRADESH,2023-03-02,,,12.66,8.83,7.99,210.57,0.98,1.31,12.23,804.04
5257,"KALAM NALLA D/S OF MSW PROCESSING SITE AT CHOWRI, DIST. CHAMBA",DRAIN,HIMACHAL PRADESH,2023-04-01,,,13.36,8.72,7.58,200.51,1.02,1.32,11.95,807.55
5257,"KALAM NALLA D/S OF MSW PROCESSING SITE AT CHOWRI, DIST. CHAMBA",DRAIN,HIMACHAL PRADESH,2023-05-01,,,13.14,9.05,7.67,214.66,1.07,1.32,12.6,890.48
5257,"KALAM NALLA D/S OF MSW PROCESSING SITE AT CHOWRI, DIST. CHAMBA",DRAIN,HIMACHAL PRADESH,2023-05-31,,,13.94,9.01,7.7,213.65,1.03,1.28,12.09,829.18
5257,"KALAM NALLA D/S OF MSW PROCESSING SITE AT CHOWRI, DIST. CHAMBA",DRAIN,HIMACHAL PRADESH,2023-06-30,,,13.17,9.43,8.07,216.51,1.01,1.28,13.0,840.97
5257,"KALAM NALLA D/S OF MSW PROCESSING SITE AT CHOWRI, DIST. CHAMBA",DRAIN,HIMACHAL PRADESH,2023-07-30,,,13.9,9.29,7.77,220.7,1.1,1.28,13.07,857.71
5257,"KALAM NALLA D/S OF MSW PROCESSING SITE AT CHOWRI, DIST. CHAMBA",DRAIN,HIMACHAL PRADESH,2023-08-29,,,14.2,9.27,7.71,209.29,1.09,1.32,13.23,894.04
5257,"KALAM NALLA D/S OF MSW PROCESSING SITE AT CHOWRI, DIST. CHAMBA",DRAIN,HIMACHAL PRADESH,2023-09-28,,,14.19,9.06,8.38,222.23,1.06,1.29,12.66,862.98
5257,"KALAM NALLA D/S OF MSW PROCESSING SITE AT CHOWRI, DIST. CHAMBA",DRAIN,HIMACHAL PRADESH,2023-10-28,,,14.56,9.37,8.07,218.52,1.11,1.31,12.43,869.71
5257,"KALAM NALLA D/S OF MSW PROCESSING SITE AT CHOWRI, DIST. CHAMBA",DRAIN,HIMACHAL PRADESH,2023-11-27,,,14.45,9.96,8.34,215.35,1.12,1.34,13.33,882.65
5257,"KALAM NALLA D/S OF MSW PROCESSING SITE AT CHOWRI, DIST. CHAMBA",DRAIN,HIMACHAL PRADESH,2023-12-27,,,13.99,9.94,8.55,233.17,1.07,1.36,12.61,919.34
5257,"KALAM NALLA D/S OF MSW PROCESSING SITE AT CHOWRI, DIST. CHAMBA",DRAIN,HIMACHAL PRADESH,2024-01-26,,,14.53,9.9,8.12,227.5,1.15,1.44,13.65,897.76
5257,"KALAM NALLA D/S OF MSW PROCESSING SITE AT CHOWRI, DIST. CHAMBA",DRAIN,HIMACHAL PRADESH,2024-02-25,,,13.97,9.52,8.28,233.1,1.13,1.39,13.29,897.4
5257,"KALAM NALLA D/S OF MSW PROCESSING SITE AT CHOWRI, DIST. CHAMBA",DRAIN,HIMACHAL PRADESH,2024-03-26,,,15.05,9.95,8.54,238.11,1.1,1.42,13.4,933.79
5257,"KALAM NALLA D/S OF MSW PROCESSING SITE AT CHOWRI, DIST. CHAMBA",DRAIN,HIMACHAL PRADESH,2024-04-25,,,14.8,10.1,8.56,226.28,1.1,1.36,13.01,954.18
5257,"KALAM NALLA D/S OF MSW PROCESSING SITE AT CHOWRI, DIST. CHAMBA",DRAIN,HIMACHAL PRADESH,2024-05-25,,,14.66,9.93,8.66,232.08,1.14,1.46,14.2,900.79
5257,"KALAM NALLA D/S OF MSW PROCESSING SITE AT CHOWRI, DIST. CHAMBA",DRAIN,HIMACHAL PRADESH,2024-06-24,,,15.33,10.35,8.32,237.86,1.18,1.38,14.22,938.93
5257,"KALAM NALLA D/S OF MSW PROCESSING SITE AT CHOWRI, DIST. CHAMBA",DRAIN,HIMACHAL PRADESH,2024-07-24,,,15.3,10.51,8.43,235.42,1.15,1.39,13.69,913.13
5257,"KALAM NALLA D/S OF MSW PROCESSING SITE AT CHOWRI, DIST. CHAMBA",DRAIN,HIMACHAL PRADESH,2024-08-23,,,14.61,10.07,9.11,236.66,1.16,1.52,13.91,982.25
5257,"KALAM NALLA D/S OF MSW PROCESSING SITE AT CHOWRI, DIST. CHAMBA",DRAIN,HIMACHAL PRADESH,2024-09-22,,,15.33,10.03,8.94,233.53,1.17,1.48,13.77,928.15
5257,"KALAM NALLA D/S OF MSW PROCESSING SITE AT CHOWRI, DIST. CHAMBA",DRAIN,HIMACHAL PRADESH,2024-10-22,,,15.4,9.99,9.1,248.27,1.15,1.47,14.7,1003.69
5257,"KALAM NALLA D/S OF MSW PROCESSING SITE AT CHOWRI, DIST. CHAMBA",DRAIN,HIMACHAL PRADESH,2024-11-21,,,15.3,10.6,9.25,243.01,1.22,1.45,14.28,959.89
4477,KHALADA NALLAH NEAR WATER SUPPLY SCHEME FOR KULLU TOWN,DRAIN,HIMACHAL PRADESH,2023-01-01,31.975111,77.125025,10.11,7.97,7.46,145.99,0.98,1.53,69.06,515.26
4477,KHALADA NALLAH NEAR WATER SUPPLY SCHEME FOR KULLU TOWN,DRAIN,HIMACHAL PRADESH,2023-01-31,31.975111,77.125025,10.27,8.45,7.5,152.38,1.05,1.59,69.73,504.12
4477,KHALADA NALLAH NEAR WATER SUPPLY SCHEME FOR KULLU TOWN,DRAIN,HIMACHAL PRADESH,2023-03-02,31.975111,77.125025,9.77,8.39,7.57,146.52,1.04,1.62,68.98,535.43
4477,KHALADA NALLAH NEAR WATER SUPPLY SCHEME FOR KULLU TOWN,DRAIN,HIMACHAL PRADESH,2023-04-01,31.975111,77.125025,9.51,7.97,7.91,150.7,1.04,1.53,72.72,552.83
4477,KHALADA NALLAH NEAR WATER SUPPLY SCHEME FOR KULLU TOWN,DRAIN,HIMACHAL PRADESH,2023-05-01,31.975111,77.125025,10.0,8.7,7.82,147.19,0.97,1.67,70.01,547.18
4477,KHALADA NALLAH NEAR WATER SUPPLY SCHEME FOR KULLU TOWN,DRAIN,HIMACHAL PRADESH,2023-05-31,31.975111,77.125025,9.67,8.26,7.97,142.5,0.95,1.53,68.23,542.5
4477,KHALADA NALLAH NEAR WATER SUPPLY SCHEME FOR KULLU TOWN,DRAIN,HIMACHAL PRADESH,2023-06-30,31.975111,77.125025,9.92,8.22,7.22,141.73,0.99,1.63,69.23,511.71
4477,KHALADA NALLAH NEAR WATER SUPPLY SCHEME FOR KULLU TOWN,DRAIN,HIMACHAL PRADESH,2023-07-30,31.975111,77.125025,10.05,8.31,7.24,154.29,1.02,1.54,68.3,538.23
4477,KHALADA NALLAH NEAR WATER SUPPLY SCHEME FOR KULLU TOWN,DRAIN,HIMACHAL PRADESH,2023-08-29,31.975111,77.125025,9.69,8.22,7.56,153.82,1.05,1.64,68.71,554.46
4477,KHALADA NALLAH NEAR WATER SUPPLY SCHEME FOR KULLU TOWN,DRAIN,HIMACHAL PRADESH,2023-09-28,31.975111,77.125025,9.86,8.51,7.38,144.83,0.99,1.55,71.48,505.76
4477,KHALADA NALLAH NEAR WATER SUPPLY SCHEME FOR KULLU TOWN,DRAIN,HIMACHAL PRADESH,2023-10-28,31.975111,77.125025,10.03,8.4,7.38,148.57,1.03,1.58,69.34,521.52
4477,KHALADA NALLAH NEAR WATER SUPPLY SCHEME FOR KULLU TOWN,DRAIN,HIMACHAL PRADESH,2023-11-27,31.975111,77.125025,10.06,8.23,7.75,142.24,1.03,1.62,73.97,519.79
4477,KHALADA NALLAH NEAR WATER SUPPLY SCHEME FOR KULLU TOWN,DRAIN,HIMACHAL PRADESH,2023-12-27,31.975111,77.125025,10.32,8.44,7.41,153.85,1.05,1.6,70.9,510.78
4477,KHALADA NALLAH NEAR WATER SUPPLY SCHEME FOR KULLU TOWN,DRAIN,HIMACHAL PRADESH,2024-01-26,31.975111,77.125025,9.85,8.35,7.65,146.69,1.04,1.62,72.19,535.69
4477,KHALADA NALLAH NEAR WATER SUPPLY SCHEME FOR KULLU TOWN,DRAIN,HIMACHAL PRADESH,2024-02-25,31.975111,77.125025,9.85,7.97,7.37,142.01,0.98,1.56,69.49,518.4
4477,KHALADA NALLAH NEAR WATER SUPPLY SCHEME FOR KULLU TOWN,DRAIN,HIMACHAL PRADESH,2024-03-26,31.975111,77.125025,10.01,8.53,7.39,151.55,1.0,1.6,74.3,509.01
4477,KHALADA NALLAH NEAR WATER SUPPLY SCHEME FOR KULLU TOWN,DRAIN,HIMACHAL PRADESH,2024-04-25,31.975111,77.125025,10.48,7.9,7.53,154.93,1.0,1.59,73.97,544.82
4477,KHALADA NALLAH NEAR WATER SUPPLY SCHEME FOR KULLU TOWN,DRAIN,HIMACHAL PRADESH,2024-05-25,31.975111,77.125025,10.34,8.02,7.41,148.83,0.99,1.61,70.39,551.67
4477,KHALADA NALLAH NEAR WATER SUPPLY SCHEME FOR KULLU TOWN,DRAIN,HIMACHAL PRADESH,2024-06-24,31.975111,77.125025,10.24,8.14,7.42,155.69,1.05,1.56,71.9,519.22
4477,KHALADA NALLAH NEAR WATER SUPPLY SCHEME FOR KULLU TOWN,DRAIN,HIMACHAL PRADESH,2024-07-24,31.975111,77.125025,10.47,8.4,7.9,153.72,1.04,1.65,73.47,537.79
4477,KHALADA NALLAH NEAR WATER SUPPLY SCHEME FOR KULLU TOWN,DRAIN,HIMACHAL PRADESH,2024-08-23,31.975111,77.125025,9.95,8.35,7.38,152.43,0.96,1.58,71.75,549.56
4477,KHALADA NALLAH NEAR WATER SUPPLY SCHEME FOR KULLU TOWN,DRAIN,HIMACHAL PRADESH,2024-09-22,31.975111,77.125025,9.91,7.94,7.75,152.88,1.02,1.53,71.15,550.07
4477,KHALADA NALLAH NEAR WATER SUPPLY SCHEME FOR KULLU TOWN,DRAIN,HIMACHAL PRADESH,2024-10-22,31.975111,77.125025,10.15,8.26,7.72,153.71,1.03,1.55,72.36,534.52
4477,KHALADA NALLAH NEAR WATER SUPPLY SCHEME FOR KULLU TOWN,DRAIN,HIMACHAL PRADESH,2024-11-21,31.975111,77.125025,10.4,8.25,7.28,145.12,1.03,1.6,71.34,553.51
4455,KLUIN NALLAH U/S WATER SUPPLY SCHEME,DRAIN,HIMACHAL PRADESH,2023-01-01,32.565435,76.119305,10.94,9.67,7.81,298.78,1.03,1.02,20.97,1748.99
4455,KLUIN NALLAH U/S WATER SUPPLY SCHEME,DRAIN,HIMACHAL PRADESH,2023-01-31,32.565435,76.119305,10.36,9.38,7.98,294.26,0.96,1.03,21.55,1884.34
4455,KLUIN NALLAH U/S WATER SUPPLY SCHEME,DRAIN,HIMACHAL PRADESH,2023-03-02,32.565435,76.119305,11.02,9.61,7.44,296.08,0.99,0.98,20.75,1749.28
4455,KLUIN NALLAH U/S WATER SUPPLY SCHEME,DRAIN,HIMACHAL PRADESH,2023-04-01,32.565435,76.119305,10.86,9.31,8.12,282.55,1.02,1.03,20.73,1846.99
4455,KLUIN NALLAH U/S WATER SUPPLY SCHEME,DRAIN,HIMACHAL PRADESH,2023-05-01,32.565435,76.119305,11.11,10.02,7.54,290.13,1.02,1.02,20.87,1862.96
4455,KLUIN NALLAH U/S WATER SUPPLY SCHEME,DRAIN,HIMACHAL PRADESH,2023-05-31,32.565435,76.119305,11.07,9.46,7.7,305.94,1.06,1.01,22.78,1824.55
4455,KLUIN NALLAH U/S WATER SUPPLY SCHEME,DRAIN,HIMACHAL PRADESH,2023-06-30,32.565435,76.119305,10.61,9.6,8.25,307.8,1.01,1.09,21.13,1871.21
4455,KLUIN NALLAH U/S WATER SUPPLY SCHEME,DRAIN,HIMACHAL PRADESH,2023-07-30,32.565435,76.119305,11.14,10.1,7.76,293.82,1.08,1.09,22.4,1985.51
4455,KLUIN NALLAH U/S WATER SUPPLY SCHEME,DRAIN,HIMACHAL PRADESH,2023-08-29,32.565435,76.119305,10.73,9.51,8.32,318.83,1.02,1.07,22.01,1936.12
4455,KLUIN NALLAH U/S WATER SUPPLY SCHEME,DRAIN,HIMACHAL PRADESH,2023-09-28,32.565435,76.119305,11.61,9.88,7.91,316.88,1.06,1.03,22.28,1887.25
4455,KLUIN NALLAH U/S WATER SUPPLY SCHEME,DRAIN,HIMACHAL PRADESH,2023-10-28,32.565435,76.119305,11.15,9.8,8.5,316.35,1.09,1.08,22.03,2001.76
4455,KLUIN NALLAH U/S WATER SUPPLY SCHEME,DRAIN,HIMACHAL PRADESH,2023-11-27,32.565435,76.119305,11.4,10.24,8.18,301.95,1.12,1.08,23.22,2019.77
4455,KLUIN NALLAH U/S WATER SUPPLY SCHEME,DRAIN,HIMACHAL PRADESH,2023-12-27,32.565435,76.119305,11.51,9.99,8.39,313.5,1.12,1.09,24.06,2045.55
4455,KLUIN NALLAH U/S WATER SUPPLY SCHEME,DRAIN,HIMACHAL PRADESH,2024-01-26,32.565435,76.119305,11.22,10.6,8.59,308.91,1.07,1.13,22.43,2016.91
4455,KLUIN NALLAH U/S WATER SUPPLY SCHEME,DRAIN,HIMACHAL PRADESH,2024-02-25,32.565435,76.119305,11.65,10.66,8.69,322.03,1.11,1.14,22.98,1957.02
4455,KLUIN NALLAH U/S WATER SUPPLY SCHEME,DRAIN,HIMACHAL PRADESH,2024-03-26,32.565435,76.119305,11.32,10.83,8.92,325.19,1.15,1.08,22.66,1943.65
4455,KLUIN NALLAH U/S WATER SUPPLY SCHEME,DRAIN,HIMACHAL PRADESH,2024-04-25,32.565435,76.119305,12.03,10.16,8.33,315.2,1.15,1.12,23.16,2035.43
4455,KLUIN NALLAH U/S WATER SUPPLY SCHEME,DRAIN,HIMACHAL PRADESH,2024-05-25,32.565435,76.119305,11.54,10.66,8.89,326.7,1.16,1.14,24.61,1995.58
4455,KLUIN NALLAH U/S WATER SUPPLY SCHEME,DRAIN,HIMACHAL PRADESH,2024-06-24,32.565435,76.119305,11.73,10.5,8.69,326.1,1.2,1.13,25.0,2135.24
4455,KLUIN NALLAH U/S WATER SUPPLY SCHEME,DRAIN,HIMACHAL PRADESH,2024-07-24,32.565435,76.119305,12.43,10.56,8.61,322.92,1.16,1.13,23.98,2005.85
4455,KLUIN NALLAH U/S WATER SUPPLY SCHEME,DRAIN,HIMACHAL PRADESH,2024-08-23,32.565435,76.119305,12.49,10.45,8.98,342.33,1.19,1.16,23.72,2062.72
4455,KLUIN NALLAH U/S WATER SUPPLY SCHEME,DRAIN,HIMACHAL PRADESH,2024-09-22,32.565435,76.119305,12.64,10.62,8.92,346.35,1.13,1.21,23.76,2023.65
4455,KLUIN NALLAH U/S WATER SUPPLY SCHEME,DRAIN,HIMACHAL PRADESH,2024-10-22,32.565435,76.119305,12.17,11.01,9.18,348.84,1.23,1.2,24.37,2126.42
4455,KLUIN NALLAH U/S WATER SUPPLY SCHEME,DRAIN,HIMACHAL PRADESH,2024-11-21,32.565435,76.119305,12.83,11.31,8.92,328.48,1.15,1.22,24.95,2051.98
4482,LIFT WATER SUPPLY SCHEME (PANJARAR) AND BHOTA ROPARI & UJHAN,DRAIN,HIMACHAL PRADESH,2023-01-01,31.614417,76.459929,22.34,8.28,7.03,499.23,1.49,0.94,2.93,42.11
4482,LIFT WATER SUPPLY SCHEME (PANJARAR) AND BHOTA ROPARI & UJHAN,DRAIN,HIMACHAL PRADESH,2023-01-31,31.614417,76.459929,23.34,8.1,7.15,504.88,1.62,0.94,3.15,43.66
4482,LIFT WATER SUPPLY SCHEME (PANJARAR) AND BHOTA ROPARI & UJHAN,DRAIN,HIMACHAL PRADESH,2023-03-02,31.614417,76.459929,23.75,7.81,7.1,511.68,1.5,0.93,2.91,45.33
4482,LIFT WATER SUPPLY SCHEME (PANJARAR) AND BHOTA ROPARI & UJHAN,DRAIN,HIMACHAL PRADESH,2023-04-01,31.614417,76.459929,23.59,8.16,7.58,498.51,1.5,0.97,3.12,43.78
4482,LIFT WATER SUPPLY SCHEME (PANJARAR) AND BHOTA ROPARI & UJHAN,DRAIN,HIMACHAL PRADESH,2023-05-01,31.614417,76.459929,22.54,7.8,7.66,483.71,1.55,0.92,2.94,43.45
4482,LIFT WATER SUPPLY SCHEME (PANJARAR) AND BHOTA ROPARI & UJHAN,DRAIN,HIMACHAL PRADESH,2023-05-31,31.614417,76.459929,22.55,8.0,7.27,500.36,1.49,0.91,2.87,45.07
4482,LIFT WATER SUPPLY SCHEME (PANJARAR) AND BHOTA ROPARI & UJHAN,DRAIN,HIMACHAL PRADESH,2023-06-30,31.614417,76.459929,24.54,7.76,7.05,496.71,1.54,0.93,3.08,45.4
4482,LIFT WATER SUPPLY SCHEME (PANJARAR) AND BHOTA ROPARI & UJHAN,DRAIN,HIMACHAL PRADESH,2023-07-30,31.614417,76.459929,23.84,8.29,7.38,521.64,1.59,0.94,3.08,41.92
4482,LIFT WATER SUPPLY SCHEME (PANJARAR) AND BHOTA ROPARI & UJHAN,DRAIN,HIMACHAL PRADESH,2023-08-29,31.614417,76.459929,22.68,7.63,6.94,524.66,1.55,0.94,3.12,44.32
4482,LIFT WATER SUPPLY SCHEME (PANJARAR) AND BHOTA ROPARI & UJHAN,DRAIN,HIMACHAL PRADESH,2023-09-28,31.614417,76.459929,23.39,8.08,7.39,516.27,1.63,0.97,2.96,44.51
4482,LIFT WATER SUPPLY SCHEME (PANJARAR) AND BHOTA ROPARI & UJHAN,DRAIN,HIMACHAL PRADESH,2023-10-28,31.614417,76.459929,22.98,8.01,7.22,504.8,1.54,0.93,3.11,45.66
4482,LIFT WATER SUPPLY SCHEME (PANJARAR) AND BHOTA ROPARI & UJHAN,DRAIN,HIMACHAL PRADESH,2023-11-27,31.614417,76.459929,22.42,8.05,7.46,509.19,1.57,0.94,2.94,44.18
4482,LIFT WATER SUPPLY SCHEME (PANJARAR) AND BHOTA ROPARI & UJHAN,DRAIN,HIMACHAL PRADESH,2023-12-27,31.614417,76.459929,22.87,7.86,7.59,490.44,1.61,0.99,3.11,42.73
4482,LIFT WATER SUPPLY SCHEME (PANJARAR) AND BHOTA ROPARI & UJHAN,DRAIN,HIMACHAL PRADESH,2024-01-26,31.614417,76.459929,22.52,8.14,7.03,504.06,1.59,0.93,3.02,42.53
4482,LIFT WATER SUPPLY SCHEME (PANJARAR) AND BHOTA ROPARI & UJHAN,DRAIN,HIMACHAL PRADESH,2024-02-25,31.614417,76.459929,23.33,7.65,7.24,478.76,1.57,0.99,2.97,45.56
4482,LIFT WATER SUPPLY SCHEME (PANJARAR) AND BHOTA ROPARI & UJHAN,DRAIN,HIMACHAL PRADESH,2024-03-26,31.614417,76.459929,24.47,8.33,7.24,494.21,1.54,0.99,3.03,44.46
4482,LIFT WATER SUPPLY SCHEME (PANJARAR) AND BHOTA ROPARI & UJHAN,DRAIN,HIMACHAL PRADESH,2024-04-25,31.614417,76.459929,22.78,8.05,6.97,491.76,1.49,0.96,2.88,44.12
4482,LIFT WATER SUPPLY SCHEME (PANJARAR) AND BHOTA ROPARI & UJHAN,DRAIN,HIMACHAL PRADESH,2024-05-25,31.614417,76.459929,22.69,7.76,7.32,517.22,1.61,0.99,2.86,41.59
4482,LIFT WATER SUPPLY SCHEME (PANJARAR) AND BHOTA ROPARI & UJHAN,DRAIN,HIMACHAL PRADESH,2024-06-24,31.614417,76.459929,23.4,8.05,7.12,517.7,1.6,0.98,2.96,43.12
4482,LIFT WATER SUPPLY SCHEME (PANJARAR) AND BHOTA ROPARI & UJHAN,DRAIN,HIMACHAL PRADESH,2024-07-24,31.614417,76.459929,23.64,7.86,6.98,479.68,1.6,0.96,2.91,41.69
4482,LIFT WATER SUPPLY SCHEME (PANJARAR) AND BHOTA ROPARI & UJHAN,DRAIN,HIMACHAL PRADESH,2024-08-23,31.614417,76.459929,23.8,8.32,7.33,508.55,1.58,0.91,3.13,43.66
4482,LIFT WATER SUPPLY SCHEME (PANJARAR) AND BHOTA ROPARI & UJHAN,DRAIN,HIMACHAL PRADESH,2024-09-22,31.614417,76.459929,24.35,7.69,7.42,487.18,1.58,0.95,3.06,42.63
4482,LIFT WATER SUPPLY SCHEME (PANJARAR) AND BHOTA ROPARI & UJHAN,DRAIN,HIMACHAL PRADESH,2024-10-22,31.614417,76.459929,22.47,7.78,7.54,507.46,1.59,0.94,2.87,43.62
4482,LIFT WATER SUPPLY SCHEME (PANJARAR) AND BHOTA ROPARI & UJHAN,DRAIN,HIMACHAL PRADESH,2024-11-21,31.614417,76.459929,24.65,7.94,7.33,490.2,1.6,0.95,2.93,44.27
4036,"KUNNI PUL, VILL SAMAHU, PO KUNIHAR, TEHSIL ARKI",DRAIN,HIMACHAL PRADESH,2023-01-01,31.086917,76.956937,12.66,7.78,8.36,1996.64,1.38,3.09,6.96,189.58
4036,"KUNNI PUL, VILL SAMAHU, PO KUNIHAR, TEHSIL ARKI",DRAIN,HIMACHAL PRADESH,2023-01-31,31.086917,76.956937,12.26,7.5,7.91,1867.19,1.36,3.36,7.13,177.1
4036,"KUNNI PUL, VILL SAMAHU, PO KUNIHAR, TEHSIL ARKI",DRAIN,HIMACHAL PRADESH,2023-03-02,31.086917,76.956937,11.88,7.21,8.07,1946.87,1.41,3.16,7.14,189.7
4036,"KUNNI PUL, VILL SAMAHU, PO KUNIHAR, TEHSIL ARKI",DRAIN,HIMACHAL PRADESH,2023-04-01,31.086917,76.956937,12.55,7.22,7.64,1817.12,1.38,3.13,6.84,186.06
4036,"KUNNI PUL, VILL SAMAHU, PO KUNIHAR, TEHSIL ARKI",DRAIN,HIMACHAL PRADESH,2023-05-01,31.086917,76.956937,12.23,7.4,8.15,1903.8,1.35,3.07,6.93,175.78
4036,"KUNNI PUL, VILL SAMAHU, PO KUNIHAR, TEHSIL ARKI",DRAIN,HIMACHAL PRADESH,2023-05-31,31.086917,76.956937,12.39,7.39,7.79,1809.02,1.34,3.1,6.8,184.69
4036,"KUNNI PUL, VILL SAMAHU, PO KUNIHAR, TEHSIL ARKI",DRAIN,HIMACHAL PRADESH,2023-06-30,31.086917,76.956937,11.35,7.57,8.0,1806.14,1.28,2.94,6.76,174.74
4036,"KUNNI PUL, VILL SAMAHU, PO KUNIHAR, TEHSIL ARKI",DRAIN,HIMACHAL PRADESH,2023-07-30,31.086917,76.956937,11.68,7.33,7.52,1784.02,1.35,3.14,6.83,170.79
4036,"KUNNI PUL, VILL SAMAHU, PO KUNIHAR, TEHSIL ARKI",DRAIN,HIMACHAL PRADESH,2023-08-29,31.086917,76.956937,12.14,6.98,7.47,1710.96,1.32,2.92,6.59,173.06
4036,"KUNNI PUL, VILL SAMAHU, PO KUNIHAR, TEHSIL ARKI",DRAIN,HIMACHAL PRADESH,2023-09-28,31.086917,76.956937,11.84,7.22,7.79,1750.38,1.35,3.04,6.24,167.41
4036,"KUNNI PUL, VILL SAMAHU, PO KUNIHAR, TEHSIL ARKI",DRAIN,HIMACHAL PRADESH,2023-10-28,31.086917,76.956937,11.81,6.74,7.26,1795.2,1.25,3.11,6.47,163.27
4036,"KUNNI PUL, VILL SAMAHU, PO KUNIHAR, TEHSIL ARKI",DRAIN,HIMACHAL PRADESH,2023-11-27,31.086917,76.956937,11.73,6.99,7.28,1791.4,1.2,2.83,6.68,168.94
4036,"KUNNI PUL, VILL SAMAHU, PO KUNIHAR, TEHSIL ARKI",DRAIN,HIMACHAL PRADESH,2023-12-27,31.086917,76.956937,10.86,6.48,6.97,1779.6,1.32,3.04,6.47,171.52
4036,"KUNNI PUL, VILL SAMAHU, PO KUNIHAR, TEHSIL ARKI",DRAIN,HIMACHAL PRADESH,2024-01-26,31.086917,76.956937,11.64,6.74,7.61,1727.79,1.18,2.96,6.53,160.06
4036,"KUNNI PUL, VILL SAMAHU, PO KUNIHAR, TEHSIL ARKI",DRAIN,HIMACHAL PRADESH,2024-02-25,31.086917,76.956937,11.12,6.5,7.19,1800.69,1.26,2.86,6.23,163.01
4036,"KUNNI PUL, VILL SAMAHU, PO KUNIHAR, TEHSIL ARKI",DRAIN,HIMACHAL PRADESH,2024-03-26,31.086917,76.956937,10.53,6.79,7.29,1783.63,1.29,2.71,6.11,162.53
4036,"KUNNI PUL, VILL SAMAHU, PO KUNIHAR, TEHSIL ARKI",DRAIN,HIMACHAL PRADESH,2024-04-25,31.086917,76.956937,11.26,6.91,7.12,1597.11,1.25,2.95,6.05,163.94
4036,"KUNNI PUL, VILL SAMAHU, PO KUNIHAR, TEHSIL ARKI",DRAIN,HIMACHAL PRADESH,2024-05-25,31.086917,76.956937,11.34,6.61,7.39,1746.04,1.23,2.77,5.85,158.24
4036,"KUNNI PUL, VILL SAMAHU, PO KUNIHAR, TEHSIL ARKI",DRAIN,HIMACHAL PRADESH,2024-06-24,31.086917,76.956937,10.65,6.48,7.3,1674.21,1.15,2.62,5.83,161.27
4036,"KUNNI PUL, VILL SAMAHU, PO KUNIHAR, TEHSIL ARKI",DRAIN,HIMACHAL PRADESH,2024-07-24,31.086917,76.956937,10.16,6.28,6.58,1602.2,1.23,2.66,6.01,150.79
4036,"KUNNI PUL, VILL SAMAHU, PO KUNIHAR, TEHSIL ARKI",DRAIN,HIMACHAL PRADESH,2024-08-23,31.086917,76.956937,10.85,6.5,7.14,1560.9,1.19,2.65,5.51,157.7
4036,"KUNNI PUL, VILL SAMAHU, PO KUNIHAR, TEHSIL ARKI",DRAIN,HIMACHAL PRADESH,2024-09-22,31.086917,76.956937,9.89,6.09,6.52,1622.19,1.18,2.83,5.66,145.15
4036,"KUNNI PUL, VILL SAMAHU, PO KUNIHAR, TEHSIL ARKI",DRAIN,HIMACHAL PRADESH,2024-10-22,31.086917,76.956937,10.24,6.26,6.7,1518.64,1.16,2.74,6.02,155.02
4036,"KUNNI PUL, VILL SAMAHU, PO KUNIHAR, TEHSIL ARKI",DRAIN,HIMACHAL PRADESH,2024-11-21,31.086917,76.956937,10.34,6.42,6.7,1513.7,1.18,2.62,5.96,143.36
4430,LIFT NALLAH BEFORE CONFLUENCE TO ASHWANI KHAD NEAR DOGRHA BRIDGE,DRAIN,HIMACHAL PRADESH,2023-01-01,31.14587,77.103988,16.77,7.42,6.94,456.54,6.71,3.77,191.97,1084.0
4430,LIFT NALLAH BEFORE CONFLUENCE TO ASHWANI KHAD NEAR DOGRHA BRIDGE,DRAIN,HIMACHAL PRADESH,2023-01-31,31.14587,77.103988,15.67,7.26,6.98,442.32,6.77,3.73,175.76,1095.44
4430,LIFT NALLAH BEFORE CONFLUENCE TO ASHWANI KHAD NEAR DOGRHA BRIDGE,DRAIN,HIMACHAL PRADESH,2023-03-02,31.14587,77.103988,15.25,7.37,7.31,460.82,6.86,3.73,176.15,1030.66
4430,LIFT NALLAH BEFORE CONFLUENCE TO ASHWANI KHAD NEAR DOGRHA BRIDGE,DRAIN,HIMACHAL PRADESH,2023-04-01,31.14587,77.103988,16.03,7.19,7.26,452.26,6.85,3.52,177.67,1044.17
4430,LIFT NALLAH BEFORE CONFLUENCE TO ASHWANI KHAD NEAR DOGRHA BRIDGE,DRAIN,HIMACHAL PRADESH,2023-05-01,31.14587,77.103988,15.43,7.26,7.22,442.2,6.78,3.51,182.63,1026.44
4430,LIFT NALLAH BEFORE CONFLUENCE TO ASHWANI KHAD NEAR DOGRHA BRIDGE,DRAIN,HIMACHAL PRADESH,2023-05-31,31.14587,77.103988,16.2,7.41,7.33,460.23,6.65,3.58,192.21,1031.77
4430,LIFT NALLAH BEFORE CONFLUENCE TO ASHWANI KHAD NEAR DOGRHA BRIDGE,DRAIN,HIMACHAL PRADESH,2023-06-30,31.14587,77.103988,16.31,7.17,6.99,454.81,6.47,3.63,177.71,1089.98
4430,LIFT NALLAH BEFORE CONFLUENCE TO ASHWANI KHAD NEAR DOGRHA BRIDGE,DRAIN,HIMACHAL PRADESH,2023-07-30,31.14587,77.103988,16.43,7.02,6.91,467.66,6.87,3.54,185.04,1027.11
4430,LIFT NALLAH BEFORE CONFLUENCE TO ASHWANI KHAD NEAR DOGRHA BRIDGE,DRAIN,HIMACHAL PRADESH,2023-08-29,31.14587,77.103988,16.74,6.9,7.05,465.86,6.51,3.6,181.42,1095.8
4430,LIFT NALLAH BEFORE CONFLUENCE TO ASHWANI KHAD NEAR DOGRHA BRIDGE,DRAIN,HIMACHAL PRADESH,2023-09-28,31.14587,77.103988,15.34,7.12,7.22,467.4,6.66,3.52,176.91,1017.6
4430,LIFT NALLAH BEFORE CONFLUENCE TO ASHWANI KHAD NEAR DOGRHA BRIDGE,DRAIN,HIMACHAL PRADESH,2023-10-28,31.14587,77.103988,15.9,7.25,6.78,441.17,6.53,3.58,176.3,1031.48
4430,LIFT NALLAH BEFORE CONFLUENCE TO ASHWANI KHAD NEAR DOGRHA BRIDGE,DRAIN,HIMACHAL PRADESH,2023-11-27,31.14587,77.103988,15.57,6.95,7.37,440.76,6.93,3.78,183.92,1072.11
4430,LIFT NALLAH BEFORE CONFLUENCE TO ASHWANI KHAD NEAR DOGRHA BRIDGE,DRAIN,HIMACHAL PRADESH,2023-12-27,31.14587,77.103988,16.49,6.92,6.82,432.88,6.84,3.68,184.45,1026.59
4430,LIFT NALLAH BEFORE CONFLUENCE TO ASHWANI KHAD NEAR DOGRHA BRIDGE,DRAIN,HIMACHAL PRADESH,2024-01-26,31.14587,77.103988,15.7,7.5,6.84,444.27,6.88,3.73,182.08,1035.19
4430,LIFT NALLAH BEFORE CONFLUENCE TO ASHWANI KHAD NEAR DOGRHA BRIDGE,DRAIN,HIMACHAL PRADESH,2024-02-25,31.14587,77.103988,16.09,7.05,6.88,445.38,6.76,3.74,183.77,1104.27
4430,LIFT NALLAH BEFORE CONFLUENCE TO ASHWANI KHAD NEAR DOGRHA BRIDGE,DRAIN,HIMACHAL PRADESH,2024-03-26,31.14587,77.103988,16.79,7.34,6.98,465.57,6.76,3.46,183.07,1097.17
4430,LIFT NALLAH BEFORE CONFLUENCE TO ASHWANI KHAD NEAR DOGRHA BRIDGE,DRAIN,HIMACHAL PRADESH,2024-04-25,31.14587,77.103988,16.7,7.36,6.91,474.69,6.94,3.5,186.23,1064.72
4430,LIFT NALLAH BEFORE CONFLUENCE TO ASHWANI KHAD NEAR DOGRHA BRIDGE,DRAIN,HIMACHAL PRADESH,2024-05-25,31.14587,77.103988,16.01,7.48,7.11,451.01,6.74,3.49,178.09,1122.42
4430,LIFT NALLAH BEFORE CONFLUENCE TO ASHWANI KHAD NEAR DOGRHA BRIDGE,DRAIN,HIMACHAL PRADESH,2024-06-24,31.14587,77.103988,16.52,7.2,7.35,445.42,6.87,3.74,186.88,1047.98
4430,LIFT NALLAH BEFORE CONFLUENCE TO ASHWANI KHAD NEAR DOGRHA BRIDGE,DRAIN,HIMACHAL PRADESH,2024-07-24,31.14587,77.103988,16.58,7.4,7.17,464.51,6.81,3.52,187.8,1100.26
4430,LIFT NALLAH BEFORE CONFLUENCE TO ASHWANI KHAD NEAR DOGRHA BRIDGE,DRAIN,HIMACHAL PRADESH,2024-08-23,31.14587,77.103988,16.69,7.52,7.35,467.59,6.46,3.71,185.37,1060.39
4430,LIFT NALLAH BEFORE CONFLUENCE TO ASHWANI KHAD NEAR DOGRHA BRIDGE,DRAIN,HIMACHAL PRADESH,2024-09-22,31.14587,77.103988,15.93,6.91,7.22,437.24,6.49,3.72,184.55,1100.1
4430,LIFT NALLAH BEFORE CONFLUENCE TO ASHWANI KHAD NEAR DOGRHA BRIDGE,DRAIN,HIMACHAL PRADESH,2024-10-22,31.14587,77.103988,16.5,7.06,7.35,447.89,6.87,3.61,183.7,1037.29
4430,LIFT NALLAH BEFORE CONFLUENCE TO ASHWANI KHAD NEAR DOGRHA BRIDGE,DRAIN,HIMACHAL PRADESH,2024-11-21,31.14587,77.103988,16.3,7.44,6.88,474.77,6.98,3.67,186.21,1056.12
4475,"MACHADA NALLAH, MAJHOUTI WATER SUPPLY SCHEME NEAR NIRATH",DRAIN,HIMACHAL PRADESH,2023-01-01,31.914969,76.675416,10.38,9.66,8.09,233.47,1.03,1.3,85.55,784.83
4475,"MACHADA NALLAH, MAJHOUTI WATER SUPPLY SCHEME NEAR NIRATH",DRAIN,HIMACHAL PRADESH,2023-01-31,31.914969,76.675416,10.79,9.39,8.12,230.69,0.97,1.35,86.57,793.67
4475,"MACHADA NALLAH, MAJHOUTI WATER SUPPLY SCHEME NEAR NIRATH",DRAIN,HIMACHAL PRADESH,2023-03-02,31.914969,76.675416,10.82,9.49,7.56,235.86,1.03,1.29,89.35,797.51
4475,"MACHADA NALLAH, MAJHOUTI WATER SUPPLY SCHEME NEAR NIRATH",DRAIN,HIMACHAL PRADESH,2023-04-01,31.914969,76.675416,10.01,9.22,8.24,230.05,1.04,1.24,85.57,812.07
4475,"MACHADA NALLAH, MAJHOUTI WATER SUPPLY SCHEME NEAR NIRATH",DRAIN,HIMACHAL PRADESH,2023-05-01,31.914969,76.675416,10.43,9.93,7.82,230.94,0.97,1.27,85.64,814.42
4475,"MACHADA NALLAH, MAJHOUTI WATER SUPPLY SCHEME NEAR NIRATH",DRAIN,HIMACHAL PRADESH,2023-05-31,31.914969,76.675416,10.92,9.65,8.08,248.26,0.95,1.35,89.09,849.91
4475,"MACHADA NALLAH, MAJHOUTI WATER SUPPLY SCHEME NEAR NIRATH",DRAIN,HIMACHAL PRADESH,2023-06-30,31.914969,76.675416,10.79,9.53,8.27,239.11,1.01,1.36,90.29,802.33
4475,"MACHADA NALLAH, MAJHOUTI WATER SUPPLY SCHEME NEAR NIRATH",DRAIN,HIMACHAL PRADESH,2023-07-30,31.914969,76.675416,10.93,9.69,7.98,240.85,0.96,1.35,88.57,774.36
4475,"MACHADA NALLAH, MAJHOUTI WATER SUPPLY SCHEME NEAR NIRATH",DRAIN,HIMACHAL PRADESH,2023-08-29,31.914969,76.675416,10.68,9.88,7.78,235.56,1.0,1.33,88.36,784.96
4475,"MACHADA NALLAH, MAJHOUTI WATER SUPPLY SCHEME NEAR NIRATH",DRAIN,HIMACHAL PRADESH,2023-09-28,31.914969,76.675416,10.79,9.22,7.82,227.27,0.97,1.24,90.03,791.56
4475,"MACHADA NALLAH, MAJHOUTI WATER SUPPLY SCHEME NEAR NIRATH",DRAIN,HIMACHAL PRADESH,2023-10-28,31.914969,76.675416,10.08,9.3,8.26,246.69,0.97,1.36,87.66,836.25
4475,"MACHADA NALLAH, MAJHOUTI WATER SUPPLY SCHEME NEAR NIRATH",DRAIN,HIMACHAL PRADESH,2023-11-27,31.914969,76.675416,10.06,9.62,8.13,249.11,0.99,1.31,87.1,842.37
4475,"MACHADA NALLAH, MAJHOUTI WATER SUPPLY SCHEME NEAR NIRATH",DRAIN,HIMACHAL PRADESH,2023-12-27,31.914969,76.675416,10.57,9.42,7.96,229.45,1.0,1.25,88.65,823.23
4475,"MACHADA NALLAH, MAJHOUTI WATER SUPPLY SCHEME NEAR NIRATH",DRAIN,HIMACHAL PRADESH,2024-01-26,31.914969,76.675416,11.02,9.37,7.88,228.63,1.02,1.33,88.85,772.75
4475,"MACHADA NALLAH, MAJHOUTI WATER SUPPLY SCHEME NEAR NIRATH",DRAIN,HIMACHAL PRADESH,2024-02-25,31.914969,76.675416,10.7,9.63,7.78,245.24,1.03,1.32,88.54,843.85
4475,"MACHADA NALLAH, MAJHOUTI WATER SUPPLY SCHEME NEAR NIRATH",DRAIN,HIMACHAL PRADESH,2024-03-26,31.914969,76.675416,10.57,9.23,8.02,234.75,0.95,1.29,84.69,819.37
4475,"MACHADA NALLAH, MAJHOUTI WATER SUPPLY SCHEME NEAR NIRATH",DRAIN,HIMACHAL PRADESH,2024-04-25,31.914969,76.675416,9.98,9.49,7.99,242.74,1.02,1.3,88.14,823.22
4475,"MACHADA NALLAH, MAJHOUTI WATER SUPPLY SCHEME NEAR NIRATH",DRAIN,HIMACHAL PRADESH,2024-05-25,31.914969,76.675416,10.88,9.23,8.02,234.67,1.0,1.28,92.72,784.44
4475,"MACHADA NALLAH, MAJHOUTI WATER SUPPLY SCHEME NEAR NIRATH",DRAIN,HIMACHAL PRADESH,2024-06-24,31.914969,76.675416,10.84,9.17,7.98,225.95,0.95,1.35,85.37,773.12
4475,"MACHADA NALLAH, MAJHOUTI WATER SUPPLY SCHEME NEAR NIRATH",DRAIN,HIMACHAL PRADESH,2024-07-24,31.914969,76.675416,10.49,9.61,7.65,242.26,0.96,1.25,92.46,837.47
4475,"MACHADA NALLAH, MAJHOUTI WATER SUPPLY SCHEME NEAR NIRATH",DRAIN,HIMACHAL PRADESH,2024-08-23,31.914969,76.675416,10.12,9.38,7.9,249.1,0.96,1.25,89.12,774.03
4475,"MACHADA NALLAH, MAJHOUTI WATER SUPPLY SCHEME NEAR NIRATH",DRAIN,HIMACHAL PRADESH,2024-09-22,31.914969,76.675416,10.42,9.9,7.57,248.19,0.97,1.34,88.35,776.84
4475,"MACHADA NALLAH, MAJHOUTI WATER SUPPLY SCHEME NEAR NIRATH",DRAIN,HIMACHAL PRADESH,2024-10-22,31.914969,76.675416,10.72,9.43,8.23,244.33,1.0,1.24,89.78,838.91
4475,"MACHADA NALLAH, MAJHOUTI WATER SUPPLY SCHEME NEAR NIRATH",DRAIN,HIMACHAL PRADESH,2024-11-21,31.914969,76.675416,9.98,9.14,7.77,229.7,1.01,1.32,86.68,789.02
4476,MANALSU NALLAH NEAR WATER SUPPLY SCHEME FOR MANALI TOWN,DRAIN,HIMACHAL PRADESH,2023-01-01,32.255479,77.187175,7.84,8.25,7.68,52.84,0.96,0.51,85.11,309.75
4476,MANALSU NALLAH NEAR WATER SUPPLY SCHEME FOR MANALI TOWN,DRAIN,HIMACHAL PRADESH,2023-01-31,32.255479,77.187175,7.62,8.77,7.49,51.96,0.98,0.48,86.05,304.12
4476,MANALSU NALLAH NEAR WATER SUPPLY SCHEME FOR MANALI TOWN,DRAIN,HIMACHAL PRADESH,2023-03-02,32.255479,77.187175,7.58,8.34,7.46,52.04,1.03,0.48,79.23,325.21
4476,MANALSU NALLAH NEAR WATER SUPPLY SCHEME FOR MANALI TOWN,DRAIN,HIMACHAL PRADESH,2023-04-01,32.255479,77.187175,7.57,8.25,7.35,53.44,1.03,0.49,82.34,308.57
4476,MANALSU NALLAH NEAR WATER SUPPLY SCHEME FOR MANALI TOWN,DRAIN,HIMACHAL PRADESH,2023-05-01,32.255479,77.187175,7.66,8.98,7.7,55.99,0.99,0.49,86.18,297.3
4476,MANALSU NALLAH NEAR WATER SUPPLY SCHEME FOR MANALI TOWN,DRAIN,HIMACHAL PRADESH,2023-05-31,32.255479,77.187175,7.61,8.92,7.47,57.12,1.01,0.51,79.91,305.37
4476,MANALSU NALLAH NEAR WATER SUPPLY SCHEME FOR MANALI TOWN,DRAIN,HIMACHAL PRADESH,2023-06-30,32.255479,77.187175,7.64,8.95,7.5,53.5,1.01,0.48,82.74,322.59
4476,MANALSU NALLAH NEAR WATER SUPPLY SCHEME FOR MANALI TOWN,DRAIN,HIMACHAL PRADESH,2023-07-30,32.255479,77.187175,7.83,8.48,7.34,57.16,0.97,0.5,86.41,320.33
4476,MANALSU NALLAH NEAR WATER SUPPLY SCHEME FOR MANALI TOWN,DRAIN,HIMACHAL PRADESH,2023-08-29,32.255479,77.187175,7.32,8.8,7.7,54.4,1.05,0.5,85.68,312.77
4476,MANALSU NALLAH NEAR WATER SUPPLY SCHEME FOR MANALI TOWN,DRAIN,HIMACHAL PRADESH,2023-09-28,32.255479,77.187175,7.77,8.38,7.75,54.52,1.02,0.52,80.5,300.98
4476,MANALSU NALLAH NEAR WATER SUPPLY SCHEME FOR MANALI TOWN,DRAIN,HIMACHAL PRADESH,2023-10-28,32.255479,77.187175,7.39,8.53,7.46,51.87,1.04,0.52,82.99,311.81
4476,MANALSU NALLAH NEAR WATER SUPPLY SCHEME FOR MANALI TOWN,DRAIN,HIMACHAL PRADESH,2023-11-27,32.255479,77.187175,7.25,9.01,7.21,52.64,1.01,0.5,87.13,316.42
4476,MANALSU NALLAH NEAR WATER SUPPLY SCHEME FOR MANALI TOWN,DRAIN,HIMACHAL PRADESH,2023-12-27,32.255479,77.187175,7.46,8.99,7.59,57.01,0.96,0.52,85.24,325.03
4476,MANALSU NALLAH NEAR WATER SUPPLY SCHEME FOR MANALI TOWN,DRAIN,HIMACHAL PRADESH,2024-01-26,32.255479,77.187175,7.31,8.39,7.36,55.93,0.96,0.51,86.9,321.03
4476,MANALSU NALLAH NEAR WATER SUPPLY SCHEME FOR MANALI TOWN,DRAIN,HIMACHAL PRADESH,2024-02-25,32.255479,77.187175,7.8,8.94,7.67,54.12,0.95,0.49,84.1,325.06
4476,MANALSU NALLAH NEAR WATER SUPPLY SCHEME FOR MANALI TOWN,DRAIN,HIMACHAL PRADESH,2024-03-26,32.255479,77.187175,7.26,8.42,7.21,53.5,1.02,0.49,84.28,308.78
4476,MANALSU NALLAH NEAR WATER SUPPLY SCHEME FOR MANALI TOWN,DRAIN,HIMACHAL PRADESH,2024-04-25,32.255479,77.187175,7.16,8.65,7.92,53.62,1.02,0.51,87.05,296.9
4476,MANALSU NALLAH NEAR WATER SUPPLY SCHEME FOR MANALI TOWN,DRAIN,HIMACHAL PRADESH,2024-05-25,32.255479,77.187175,7.48,8.43,7.52,51.99,1.01,0.5,79.05,316.23
4476,MANALSU NALLAH NEAR WATER SUPPLY SCHEME FOR MANALI TOWN,DRAIN,HIMACHAL PRADESH,2024-06-24,32.255479,77.187175,7.19,8.79,7.62,52.04,0.97,0.48,82.23,316.13
4476,MANALSU NALLAH NEAR WATER SUPPLY SCHEME FOR MANALI TOWN,DRAIN,HIMACHAL PRADESH,2024-07-24,32.255479,77.187175,7.36,8.41,7.21,56.39,0.99,0.49,84.61,323.65
4476,MANALSU NALLAH NEAR WATER SUPPLY SCHEME FOR MANALI TOWN,DRAIN,HIMACHAL PRADESH,2024-08-23,32.255479,77.187175,7.37,8.62,7.72,53.18,0.99,0.49,85.32,309.73
4476,MANALSU NALLAH NEAR WATER SUPPLY SCHEME FOR MANALI TOWN,DRAIN,HIMACHAL PRADESH,2024-09-22,32.255479,77.187175,7.35,8.46,7.7,55.59,1.04,0.48,86.43,305.31
4476,MANALSU NALLAH NEAR WATER SUPPLY SCHEME FOR MANALI TOWN,DRAIN,HIMACHAL PRADESH,2024-10-22,32.255479,77.187175,7.24,8.86,7.92,56.66,0.99,0.5,80.46,296.98
4476,MANALSU NALLAH NEAR WATER SUPPLY SCHEME FOR MANALI TOWN,DRAIN,HIMACHAL PRADESH,2024-11-21,32.255479,77.187175,7.46,8.46,7.28,53.35,0.98,0.49,81.78,325.69
4034,SAHU NALLAH U/S BHURI SINGH SHEP,DRAIN,HIMACHAL PRADESH,2023-01-01,32.774166,76.135555,11.34,9.19,7.87,206.53,1.0,1.83,35.68,2817.89
4034,SAHU NALLAH U/S BHURI SINGH SHEP,DRAIN,HIMACHAL PRADESH,2023-01-31,32.774166,76.135555,11.32,9.39,7.67,201.91,0.98,1.76,33.65,2658.16
4034,SAHU NALLAH U/S BHURI SINGH SHEP,DRAIN,HIMACHAL PRADESH,2023-03-02,32.774166,76.135555,10.75,8.93,7.38,207.83,0.99,1.77,33.88,2833.42
4034,SAHU NALLAH U/S BHURI SINGH SHEP,DRAIN,HIMACHAL PRADESH,2023-04-01,32.774166,76.135555,11.62,9.28,7.42,209.76,0.95,1.8,34.05,2668.33
4034,SAHU NALLAH U/S BHURI SINGH SHEP,DRAIN,HIMACHAL PRADESH,2023-05-01,32.774166,76.135555,10.73,8.74,7.96,201.41,1.0,1.72,34.16,2600.63
4034,SAHU NALLAH U/S BHURI SINGH SHEP,DRAIN,HIMACHAL PRADESH,2023-05-31,32.774166,76.135555,11.35,8.73,7.51,194.47,0.99,1.74,34.71,2658.59
4034,SAHU NALLAH U/S BHURI SINGH SHEP,DRAIN,HIMACHAL PRADESH,2023-06-30,32.774166,76.135555,11.09,8.53,7.75,190.99,0.94,1.76,32.02,2694.04
4034,SAHU NALLAH U/S BHURI SINGH SHEP,DRAIN,HIMACHAL PRADESH,2023-07-30,32.774166,76.135555,10.92,9.14,7.5,200.34,0.9,1.75,32.73,2645.4
4034,SAHU NALLAH U/S BHURI SINGH SHEP,DRAIN,HIMACHAL PRADESH,2023-08-29,32.774166,76.135555,10.7,8.38,6.99,198.91,0.89,1.72,33.33,2556.85
4034,SAHU NALLAH U/S BHURI SINGH SHEP,DRAIN,HIMACHAL PRADESH,2023-09-28,32.774166,76.135555,10.45,9.01,7.02,195.07,0.96,1.67,33.76,2677.55
4034,SAHU NALLAH U/S BHURI SINGH SHEP,DRAIN,HIMACHAL PRADESH,2023-10-28,32.774166,76.135555,10.88,8.79,7.1,190.08,0.88,1.73,31.13,2483.97
4034,SAHU NALLAH U/S BHURI SINGH SHEP,DRAIN,HIMACHAL PRADESH,2023-11-27,32.774166,76.135555,10.83,8.08,7.48,189.51,0.93,1.65,31.11,2535.34
4034,SAHU NALLAH U/S BHURI SINGH SHEP,DRAIN,HIMACHAL PRADESH,2023-12-27,32.774166,76.135555,10.44,7.87,7.28,187.83,0.9,1.57,29.87,2555.11
4034,SAHU NALLAH U/S BHURI SINGH SHEP,DRAIN,HIMACHAL PRADESH,2024-01-26,32.774166,76.135555,10.39,7.88,6.68,180.03,0.9,1.55,29.71,2389.41
4034,SAHU NALLAH U/S BHURI SINGH SHEP,DRAIN,HIMACHAL PRADESH,2024-02-25,32.774166,76.135555,10.14,8.45,7.29,179.06,0.92,1.57,30.05,2472.67
4034,SAHU NALLAH U/S BHURI SINGH SHEP,DRAIN,HIMACHAL PRADESH,2024-03-26,32.774166,76.135555,9.53,7.86,7.22,180.46,0.83,1.65,29.23,2294.77
4034,SAHU NALLAH U/S BHURI SINGH SHEP,DRAIN,HIMACHAL PRADESH,2024-04-25,32.774166,76.135555,9.85,8.11,6.73,180.09,0.83,1.53,30.36,2404.21
4034,SAHU NALLAH U/S BHURI SINGH SHEP,DRAIN,HIMACHAL PRADESH,2024-05-25,32.774166,76.135555,10.02,8.22,6.41,185.08,0.9,1.51,30.08,2308.42
4034,SAHU NALLAH U/S BHURI SINGH SHEP,DRAIN,HIMACHAL PRADESH,2024-06-24,32.774166,76.135555,10.03,7.58,6.94,184.97,0.81,1.52,28.59,2312.23
4034,SAHU NALLAH U/S BHURI SINGH SHEP,DRAIN,HIMACHAL PRADESH,2024-07-24,32.774166,76.135555,9.17,7.82,6.39,179.51,0.83,1.57,28.98,2260.31
4034,SAHU NALLAH U/S BHURI SINGH SHEP,DRAIN,HIMACHAL PRADESH,2024-08-23,32.774166,76.135555,9.45,7.71,6.47,173.34,0.86,1.42,29.02,2418.43
4034,SAHU NALLAH U/S BHURI SINGH SHEP,DRAIN,HIMACHAL PRADESH,2024-09-22,32.774166,76.135555,9.92,8.03,6.16,164.66,0.85,1.49,28.55,2158.06
4034,SAHU NALLAH U/S BHURI SINGH SHEP,DRAIN,HIMACHAL PRADESH,2024-10-22,32.774166,76.135555,9.72,7.74,6.2,170.0,0.8,1.48,27.91,2368.78
4034,SAHU NALLAH U/S BHURI SINGH SHEP,DRAIN,HIMACHAL PRADESH,2024-11-21,32.774166,76.135555,9.35,7.08,6.22,166.14,0.79,1.51,27.97,2256.68
4035,SAHU NALLAH D/S BHURI SINGH SHEP,DRAIN,HIMACHAL PRADESH,2023-01-01,32.77,76.188611,11.02,9.24,7.67,201.8,0.98,1.67,45.49,4591.62
4035,SAHU NALLAH D/S BHURI SINGH SHEP,DRAIN,HIMACHAL PRADESH,2023-01-31,32.77,76.188611,11.05,9.01,7.63,205.06,0.97,1.63,46.68,4431.37
4035,SAHU NALLAH D/S BHURI SINGH SHEP,DRAIN,HIMACHAL PRADESH,2023-03-02,32.77,76.188611,10.4,9.35,7.97,198.37,0.97,1.51,44.5,4670.04
4035,SAHU NALLAH D/S BHURI SINGH SHEP,DRAIN,HIMACHAL PRADESH,2023-04-01,32.77,76.188611,10.47,8.44,8.01,210.62,0.96,1.56,45.47,4597.61
4035,SAHU NALLAH D/S BHURI SINGH SHEP,DRAIN,HIMACHAL PRADESH,2023-05-01,32.77,76.188611,10.74,8.89,7.53,212.24,0.96,1.57,45.38,4297.7
4035,SAHU NALLAH D/S BHURI SINGH SHEP,DRAIN,HIMACHAL PRADESH,2023-05-31,32.77,76.188611,10.96,8.85,7.59,194.67,1.01,1.46,44.27,4226.38
4035,SAHU NALLAH D/S BHURI SINGH SHEP,DRAIN,HIMACHAL PRADESH,2023-06-30,32.77,76.188611,10.23,8.47,7.71,198.8,0.98,1.48,43.42,4285.31
4035,SAHU NALLAH D/S BHURI SINGH SHEP,DRAIN,HIMACHAL PRADESH,2023-07-30,32.77,76.188611,10.61,8.23,7.69,205.36,0.91,1.56,44.77,4209.31
4035,SAHU NALLAH D/S BHURI SINGH SHEP,DRAIN,HIMACHAL PRADESH,2023-08-29,32.77,76.188611,10.36,8.28,7.67,204.86,0.89,1.45,43.85,4138.41
4035,SAHU NALLAH D/S BHURI SINGH SHEP,DRAIN,HIMACHAL PRADESH,2023-09-28,32.77,76.188611,10.41,8.29,6.97,204.12,0.91,1.55,42.76,4250.66
4035,SAHU NALLAH D/S BHURI SINGH SHEP,DRAIN,HIMACHAL PRADESH,2023-10-28,32.77,76.188611,10.25,8.42,7.36,202.8,0.9,1.53,41.36,4177.1
4035,SAHU NALLAH D/S BHURI SINGH SHEP,DRAIN,HIMACHAL PRADESH,2023-11-27,32.77,76.188611,9.47,8.71,7.05,184.0,0.87,1.39,42.04,4209.34
4035,SAHU NALLAH D/S BHURI SINGH SHEP,DRAIN,HIMACHAL PRADESH,2023-12-27,32.77,76.188611,10.43,7.98,7.26,196.79,0.95,1.42,43.8,4177.54
4035,SAHU NALLAH D/S BHURI SINGH SHEP,DRAIN,HIMACHAL PRADESH,2024-01-26,32.77,76.188611,9.46,7.94,6.71,183.43,0.9,1.42,40.93,4286.55
4035,SAHU NALLAH D/S BHURI SINGH SHEP,DRAIN,HIMACHAL PRADESH,2024-02-25,32.77,76.188611,9.92,7.61,7.16,189.97,0.85,1.42,41.73,4059.48
4035,SAHU NALLAH D/S BHURI SINGH SHEP,DRAIN,HIMACHAL PRADESH,2024-03-26,32.77,76.188611,9.34,7.6,7.24,183.72,0.92,1.45,40.51,4021.99
4035,SAHU NALLAH D/S BHURI SINGH SHEP,DRAIN,HIMACHAL PRADESH,2024-04-25,32.77,76.188611,9.15,7.89,6.52,186.65,0.88,1.46,39.16,4068.51
4035,SAHU NALLAH D/S BHURI SINGH SHEP,DRAIN,HIMACHAL PRADESH,2024-05-25,32.77,76.188611,8.99,7.54,6.43,189.65,0.88,1.41,40.23,3966.22
4035,SAHU NALLAH D/S BHURI SINGH SHEP,DRAIN,HIMACHAL PRADESH,2024-06-24,32.77,76.188611,9.51,7.98,6.77,177.62,0.89,1.29,42.52,3772.52
4035,SAHU NALLAH D/S BHURI SINGH SHEP,DRAIN,HIMACHAL PRADESH,2024-07-24,32.77,76.188611,9.07,7.41,6.71,175.14,0.87,1.3,38.23,3892.18
4035,SAHU NALLAH D/S BHURI SINGH SHEP,DRAIN,HIMACHAL PRADESH,2024-08-23,32.77,76.188611,8.92,7.82,6.2,185.78,0.8,1.36,40.23,3761.1
4035,SAHU NALLAH D/S BHURI SINGH SHEP,DRAIN,HIMACHAL PRADESH,2024-09-22,32.77,76.188611,9.56,7.83,6.81,174.7,0.8,1.36,38.03,3817.05
4035,SAHU NALLAH D/S BHURI SINGH SHEP,DRAIN,HIMACHAL PRADESH,2024-10-22,32.77,76.188611,8.47,7.4,6.69,169.15,0.86,1.27,40.99,4004.7
4035,SAHU NALLAH D/S BHURI SINGH SHEP,DRAIN,HIMACHAL PRADESH,2024-11-21,32.77,76.188611,9.4,7.64,6.33,176.9,0.76,1.31,36.75,3719.61
4462,SAINJ NALLAH (U/S SAINJ WATER SUPPLY SCHEME AT DARGI),DRAIN,HIMACHAL PRADESH,2023-01-01,31.769067,77.294816,14.26,7.88,7.95,398.75,1.0,1.4,20.47,805.76
4462,SAINJ NALLAH (U/S SAINJ WATER SUPPLY SCHEME AT DARGI),DRAIN,HIMACHAL PRADESH,2023-01-31,31.769067,77.294816,13.56,7.38,8.11,392.52,0.96,1.47,18.91,855.29
4462,SAINJ NALLAH (U/S SAINJ WATER SUPPLY SCHEME AT DARGI),DRAIN,HIMACHAL PRADESH,2023-03-02,31.769067,77.294816,14.66,7.4,8.41,396.82,0.97,1.44,19.92,829.73
4462,SAINJ NALLAH (U/S SAINJ WATER SUPPLY SCHEME AT DARGI),DRAIN,HIMACHAL PRADESH,2023-04-01,31.769067,77.294816,14.56,7.88,8.38,407.03,1.05,1.51,19.99,866.53
4462,SAINJ NALLAH (U/S SAINJ WATER SUPPLY SCHEME AT DARGI),DRAIN,HIMACHAL PRADESH,2023-05-01,31.769067,77.294816,14.1,8.21,8.02,396.21,1.04,1.45,20.98,812.12
4462,SAINJ NALLAH (U/S SAINJ WATER SUPPLY SCHEME AT DARGI),DRAIN,HIMACHAL PRADESH,2023-05-31,31.769067,77.294816,14.51,7.8,8.32,392.19,1.04,1.47,20.63,862.07
4462,SAINJ NALLAH (U/S SAINJ WATER SUPPLY SCHEME AT DARGI),DRAIN,HIMACHAL PRADESH,2023-06-30,31.769067,77.294816,14.42,7.72,8.04,394.14,1.09,1.47,20.58,820.32
4462,SAINJ NALLAH (U/S SAINJ WATER SUPPLY SCHEME AT DARGI),DRAIN,HIMACHAL PRADESH,2023-07-30,31.769067,77.294816,14.13,8.14,8.12,430.84,1.06,1.48,19.71,884.14
4462,SAINJ NALLAH (U/S SAINJ WATER SUPPLY SCHEME AT DARGI),DRAIN,HIMACHAL PRADESH,2023-08-29,31.769067,77.294816,15.47,7.74,8.18,435.65,1.08,1.57,21.24,866.33
4462,SAINJ NALLAH (U/S SAINJ WATER SUPPLY SCHEME AT DARGI),DRAIN,HIMACHAL PRADESH,2023-09-28,31.769067,77.294816,15.63,8.37,8.41,406.49,1.06,1.54,20.62,844.79
4462,SAINJ NALLAH (U/S SAINJ WATER SUPPLY SCHEME AT DARGI),DRAIN,HIMACHAL PRADESH,2023-10-28,31.769067,77.294816,15.31,8.15,8.99,443.77,1.03,1.52,21.92,866.19
4462,SAINJ NALLAH (U/S SAINJ WATER SUPPLY SCHEME AT DARGI),DRAIN,HIMACHAL PRADESH,2023-11-27,31.769067,77.294816,14.96,7.98,8.79,438.65,1.11,1.65,20.63,906.26
4462,SAINJ NALLAH (U/S SAINJ WATER SUPPLY SCHEME AT DARGI),DRAIN,HIMACHAL PRADESH,2023-12-27,31.769067,77.294816,15.29,8.73,8.46,442.7,1.1,1.56,20.53,876.21
4462,SAINJ NALLAH (U/S SAINJ WATER SUPPLY SCHEME AT DARGI),DRAIN,HIMACHAL PRADESH,2024-01-26,31.769067,77.294816,15.06,8.35,8.88,424.35,1.11,1.67,22.17,929.31
4462,SAINJ NALLAH (U/S SAINJ WATER SUPPLY SCHEME AT DARGI),DRAIN,HIMACHAL PRADESH,2024-02-25,31.769067,77.294816,15.69,8.4,8.86,456.28,1.09,1.57,22.72,894.72
4462,SAINJ NALLAH (U/S SAINJ WATER SUPPLY SCHEME AT DARGI),DRAIN,HIMACHAL PRADESH,2024-03-26,31.769067,77.294816,15.51,8.67,8.72,433.39,1.14,1.58,21.97,947.65
4462,SAINJ NALLAH (U/S SAINJ WATER SUPPLY SCHEME AT DARGI),DRAIN,HIMACHAL PRADESH,2024-04-25,31.769067,77.294816,16.36,8.43,8.67,450.02,1.1,1.6,22.05,958.45
4462,SAINJ NALLAH (U/S SAINJ WATER SUPPLY SCHEME AT DARGI),DRAIN,HIMACHAL PRADESH,2024-05-25,31.769067,77.294816,16.4,8.36,9.51,444.89,1.15,1.72,22.51,954.13
4462,SAINJ NALLAH (U/S SAINJ WATER SUPPLY SCHEME AT DARGI),DRAIN,HIMACHAL PRADESH,2024-06-24,31.769067,77.294816,16.03,8.54,8.95,446.85,1.12,1.64,22.9,960.79
4462,SAINJ NALLAH (U/S SAINJ WATER SUPPLY SCHEME AT DARGI),DRAIN,HIMACHAL PRADESH,2024-07-24,31.769067,77.294816,15.79,8.53,9.2,473.85,1.15,1.75,23.15,955.72
4462,SAINJ NALLAH (U/S SAINJ WATER SUPPLY SCHEME AT DARGI),DRAIN,HIMACHAL PRADESH,2024-08-23,31.769067,77.294816,15.93,8.98,9.16,464.45,1.21,1.64,23.51,957.61
4462,SAINJ NALLAH (U/S SAINJ WATER SUPPLY SCHEME AT DARGI),DRAIN,HIMACHAL PRADESH,2024-09-22,31.769067,77.294816,16.61,9.24,9.33,479.09,1.17,1.66,22.21,932.88
4462,SAINJ NALLAH (U/S SAINJ WATER SUPPLY SCHEME AT DARGI),DRAIN,HIMACHAL PRADESH,2024-10-22,31.769067,77.294816,16.38,9.17,9.11,482.35,1.14,1.73,23.89,992.03
4462,SAINJ NALLAH (U/S SAINJ WATER SUPPLY SCHEME AT DARGI),DRAIN,HIMACHAL PRADESH,2024-11-21,31.769067,77.294816,16.8,9.07,9.38,452.71,1.21,1.77,22.82,941.73
3867,SARVARI NALLAH BEFORE CONFLUENCE TO RIVER BEAS,DRAIN,HIMACHAL PRADESH,2023-01-01,31.959208,77.113219,10.49,8.44,7.77,158.44,0.97,0.94,85.32,301.64
3867,SARVARI NALLAH BEFORE CONFLUENCE TO RIVER BEAS,DRAIN,HIMACHAL PRADESH,2023-01-31,31.959208,77.113219,10.4,8.07,7.31,162.1,1.0,0.9,81.71,322.64
3867,SARVARI NALLAH BEFORE CONFLUENCE TO RIVER BEAS,DRAIN,HIMACHAL PRADESH,2023-03-02,31.959208,77.113219,10.77,8.3,7.53,171.46,1.05,0.96,89.47,295.85
3867,SARVARI NALLAH BEFORE CONFLUENCE TO RIVER BEAS,DRAIN,HIMACHAL PRADESH,2023-04-01,31.959208,77.113219,10.4,7.97,7.2,168.27,0.98,0.94,87.11,308.04
3867,SARVARI NALLAH BEFORE CONFLUENCE TO RIVER BEAS,DRAIN,HIMACHAL PRADESH,2023-05-01,31.959208,77.113219,11.0,8.24,7.28,168.93,0.96,0.94,86.52,296.65
3867,SARVARI NALLAH BEFORE CONFLUENCE TO RIVER BEAS,DRAIN,HIMACHAL PRADESH,2023-05-31,31.959208,77.113219,10.1,7.91,7.79,169.74,1.03,0.96,89.19,322.88
3867,SARVARI NALLAH BEFORE CONFLUENCE TO RIVER BEAS,DRAIN,HIMACHAL PRADESH,2023-06-30,31.959208,77.113219,10.08,8.22,7.33,161.88,1.04,0.91,87.5,310.7
3867,SARVARI NALLAH BEFORE CONFLUENCE TO RIVER BEAS,DRAIN,HIMACHAL PRADESH,2023-07-30,31.959208,77.113219,10.03,8.31,7.88,165.65,0.99,0.98,89.1,304.56
3867,SARVARI NALLAH BEFORE CONFLUENCE TO RIVER BEAS,DRAIN,HIMACHAL PRADESH,2023-08-29,31.959208,77.113219,10.58,8.04,7.69,158.71,1.02,0.92,89.89,319.46
3867,SARVARI NALLAH BEFORE CONFLUENCE TO RIVER BEAS,DRAIN,HIMACHAL PRADESH,2023-09-28,31.959208,77.113219,10.09,8.01,7.6,171.38,0.99,0.98,88.15,302.7
3867,SARVARI NALLAH BEFORE CONFLUENCE TO RIVER BEAS,DRAIN,HIMACHAL PRADESH,2023-10-28,31.959208,77.113219,10.65,8.17,7.27,157.45,1.04,0.91,82.85,307.34
3867,SARVARI NALLAH BEFORE CONFLUENCE TO RIVER BEAS,DRAIN,HIMACHAL PRADESH,2023-11-27,31.959208,77.113219,10.71,8.08,7.42,168.76,1.04,0.98,83.19,304.54
3867,SARVARI NALLAH BEFORE CONFLUENCE TO RIVER BEAS,DRAIN,HIMACHAL PRADESH,2023-12-27,31.959208,77.113219,11.0,7.9,7.67,163.68,0.96,0.91,88.3,297.38
3867,SARVARI NALLAH BEFORE CONFLUENCE TO RIVER BEAS,DRAIN,HIMACHAL PRADESH,2024-01-26,31.959208,77.113219,10.0,7.73,7.31,170.36,1.02,0.99,87.21,299.75
3867,SARVARI NALLAH BEFORE CONFLUENCE TO RIVER BEAS,DRAIN,HIMACHAL PRADESH,2024-02-25,31.959208,77.113219,10.35,8.44,7.78,165.46,0.99,0.95,84.76,312.12
3867,SARVARI NALLAH BEFORE CONFLUENCE TO RIVER BEAS,DRAIN,HIMACHAL PRADESH,2024-03-26,31.959208,77.113219,10.11,8.15,7.86,165.45,1.0,0.99,86.43,316.5
3867,SARVARI NALLAH BEFORE CONFLUENCE TO RIVER BEAS,DRAIN,HIMACHAL PRADESH,2024-04-25,31.959208,77.113219,10.18,7.76,7.46,169.54,0.97,0.99,85.46,318.18
3867,SARVARI NALLAH BEFORE CONFLUENCE TO RIVER BEAS,DRAIN,HIMACHAL PRADESH,2024-05-25,31.959208,77.113219,10.59,8.11,7.56,172.04,1.01,0.95,85.98,317.5
3867,SARVARI NALLAH BEFORE CONFLUENCE TO RIVER BEAS,DRAIN,HIMACHAL PRADESH,2024-06-24,31.959208,77.113219,10.23,8.3,7.85,158.34,0.99,0.94,86.15,296.25
3867,SARVARI NALLAH BEFORE CONFLUENCE TO RIVER BEAS,DRAIN,HIMACHAL PRADESH,2024-07-24,31.959208,77.113219,10.23,7.96,7.47,168.83,1.03,0.96,89.24,302.14
3867,SARVARI NALLAH BEFORE CONFLUENCE TO RIVER BEAS,DRAIN,HIMACHAL PRADESH,2024-08-23,31.959208,77.113219,10.62,7.97,7.51,167.04,1.0,0.92,82.92,324.71
3867,SARVARI NALLAH BEFORE CONFLUENCE TO RIVER BEAS,DRAIN,HIMACHAL PRADESH,2024-09-22,31.959208,77.113219,10.68,8.1,7.76,164.89,1.0,0.99,84.88,322.73
3867,SARVARI NALLAH BEFORE CONFLUENCE TO RIVER BEAS,DRAIN,HIMACHAL PRADESH,2024-10-22,31.959208,77.113219,10.31,7.95,7.58,155.96,0.98,0.97,88.89,301.84
3867,SARVARI NALLAH BEFORE CONFLUENCE TO RIVER BEAS,DRAIN,HIMACHAL PRADESH,2024-11-21,31.959208,77.113219,10.66,7.97,7.65,169.29,1.03,0.93,83.5,297.29
1870,"SUKHANA NALLAH AT PARWANOO NEAR KALKA BARRIER, EXIT POINT OF H. P.",DRAIN,HIMACHAL PRADESH,2023-01-01,30.83115,76.967303,9.67,6.7,7.96,765.11,13.08,7.7,812.12,829.45
1870,"SUKHANA NALLAH AT PARWANOO NEAR KALKA BARRIER, EXIT POINT OF H. P.",DRAIN,HIMACHAL PRADESH,2023-01-31,30.83115,76.967303,9.87,6.57,7.91,784.88,13.51,8.31,831.31,788.02
1870,"SUKHANA NALLAH AT PARWANOO NEAR KALKA BARRIER, EXIT POINT OF H. P.",DRAIN,HIMACHAL PRADESH,2023-03-02,30.83115,76.967303,9.62,6.67,7.94,802.53,13.31,8.37,770.78,792.42
1870,"SUKHANA NALLAH AT PARWANOO NEAR KALKA BARRIER, EXIT POINT OF H. P.",DRAIN,HIMACHAL PRADESH,2023-04-01,30.83115,76.967303,9.5,6.24,7.49,750.01,13.87,8.29,820.1,800.53
1870,"SUKHANA NALLAH AT PARWANOO NEAR KALKA BARRIER, EXIT POINT OF H. P.",DRAIN,HIMACHAL PRADESH,2023-05-01,30.83115,76.967303,9.26,6.51,7.83,756.78,13.92,8.36,804.35,815.01
1870,"SUKHANA NALLAH AT PARWANOO NEAR KALKA BARRIER, EXIT POINT OF H. P.",DRAIN,HIMACHAL PRADESH,2023-05-31,30.83115,76.967303,9.27,6.24,7.58,791.72,13.53,8.25,761.7,772.04
1870,"SUKHANA NALLAH AT PARWANOO NEAR KALKA BARRIER, EXIT POINT OF H. P.",DRAIN,HIMACHAL PRADESH,2023-06-30,30.83115,76.967303,9.05,6.51,7.56,755.92,13.08,7.84,778.01,775.05
1870,"SUKHANA NALLAH AT PARWANOO NEAR KALKA BARRIER, EXIT POINT OF H. P.",DRAIN,HIMACHAL PRADESH,2023-07-30,30.83115,76.967303,9.05,6.41,8.23,759.6,12.84,7.86,800.94,821.01
1870,"SUKHANA NALLAH AT PARWANOO NEAR KALKA BARRIER, EXIT POINT OF H. P.",DRAIN,HIMACHAL PRADESH,2023-08-29,30.83115,76.967303,9.9,6.69,8.19,791.79,14.06,8.24,790.96,808.64
1870,"SUKHANA NALLAH AT PARWANOO NEAR KALKA BARRIER, EXIT POINT OF H. P.",DRAIN,HIMACHAL PRADESH,2023-09-28,30.83115,76.967303,9.46,6.5,7.7,761.98,12.99,7.76,832.29,848.15
1870,"SUKHANA NALLAH AT PARWANOO NEAR KALKA BARRIER, EXIT POINT OF H. P.",DRAIN,HIMACHAL PRADESH,2023-10-28,30.83115,76.967303,9.28,6.74,7.54,740.26,14.02,8.47,833.37,801.86
1870,"SUKHANA NALLAH AT PARWANOO NEAR KALKA BARRIER, EXIT POINT OF H. P.",DRAIN,HIMACHAL PRADESH,2023-11-27,30.83115,76.967303,9.35,6.35,7.99,750.69,13.34,7.79,773.09,821.43
1870,"SUKHANA NALLAH AT PARWANOO NEAR KALKA BARRIER, EXIT POINT OF H. P.",DRAIN,HIMACHAL PRADESH,2023-12-27,30.83115,76.967303,9.15,6.61,7.46,742.51,13.48,7.71,794.3,770.94
1870,"SUKHANA NALLAH AT PARWANOO NEAR KALKA BARRIER, EXIT POINT OF H. P.",DRAIN,HIMACHAL PRADESH,2024-01-26,30.83115,76.967303,9.4,6.32,8.07,758.83,14.17,7.98,783.23,774.5
1870,"SUKHANA NALLAH AT PARWANOO NEAR KALKA BARRIER, EXIT POINT OF H. P.",DRAIN,HIMACHAL PRADESH,2024-02-25,30.83115,76.967303,9.19,6.22,7.96,730.26,13.16,7.79,797.22,816.47
1870,"SUKHANA NALLAH AT PARWANOO NEAR KALKA BARRIER, EXIT POINT OF H. P.",DRAIN,HIMACHAL PRADESH,2024-03-26,30.83115,76.967303,9.21,6.26,7.77,744.22,13.42,8.11,824.59,824.05
1870,"SUKHANA NALLAH AT PARWANOO NEAR KALKA BARRIER, EXIT POINT OF H. P.",DRAIN,HIMACHAL PRADESH,2024-04-25,30.83115,76.967303,9.09,6.31,8.08,768.41,13.17,8.21,812.41,810.53
1870,"SUKHANA NALLAH AT PARWANOO NEAR KALKA BARRIER, EXIT POINT OF H. P.",DRAIN,HIMACHAL PRADESH,2024-05-25,30.83115,76.967303,9.87,6.29,8.13,737.31,13.75,7.99,817.37,826.13
1870,"SUKHANA NALLAH AT PARWANOO NEAR KALKA BARRIER, EXIT POINT OF H. P.",DRAIN,HIMACHAL PRADESH,2024-06-24,30.83115,76.967303,9.54,6.43,7.69,764.17,13.45,8.28,807.64,803.76
1870,"SUKHANA NALLAH AT PARWANOO NEAR KALKA BARRIER, EXIT POINT OF H. P.",DRAIN,HIMACHAL PRADESH,2024-07-24,30.83115,76.967303,9.14,6.2,7.89,777.14,12.99,7.82,779.98,850.57
1870,"SUKHANA NALLAH AT PARWANOO NEAR KALKA BARRIER, EXIT POINT OF H. P.",DRAIN,HIMACHAL PRADESH,2024-08-23,30.83115,76.967303,9.88,6.36,8.14,804.2,13.98,8.42,786.21,798.58
1870,"SUKHANA NALLAH AT PARWANOO NEAR KALKA BARRIER, EXIT POINT OF H. P.",DRAIN,HIMACHAL PRADESH,2024-09-22,30.83115,76.967303,9.52,6.55,7.62,735.07,13.18,8.13,820.78,773.01
1870,"SUKHANA NALLAH AT PARWANOO NEAR KALKA BARRIER, EXIT POINT OF H. P.",DRAIN,HIMACHAL PRADESH,2024-10-22,30.83115,76.967303,9.46,6.67,8.04,806.83,13.55,8.3,792.2,797.24
1870,"SUKHANA NALLAH AT PARWANOO NEAR KALKA BARRIER, EXIT POINT OF H. P.",DRAIN,HIMACHAL PRADESH,2024-11-21,30.83115,76.967303,9.86,6.19,7.76,744.73,13.39,7.76,802.88,826.39
3875,SURAJMUKHI NALLAH U/S WSS GALAYANA D/S OF SHOOLINI UNIVERSITY,DRAIN,HIMACHAL PRADESH,2023-01-01,30.864266,77.118755,8.08,8.12,8.13,552.39,4.35,6.73,17.89,285.05
3875,SURAJMUKHI NALLAH U/S WSS GALAYANA D/S OF SHOOLINI UNIVERSITY,DRAIN,HIMACHAL PRADESH,2023-01-31,30.864266,77.118755,8.35,8.14,7.63,556.46,4.41,6.45,17.62,277.04
3875,SURAJMUKHI NALLAH U/S WSS GALAYANA D/S OF SHOOLINI UNIVERSITY,DRAIN,HIMACHAL PRADESH,2023-03-02,30.864266,77.118755,8.19,8.2,8.36,512.62,4.15,6.58,18.09,279.8
3875,SURAJMUKHI NALLAH U/S WSS GALAYANA D/S OF SHOOLINI UNIVERSITY,DRAIN,HIMACHAL PRADESH,2023-04-01,30.864266,77.118755,8.25,8.04,8.35,545.34,4.11,6.33,16.93,275.39
3875,SURAJMUKHI NALLAH U/S WSS GALAYANA D/S OF SHOOLINI UNIVERSITY,DRAIN,HIMACHAL PRADESH,2023-05-01,30.864266,77.118755,7.88,8.21,8.22,551.93,4.06,6.36,17.95,295.69
3875,SURAJMUKHI NALLAH U/S WSS GALAYANA D/S OF SHOOLINI UNIVERSITY,DRAIN,HIMACHAL PRADESH,2023-05-31,30.864266,77.118755,7.68,7.72,7.71,554.92,4.16,6.74,16.75,268.04
3875,SURAJMUKHI NALLAH U/S WSS GALAYANA D/S OF SHOOLINI UNIVERSITY,DRAIN,HIMACHAL PRADESH,2023-06-30,30.864266,77.118755,8.16,7.97,7.86,549.94,4.15,6.85,17.18,271.41
3875,SURAJMUKHI NALLAH U/S WSS GALAYANA D/S OF SHOOLINI UNIVERSITY,DRAIN,HIMACHAL PRADESH,2023-07-30,30.864266,77.118755,8.07,8.26,8.26,533.56,4.28,6.78,17.05,270.17
3875,SURAJMUKHI NALLAH U/S WSS GALAYANA D/S OF SHOOLINI UNIVERSITY,DRAIN,HIMACHAL PRADESH,2023-08-29,30.864266,77.118755,8.29,7.94,7.9,541.22,4.39,6.79,18.2,288.26
3875,SURAJMUKHI NALLAH U/S WSS GALAYANA D/S OF SHOOLINI UNIVERSITY,DRAIN,HIMACHAL PRADESH,2023-09-28,30.864266,77.118755,7.98,8.34,8.04,511.88,4.29,6.78,17.51,291.78
3875,SURAJMUKHI NALLAH U/S WSS GALAYANA D/S OF SHOOLINI UNIVERSITY,DRAIN,HIMACHAL PRADESH,2023-10-28,30.864266,77.118755,7.67,8.01,7.64,546.89,4.13,6.51,18.14,283.99
3875,SURAJMUKHI NALLAH U/S WSS GALAYANA D/S OF SHOOLINI UNIVERSITY,DRAIN,HIMACHAL PRADESH,2023-11-27,30.864266,77.118755,8.38,7.63,7.83,554.35,4.13,6.32,17.04,280.22
3875,SURAJMUKHI NALLAH U/S WSS GALAYANA D/S OF SHOOLINI UNIVERSITY,DRAIN,HIMACHAL PRADESH,2023-12-27,30.864266,77.118755,8.27,7.64,8.08,553.66,4.13,6.31,18.01,289.51
3875,SURAJMUKHI NALLAH U/S WSS GALAYANA D/S OF SHOOLINI UNIVERSITY,DRAIN,HIMACHAL PRADESH,2024-01-26,30.864266,77.118755,7.72,8.23,8.11,539.07,4.46,6.93,17.33,287.19
3875,SURAJMUKHI NALLAH U/S WSS GALAYANA D/S OF SHOOLINI UNIVERSITY,DRAIN,HIMACHAL PRADESH,2024-02-25,30.864266,77.118755,8.05,7.73,8.36,536.05,4.36,6.76,17.6,294.37
3875,SURAJMUKHI NALLAH U/S WSS GALAYANA D/S OF SHOOLINI UNIVERSITY,DRAIN,HIMACHAL PRADESH,2024-03-26,30.864266,77.118755,8.34,7.72,7.65,531.42,4.34,6.45,18.22,285.06
3875,SURAJMUKHI NALLAH U/S WSS GALAYANA D/S OF SHOOLINI UNIVERSITY,DRAIN,HIMACHAL PRADESH,2024-04-25,30.864266,77.118755,8.14,7.7,7.89,514.2,4.15,6.89,17.76,275.09
3875,SURAJMUKHI NALLAH U/S WSS GALAYANA D/S OF SHOOLINI UNIVERSITY,DRAIN,HIMACHAL PRADESH,2024-05-25,30.864266,77.118755,8.16,7.77,8.08,559.52,4.12,6.76,17.45,279.24
3875,SURAJMUKHI NALLAH U/S WSS GALAYANA D/S OF SHOOLINI UNIVERSITY,DRAIN,HIMACHAL PRADESH,2024-06-24,30.864266,77.118755,8.33,8.36,7.8,557.26,4.37,6.69,18.19,272.01
3875,SURAJMUKHI NALLAH U/S WSS GALAYANA D/S OF SHOOLINI UNIVERSITY,DRAIN,HIMACHAL PRADESH,2024-07-24,30.864266,77.118755,7.67,8.18,7.76,549.95,4.16,6.86,18.31,274.32
3875,SURAJMUKHI NALLAH U/S WSS GALAYANA D/S OF SHOOLINI UNIVERSITY,DRAIN,HIMACHAL PRADESH,2024-08-23,30.864266,77.118755,8.29,7.66,8.18,536.33,4.38,6.82,17.93,279.69
3875,SURAJMUKHI NALLAH U/S WSS GALAYANA D/S OF SHOOLINI UNIVERSITY,DRAIN,HIMACHAL PRADESH,2024-09-22,30.864266,77.118755,7.62,7.9,7.98,563.89,4.2,6.31,16.76,276.85
3875,SURAJMUKHI NALLAH U/S WSS GALAYANA D/S OF SHOOLINI UNIVERSITY,DRAIN,HIMACHAL PRADESH,2024-10-22,30.864266,77.118755,8.26,8.38,8.37,550.79,4.28,6.81,16.75,273.54
3875,SURAJMUKHI NALLAH U/S WSS GALAYANA D/S OF SHOOLINI UNIVERSITY,DRAIN,HIMACHAL PRADESH,2024-11-21,30.864266,77.118755,8.36,7.8,8.39,524.52,4.22,6.8,18.27,288.13
4480,SURAJMUKHI NALLAH D/S STP AT U/S OF SHOOLINI UNIVERSITY SAMTI SOLAN,DRAIN,HIMACHAL PRADESH,2023-01-01,30.861211,77.123345,7.34,7.64,8.37,506.5,1.86,5.54,12.42,192.77
4480,SURAJMUKHI NALLAH D/S STP AT U/S OF SHOOLINI UNIVERSITY SAMTI SOLAN,DRAIN,HIMACHAL PRADESH,2023-01-31,30.861211,77.123345,6.86,7.96,8.24,526.26,1.87,5.59,12.94,189.44
4480,SURAJMUKHI NALLAH D/S STP AT U/S OF SHOOLINI UNIVERSITY SAMTI SOLAN,DRAIN,HIMACHAL PRADESH,2023-03-02,30.861211,77.123345,7.01,7.37,7.6,541.83,1.76,5.52,12.62,180.75
4480,SURAJMUKHI NALLAH D/S STP AT U/S OF SHOOLINI UNIVERSITY SAMTI SOLAN,DRAIN,HIMACHAL PRADESH,2023-04-01,30.861211,77.123345,6.77,7.4,7.96,545.81,1.77,5.17,13.28,194.54
4480,SURAJMUKHI NALLAH D/S STP AT U/S OF SHOOLINI UNIVERSITY SAMTI SOLAN,DRAIN,HIMACHAL PRADESH,2023-05-01,30.861211,77.123345,6.65,7.59,8.11,536.73,1.73,5.1,12.61,192.33
4480,SURAJMUKHI NALLAH D/S STP AT U/S OF SHOOLINI UNIVERSITY SAMTI SOLAN,DRAIN,HIMACHAL PRADESH,2023-05-31,30.861211,77.123345,6.9,7.51,7.73,526.37,1.87,5.26,13.55,185.28
4480,SURAJMUKHI NALLAH D/S STP AT U/S OF SHOOLINI UNIVERSITY SAMTI SOLAN,DRAIN,HIMACHAL PRADESH,2023-06-30,30.861211,77.123345,6.92,7.95,7.69,519.93,1.88,5.23,12.58,191.92
4480,SURAJMUKHI NALLAH D/S STP AT U/S OF SHOOLINI UNIVERSITY SAMTI SOLAN,DRAIN,HIMACHAL PRADESH,2023-07-30,30.861211,77.123345,7.33,7.78,8.01,529.69,1.78,5.31,13.06,188.37
4480,SURAJMUKHI NALLAH D/S STP AT U/S OF SHOOLINI UNIVERSITY SAMTI SOLAN,DRAIN,HIMACHAL PRADESH,2023-08-29,30.861211,77.123345,6.77,7.83,8.04,526.14,1.85,5.41,12.45,194.28
4480,SURAJMUKHI NALLAH D/S STP AT U/S OF SHOOLINI UNIVERSITY SAMTI SOLAN,DRAIN,HIMACHAL PRADESH,2023-09-28,30.861211,77.123345,7.03,7.32,8.39,511.66,1.78,5.5,12.89,180.19
4480,SURAJMUKHI NALLAH D/S STP AT U/S OF SHOOLINI UNIVERSITY SAMTI SOLAN,DRAIN,HIMACHAL PRADESH,2023-10-28,30.861211,77.123345,6.8,7.8,8.13,540.23,1.73,5.08,12.85,185.04
4480,SURAJMUKHI NALLAH D/S STP AT U/S OF SHOOLINI UNIVERSITY SAMTI SOLAN,DRAIN,HIMACHAL PRADESH,2023-11-27,30.861211,77.123345,6.68,7.6,7.96,505.98,1.71,5.22,13.01,179.2
4480,SURAJMUKHI NALLAH D/S STP AT U/S OF SHOOLINI UNIVERSITY SAMTI SOLAN,DRAIN,HIMACHAL PRADESH,2023-12-27,30.861211,77.123345,6.72,7.54,8.19,515.48,1.75,5.23,12.69,182.39
4480,SURAJMUKHI NALLAH D/S STP AT U/S OF SHOOLINI UNIVERSITY SAMTI SOLAN,DRAIN,HIMACHAL PRADESH,2024-01-26,30.861211,77.123345,6.7,7.47,7.94,517.46,1.77,5.56,12.83,192.84
4480,SURAJMUKHI NALLAH D/S STP AT U/S OF SHOOLINI UNIVERSITY SAMTI SOLAN,DRAIN,HIMACHAL PRADESH,2024-02-25,30.861211,77.123345,7.16,7.61,8.17,540.19,1.86,5.37,12.49,187.02
4480,SURAJMUKHI NALLAH D/S STP AT U/S OF SHOOLINI UNIVERSITY SAMTI SOLAN,DRAIN,HIMACHAL PRADESH,2024-03-26,30.861211,77.123345,7.02,7.56,8.27,524.87,1.82,5.29,13.64,178.88
4480,SURAJMUKHI NALLAH D/S STP AT U/S OF SHOOLINI UNIVERSITY SAMTI SOLAN,DRAIN,HIMACHAL PRADESH,2024-04-25,30.861211,77.123345,6.96,7.78,7.6,518.67,1.78,5.34,13.38,192.04
4480,SURAJMUKHI NALLAH D/S STP AT U/S OF SHOOLINI UNIVERSITY SAMTI SOLAN,DRAIN,HIMACHAL PRADESH,2024-05-25,30.861211,77.123345,7.18,7.53,7.69,545.03,1.83,5.35,13.03,182.59
4480,SURAJMUKHI NALLAH D/S STP AT U/S OF SHOOLINI UNIVERSITY SAMTI SOLAN,DRAIN,HIMACHAL PRADESH,2024-06-24,30.861211,77.123345,6.99,7.59,7.6,527.76,1.75,5.23,12.93,180.06
4480,SURAJMUKHI NALLAH D/S STP AT U/S OF SHOOLINI UNIVERSITY SAMTI SOLAN,DRAIN,HIMACHAL PRADESH,2024-07-24,30.861211,77.123345,7.35,7.29,8.31,513.39,1.76,5.43,12.41,192.15
4480,SURAJMUKHI NALLAH D/S STP AT U/S OF SHOOLINI UNIVERSITY SAMTI SOLAN,DRAIN,HIMACHAL PRADESH,2024-08-23,30.861211,77.123345,7.09,7.34,8.13,528.04,1.85,5.09,12.5,187.44
4480,SURAJMUKHI NALLAH D/S STP AT U/S OF SHOOLINI UNIVERSITY SAMTI SOLAN,DRAIN,HIMACHAL PRADESH,2024-09-22,30.861211,77.123345,7.27,7.27,8.12,529.6,1.72,5.41,13.39,191.72
4480,SURAJMUKHI NALLAH D/S STP AT U/S OF SHOOLINI UNIVERSITY SAMTI SOLAN,DRAIN,HIMACHAL PRADESH,2024-10-22,30.861211,77.123345,7.17,7.69,8.26,533.41,1.75,5.2,13.41,180.34
4480,SURAJMUKHI NALLAH D/S STP AT U/S OF SHOOLINI UNIVERSITY SAMTI SOLAN,DRAIN,HIMACHAL PRADESH,2024-11-21,30.861211,77.123345,7.02,7.59,8.35,532.74,1.76,5.09,12.55,180.12
2789,"NALA AT D/S OF AKLAI MANDIR, VILLAGE- AKLAI, TALUKA- MALSHIRAS, DISTRICT- SOLAPUR.",DRAIN,MAHARASHTRA,2023-01-01,17.89403,75.026582,30.77,4.57,7.93,1442.82,10.59,1.38,87.41,525.93
2789,"NALA AT D/S OF AKLAI MANDIR, VILLAGE- AKLAI, TALUKA- MALSHIRAS, DISTRICT- SOLAPUR.",DRAIN,MAHARASHTRA,2023-01-31,17.89403,75.026582,29.55,4.86,7.81,1443.35,10.58,1.41,82.83,509.83
2789,"NALA AT D/S OF AKLAI MANDIR, VILLAGE- AKLAI, TALUKA- MALSHIRAS, DISTRICT- SOLAPUR.",DRAIN,MAHARASHTRA,2023-03-02,17.89403,75.026582,30.7,4.89,7.29,1559.7,9.73,1.31,87.38,517.91
2789,"NALA AT D/S OF AKLAI MANDIR, VILLAGE- AKLAI, TALUKA- MALSHIRAS, DISTRICT- SOLAPUR.",DRAIN,MAHARASHTRA,2023-04-01,17.89403,75.026582,31.74,4.67,7.47,1489.02,10.11,1.41,85.95,517.46
2789,"NALA AT D/S OF AKLAI MANDIR, VILLAGE- AKLAI, TALUKA- MALSHIRAS, DISTRICT- SOLAPUR.",DRAIN,MAHARASHTRA,2023-05-01,17.89403,75.026582,30.99,4.92,7.93,1525.62,9.64,1.29,86.22,534.57
2789,"NALA AT D/S OF AKLAI MANDIR, VILLAGE- AKLAI, TALUKA- MALSHIRAS, DISTRICT- SOLAPUR.",DRAIN,MAHARASHTRA,2023-05-31,17.89403,75.026582,32.41,4.56,7.51,1533.06,10.53,1.39,86.49,523.04
2789,"NALA AT D/S OF AKLAI MANDIR, VILLAGE- AKLAI, TALUKA- MALSHIRAS, DISTRICT- SOLAPUR.",DRAIN,MAHARASHTRA,2023-06-30,17.89403,75.026582,31.78,4.96,7.63,1548.46,10.39,1.33,87.29,540.65
2789,"NALA AT D/S OF AKLAI MANDIR, VILLAGE- AKLAI, TALUKA- MALSHIRAS, DISTRICT- SOLAPUR.",DRAIN,MAHARASHTRA,2023-07-30,17.89403,75.026582,31.9,4.83,7.32,1423.31,10.5,1.33,80.91,542.56
2789,"NALA AT D/S OF AKLAI MANDIR, VILLAGE- AKLAI, TALUKA- MALSHIRAS, DISTRICT- SOLAPUR.",DRAIN,MAHARASHTRA,2023-08-29,17.89403,75.026582,29.86,4.61,7.4,1542.13,9.8,1.35,83.22,503.57
2789,"NALA AT D/S OF AKLAI MANDIR, VILLAGE- AKLAI, TALUKA- MALSHIRAS, DISTRICT- SOLAPUR.",DRAIN,MAHARASHTRA,2023-09-28,17.89403,75.026582,29.63,4.76,7.39,1445.01,9.98,1.28,83.17,506.88
2789,"NALA AT D/S OF AKLAI MANDIR, VILLAGE- AKLAI, TALUKA- MALSHIRAS, DISTRICT- SOLAPUR.",DRAIN,MAHARASHTRA,2023-10-28,17.89403,75.026582,29.55,4.92,7.49,1546.86,10.51,1.37,87.9,516.92
2789,"NALA AT D/S OF AKLAI MANDIR, VILLAGE- AKLAI, TALUKA- MALSHIRAS, DISTRICT- SOLAPUR.",DRAIN,MAHARASHTRA,2023-11-27,17.89403,75.026582,29.83,4.87,7.54,1558.4,9.9,1.32,83.32,516.86
2789,"NALA AT D/S OF AKLAI MANDIR, VILLAGE- AKLAI, TALUKA- MALSHIRAS, DISTRICT- SOLAPUR.",DRAIN,MAHARASHTRA,2023-12-27,17.89403,75.026582,30.76,4.65,7.51,1466.12,10.39,1.31,81.14,528.16
2789,"NALA AT D/S OF AKLAI MANDIR, VILLAGE- AKLAI, TALUKA- MALSHIRAS, DISTRICT- SOLAPUR.",DRAIN,MAHARASHTRA,2024-01-26,17.89403,75.026582,30.14,4.59,7.37,1466.22,9.69,1.33,85.61,529.68
2789,"NALA AT D/S OF AKLAI MANDIR, VILLAGE- AKLAI, TALUKA- MALSHIRAS, DISTRICT- SOLAPUR.",DRAIN,MAHARASHTRA,2024-02-25,17.89403,75.026582,30.49,4.78,7.81,1491.93,10.19,1.35,87.18,550.97
2789,"NALA AT D/S OF AKLAI MANDIR, VILLAGE- AKLAI, TALUKA- MALSHIRAS, DISTRICT- SOLAPUR.",DRAIN,MAHARASHTRA,2024-03-26,17.89403,75.026582,32.39,4.95,7.91,1480.64,9.76,1.3,81.51,548.31
2789,"NALA AT D/S OF AKLAI MANDIR, VILLAGE- AKLAI, TALUKA- MALSHIRAS, DISTRICT- SOLAPUR.",DRAIN,MAHARASHTRA,2024-04-25,17.89403,75.026582,31.46,4.68,7.79,1533.57,9.77,1.37,86.67,499.75
2789,"NALA AT D/S OF AKLAI MANDIR, VILLAGE- AKLAI, TALUKA- MALSHIRAS, DISTRICT- SOLAPUR.",DRAIN,MAHARASHTRA,2024-05-25,17.89403,75.026582,31.58,4.72,7.51,1518.9,9.95,1.41,87.36,516.75
2789,"NALA AT D/S OF AKLAI MANDIR, VILLAGE- AKLAI, TALUKA- MALSHIRAS, DISTRICT- SOLAPUR.",DRAIN,MAHARASHTRA,2024-06-24,17.89403,75.026582,31.56,4.57,7.5,1492.12,9.87,1.3,88.58,543.24
2789,"NALA AT D/S OF AKLAI MANDIR, VILLAGE- AKLAI, TALUKA- MALSHIRAS, DISTRICT- SOLAPUR.",DRAIN,MAHARASHTRA,2024-07-24,17.89403,75.026582,31.06,4.57,7.51,1435.93,10.2,1.37,80.99,548.44
2789,"NALA AT D/S OF AKLAI MANDIR, VILLAGE- AKLAI, TALUKA- MALSHIRAS, DISTRICT- SOLAPUR.",DRAIN,MAHARASHTRA,2024-08-23,17.89403,75.026582,29.51,5.02,7.62,1552.62,9.78,1.32,81.51,543.15
2789,"NALA AT D/S OF AKLAI MANDIR, VILLAGE- AKLAI, TALUKA- MALSHIRAS, DISTRICT- SOLAPUR.",DRAIN,MAHARASHTRA,2024-09-22,17.89403,75.026582,31.68,4.65,7.31,1488.75,9.79,1.3,81.47,546.78
2789,"NALA AT D/S OF AKLAI MANDIR, VILLAGE- AKLAI, TALUKA- MALSHIRAS, DISTRICT- SOLAPUR.",DRAIN,MAHARASHTRA,2024-10-22,17.89403,75.026582,31.78,4.68,7.56,1525.21,9.61,1.37,88.72,546.98
2789,"NALA AT D/S OF AKLAI MANDIR, VILLAGE- AKLAI, TALUKA- MALSHIRAS, DISTRICT- SOLAPUR.",DRAIN,MAHARASHTRA,2024-11-21,17.89403,75.026582,30.3,4.65,7.84,1452.0,10.37,1.41,87.48,522.39
2178,"CHIKHALI NALA MEETS GODAVARI RIVER, VILLAGE- CHIKHALI, TALUKA- NASHIK, DISTRICT- NASHIK.",DRAIN,MAHARASHTRA,2023-01-01,18.68309,73.819812,25.49,3.11,7.7,869.18,10.54,2.83,83.76,113.73
2178,"CHIKHALI NALA MEETS GODAVARI RIVER, VILLAGE- CHIKHALI, TALUKA- NASHIK, DISTRICT- NASHIK.",DRAIN,MAHARASHTRA,2023-01-31,18.68309,73.819812,25.52,3.25,7.67,892.47,10.34,2.77,89.38,114.5
2178,"CHIKHALI NALA MEETS GODAVARI RIVER, VILLAGE- CHIKHALI, TALUKA- NASHIK, DISTRICT- NASHIK.",DRAIN,MAHARASHTRA,2023-03-02,18.68309,73.819812,25.79,3.28,7.45,974.52,10.61,2.75,84.77,114.61
2178,"CHIKHALI NALA MEETS GODAVARI RIVER, VILLAGE- CHIKHALI, TALUKA- NASHIK, DISTRICT- NASHIK.",DRAIN,MAHARASHTRA,2023-04-01,18.68309,73.819812,25.59,3.26,8.16,959.82,10.44,2.84,85.51,117.26
2178,"CHIKHALI NALA MEETS GODAVARI RIVER, VILLAGE- CHIKHALI, TALUKA- NASHIK, DISTRICT- NASHIK.",DRAIN,MAHARASHTRA,2023-05-01,18.68309,73.819812,24.35,3.21,7.61,936.62,10.82,2.78,92.88,120.82
2178,"CHIKHALI NALA MEETS GODAVARI RIVER, VILLAGE- CHIKHALI, TALUKA- NASHIK, DISTRICT- NASHIK.",DRAIN,MAHARASHTRA,2023-05-31,18.68309,73.819812,25.44,3.4,8.14,939.12,10.71,2.88,86.96,118.07
2178,"CHIKHALI NALA MEETS GODAVARI RIVER, VILLAGE- CHIKHALI, TALUKA- NASHIK, DISTRICT- NASHIK.",DRAIN,MAHARASHTRA,2023-06-30,18.68309,73.819812,26.01,3.38,8.02,923.53,10.78,2.94,95.48,118.16
2178,"CHIKHALI NALA MEETS GODAVARI RIVER, VILLAGE- CHIKHALI, TALUKA- NASHIK, DISTRICT- NASHIK.",DRAIN,MAHARASHTRA,2023-07-30,18.68309,73.819812,26.4,3.3,7.8,958.4,11.34,2.99,90.35,120.31
2178,"CHIKHALI NALA MEETS GODAVARI RIVER, VILLAGE- CHIKHALI, TALUKA- NASHIK, DISTRICT- NASHIK.",DRAIN,MAHARASHTRA,2023-08-29,18.68309,73.819812,26.41,3.2,8.26,956.03,11.52,3.1,90.67,114.55
2178,"CHIKHALI NALA MEETS GODAVARI RIVER, VILLAGE- CHIKHALI, TALUKA- NASHIK, DISTRICT- NASHIK.",DRAIN,MAHARASHTRA,2023-09-28,18.68309,73.819812,25.36,3.48,8.12,976.6,11.77,2.89,95.3,120.58
2178,"CHIKHALI NALA MEETS GODAVARI RIVER, VILLAGE- CHIKHALI, TALUKA- NASHIK, DISTRICT- NASHIK.",DRAIN,MAHARASHTRA,2023-10-28,18.68309,73.819812,27.16,3.35,8.51,1011.16,10.87,3.02,95.41,124.16
2178,"CHIKHALI NALA MEETS GODAVARI RIVER, VILLAGE- CHIKHALI, TALUKA- NASHIK, DISTRICT- NASHIK.",DRAIN,MAHARASHTRA,2023-11-27,18.68309,73.819812,26.43,3.47,8.42,1006.27,11.41,3.05,96.76,126.31
2178,"CHIKHALI NALA MEETS GODAVARI RIVER, VILLAGE- CHIKHALI, TALUKA- NASHIK, DISTRICT- NASHIK.",DRAIN,MAHARASHTRA,2023-12-27,18.68309,73.819812,26.84,3.45,8.71,1002.28,11.87,3.14,98.71,118.35
2178,"CHIKHALI NALA MEETS GODAVARI RIVER, VILLAGE- CHIKHALI, TALUKA- NASHIK, DISTRICT- NASHIK.",DRAIN,MAHARASHTRA,2024-01-26,18.68309,73.819812,27.41,3.56,8.3,1001.02,11.36,2.99,95.3,125.47
2178,"CHIKHALI NALA MEETS GODAVARI RIVER, VILLAGE- CHIKHALI, TALUKA- NASHIK, DISTRICT- NASHIK.",DRAIN,MAHARASHTRA,2024-02-25,18.68309,73.819812,27.71,3.57,8.86,1009.42,11.89,3.05,96.07,121.25
2178,"CHIKHALI NALA MEETS GODAVARI RIVER, VILLAGE- CHIKHALI, TALUKA- NASHIK, DISTRICT- NASHIK.",DRAIN,MAHARASHTRA,2024-03-26,18.68309,73.819812,27.67,3.57,8.29,1017.27,11.86,3.27,98.2,124.47
2178,"CHIKHALI NALA MEETS GODAVARI RIVER, VILLAGE- CHIKHALI, TALUKA- NASHIK, DISTRICT- NASHIK.",DRAIN,MAHARASHTRA,2024-04-25,18.68309,73.819812,28.23,3.63,8.93,1019.53,11.52,3.21,96.56,125.52
2178,"CHIKHALI NALA MEETS GODAVARI RIVER, VILLAGE- CHIKHALI, TALUKA- NASHIK, DISTRICT- NASHIK.",DRAIN,MAHARASHTRA,2024-05-25,18.68309,73.819812,28.9,3.58,8.42,1045.18,12.32,3.28,102.22,123.94
2178,"CHIKHALI NALA MEETS GODAVARI RIVER, VILLAGE- CHIKHALI, TALUKA- NASHIK, DISTRICT- NASHIK.",DRAIN,MAHARASHTRA,2024-06-24,18.68309,73.819812,27.08,3.73,8.7,1067.2,11.75,3.2,103.77,128.58
2178,"CHIKHALI NALA MEETS GODAVARI RIVER, VILLAGE- CHIKHALI, TALUKA- NASHIK, DISTRICT- NASHIK.",DRAIN,MAHARASHTRA,2024-07-24,18.68309,73.819812,29.53,3.59,8.55,1087.17,12.4,3.29,96.81,126.14
2178,"CHIKHALI NALA MEETS GODAVARI RIVER, VILLAGE- CHIKHALI, TALUKA- NASHIK, DISTRICT- NASHIK.",DRAIN,MAHARASHTRA,2024-08-23,18.68309,73.819812,28.51,3.66,8.94,1070.24,11.77,3.33,105.2,125.67
2178,"CHIKHALI NALA MEETS GODAVARI RIVER, VILLAGE- CHIKHALI, TALUKA- NASHIK, DISTRICT- NASHIK.",DRAIN,MAHARASHTRA,2024-09-22,18.68309,73.819812,29.74,3.54,9.07,1050.25,12.09,3.34,98.82,129.59
2178,"CHIKHALI NALA MEETS GODAVARI RIVER, VILLAGE- CHIKHALI, TALUKA- NASHIK, DISTRICT- NASHIK.",DRAIN,MAHARASHTRA,2024-10-22,18.68309,73.819812,29.83,3.85,8.84,1112.52,11.92,3.31,106.41,131.18
2178,"CHIKHALI NALA MEETS GODAVARI RIVER, VILLAGE- CHIKHALI, TALUKA- NASHIK, DISTRICT- NASHIK.",DRAIN,MAHARASHTRA,2024-11-21,18.68309,73.819812,28.12,3.63,9.28,1061.29,12.58,3.41,105.93,129.17
2790,"PIMPAL-PANERI NALA AT RATNAGIRI NEAR FINOLEX INDUSTRIES, VILLAGE- YAHGANIGAON, TALUKA- RATNAGIRI, DISTRICT- RATNAGIRI.",DRAIN,MAHARASHTRA,2023-01-01,16.890396,73.335499,27.93,7.38,6.45,2846.12,2.52,1.01,8.35,31.6
2790,"PIMPAL-PANERI NALA AT RATNAGIRI NEAR FINOLEX INDUSTRIES, VILLAGE- YAHGANIGAON, TALUKA- RATNAGIRI, DISTRICT- RATNAGIRI.",DRAIN,MAHARASHTRA,2023-01-31,16.890396,73.335499,30.05,7.29,6.7,2956.03,2.35,1.01,8.98,33.4
2790,"PIMPAL-PANERI NALA AT RATNAGIRI NEAR FINOLEX INDUSTRIES, VILLAGE- YAHGANIGAON, TALUKA- RATNAGIRI, DISTRICT- RATNAGIRI.",DRAIN,MAHARASHTRA,2023-03-02,16.890396,73.335499,27.82,7.66,6.53,2924.93,2.37,1.0,8.64,31.78
2790,"PIMPAL-PANERI NALA AT RATNAGIRI NEAR FINOLEX INDUSTRIES, VILLAGE- YAHGANIGAON, TALUKA- RATNAGIRI, DISTRICT- RATNAGIRI.",DRAIN,MAHARASHTRA,2023-04-01,16.890396,73.335499,28.62,7.56,6.59,2864.08,2.56,1.03,8.41,34.22
2790,"PIMPAL-PANERI NALA AT RATNAGIRI NEAR FINOLEX INDUSTRIES, VILLAGE- YAHGANIGAON, TALUKA- RATNAGIRI, DISTRICT- RATNAGIRI.",DRAIN,MAHARASHTRA,2023-05-01,16.890396,73.335499,30.06,7.61,6.82,2856.01,2.53,1.03,9.2,32.94
2790,"PIMPAL-PANERI NALA AT RATNAGIRI NEAR FINOLEX INDUSTRIES, VILLAGE- YAHGANIGAON, TALUKA- RATNAGIRI, DISTRICT- RATNAGIRI.",DRAIN,MAHARASHTRA,2023-05-31,16.890396,73.335499,30.08,7.52,6.85,2853.69,2.45,1.04,8.67,32.97
2790,"PIMPAL-PANERI NALA AT RATNAGIRI NEAR FINOLEX INDUSTRIES, VILLAGE- YAHGANIGAON, TALUKA- RATNAGIRI, DISTRICT- RATNAGIRI.",DRAIN,MAHARASHTRA,2023-06-30,16.890396,73.335499,30.81,7.91,6.7,3108.6,2.54,1.03,9.34,32.11
2790,"PIMPAL-PANERI NALA AT RATNAGIRI NEAR FINOLEX INDUSTRIES, VILLAGE- YAHGANIGAON, TALUKA- RATNAGIRI, DISTRICT- RATNAGIRI.",DRAIN,MAHARASHTRA,2023-07-30,16.890396,73.335499,29.77,7.9,7.03,3077.2,2.6,1.03,9.16,34.65
2790,"PIMPAL-PANERI NALA AT RATNAGIRI NEAR FINOLEX INDUSTRIES, VILLAGE- YAHGANIGAON, TALUKA- RATNAGIRI, DISTRICT- RATNAGIRI.",DRAIN,MAHARASHTRA,2023-08-29,16.890396,73.335499,29.83,8.18,6.81,3084.16,2.54,1.07,9.43,32.82
2790,"PIMPAL-PANERI NALA AT RATNAGIRI NEAR FINOLEX INDUSTRIES, VILLAGE- YAHGANIGAON, TALUKA- RATNAGIRI, DISTRICT- RATNAGIRI.",DRAIN,MAHARASHTRA,2023-09-28,16.890396,73.335499,31.18,8.25,6.81,2979.9,2.55,1.1,8.71,33.17
2790,"PIMPAL-PANERI NALA AT RATNAGIRI NEAR FINOLEX INDUSTRIES, VILLAGE- YAHGANIGAON, TALUKA- RATNAGIRI, DISTRICT- RATNAGIRI.",DRAIN,MAHARASHTRA,2023-10-28,16.890396,73.335499,31.28,7.77,7.32,3084.38,2.67,1.12,9.5,35.64
2790,"PIMPAL-PANERI NALA AT RATNAGIRI NEAR FINOLEX INDUSTRIES, VILLAGE- YAHGANIGAON, TALUKA- RATNAGIRI, DISTRICT- RATNAGIRI.",DRAIN,MAHARASHTRA,2023-11-27,16.890396,73.335499,31.4,8.39,7.5,3241.4,2.62,1.05,9.69,35.28
2790,"PIMPAL-PANERI NALA AT RATNAGIRI NEAR FINOLEX INDUSTRIES, VILLAGE- YAHGANIGAON, TALUKA- RATNAGIRI, DISTRICT- RATNAGIRI.",DRAIN,MAHARASHTRA,2023-12-27,16.890396,73.335499,31.86,8.39,7.02,3229.52,2.76,1.15,9.34,36.31
2790,"PIMPAL-PANERI NALA AT RATNAGIRI NEAR FINOLEX INDUSTRIES, VILLAGE- YAHGANIGAON, TALUKA- RATNAGIRI, DISTRICT- RATNAGIRI.",DRAIN,MAHARASHTRA,2024-01-26,16.890396,73.335499,31.8,8.03,7.44,3160.82,2.57,1.1,9.11,36.09
2790,"PIMPAL-PANERI NALA AT RATNAGIRI NEAR FINOLEX INDUSTRIES, VILLAGE- YAHGANIGAON, TALUKA- RATNAGIRI, DISTRICT- RATNAGIRI.",DRAIN,MAHARASHTRA,2024-02-25,16.890396,73.335499,30.45,7.98,7.06,3314.06,2.7,1.09,9.89,35.39
2790,"PIMPAL-PANERI NALA AT RATNAGIRI NEAR FINOLEX INDUSTRIES, VILLAGE- YAHGANIGAON, TALUKA- RATNAGIRI, DISTRICT- RATNAGIRI.",DRAIN,MAHARASHTRA,2024-03-26,16.890396,73.335499,33.18,8.49,7.72,3296.98,2.7,1.08,9.67,34.95
2790,"PIMPAL-PANERI NALA AT RATNAGIRI NEAR FINOLEX INDUSTRIES, VILLAGE- YAHGANIGAON, TALUKA- RATNAGIRI, DISTRICT- RATNAGIRI.",DRAIN,MAHARASHTRA,2024-04-25,16.890396,73.335499,31.69,8.28,7.61,3225.49,2.76,1.14,9.93,35.04
2790,"PIMPAL-PANERI NALA AT RATNAGIRI NEAR FINOLEX INDUSTRIES, VILLAGE- YAHGANIGAON, TALUKA- RATNAGIRI, DISTRICT- RATNAGIRI.",DRAIN,MAHARASHTRA,2024-05-25,16.890396,73.335499,32.68,8.67,7.21,3394.95,2.85,1.14,10.01,36.16
2790,"PIMPAL-PANERI NALA AT RATNAGIRI NEAR FINOLEX INDUSTRIES, VILLAGE- YAHGANIGAON, TALUKA- RATNAGIRI, DISTRICT- RATNAGIRI.",DRAIN,MAHARASHTRA,2024-06-24,16.890396,73.335499,33.64,8.84,7.78,3193.7,2.72,1.13,9.51,38.3
2790,"PIMPAL-PANERI NALA AT RATNAGIRI NEAR FINOLEX INDUSTRIES, VILLAGE- YAHGANIGAON, TALUKA- RATNAGIRI, DISTRICT- RATNAGIRI.",DRAIN,MAHARASHTRA,2024-07-24,16.890396,73.335499,31.97,8.29,7.7,3226.97,2.74,1.16,9.81,37.87
2790,"PIMPAL-PANERI NALA AT RATNAGIRI NEAR FINOLEX INDUSTRIES, VILLAGE- YAHGANIGAON, TALUKA- RATNAGIRI, DISTRICT- RATNAGIRI.",DRAIN,MAHARASHTRA,2024-08-23,16.890396,73.335499,33.54,8.34,7.67,3385.18,2.86,1.2,9.96,36.17
2790,"PIMPAL-PANERI NALA AT RATNAGIRI NEAR FINOLEX INDUSTRIES, VILLAGE- YAHGANIGAON, TALUKA- RATNAGIRI, DISTRICT- RATNAGIRI.",DRAIN,MAHARASHTRA,2024-09-22,16.890396,73.335499,33.23,9.1,7.61,3223.8,2.75,1.14,10.02,37.16
2790,"PIMPAL-PANERI NALA AT RATNAGIRI NEAR FINOLEX INDUSTRIES, VILLAGE- YAHGANIGAON, TALUKA- RATNAGIRI, DISTRICT- RATNAGIRI.",DRAIN,MAHARASHTRA,2024-10-22,16.890396,73.335499,33.63,8.98,7.89,3475.55,2.92,1.19,9.89,38.32
2790,"PIMPAL-PANERI NALA AT RATNAGIRI NEAR FINOLEX INDUSTRIES, VILLAGE- YAHGANIGAON, TALUKA- RATNAGIRI, DISTRICT- RATNAGIRI.",DRAIN,MAHARASHTRA,2024-11-21,16.890396,73.335499,35.09,9.08,7.74,3335.62,2.8,1.21,10.52,36.95
3923,GURADIH NALLAH AT PANPOSH,DRAIN,ODISHA,2023-01-01,22.23754,84.803447,28.01,4.03,7.06,547.46,6.13,5.04,28202.19,83787.96
3923,GURADIH NALLAH AT PANPOSH,DRAIN,ODISHA,2023-01-31,22.23754,84.803447,25.82,3.93,7.5,541.1,6.24,5.16,27202.5,80002.54
3923,GURADIH NALLAH AT PANPOSH,DRAIN,ODISHA,2023-03-02,22.23754,84.803447,26.25,3.78,7.54,500.6,6.06,4.8,27411.05,80789.94
3923,GURADIH NALLAH AT PANPOSH,DRAIN,ODISHA,2023-04-01,22.23754,84.803447,25.07,3.75,7.21,530.79,6.18,4.73,26992.24,81510.22
3923,GURADIH NALLAH AT PANPOSH,DRAIN,ODISHA,2023-05-01,22.23754,84.803447,25.68,3.94,6.78,487.65,6.05,5.07,26992.69,84195.5
3923,GURADIH NALLAH AT PANPOSH,DRAIN,ODISHA,2023-05-31,22.23754,84.803447,25.39,3.95,6.68,502.95,5.81,4.97,28344.66,78361.29
3923,GURADIH NALLAH AT PANPOSH,DRAIN,ODISHA,2023-06-30,22.23754,84.803447,25.75,3.88,6.61,503.58,5.99,4.95,26976.53,76740.46
3923,GURADIH NALLAH AT PANPOSH,DRAIN,ODISHA,2023-07-30,22.23754,84.803447,24.58,3.97,6.97,488.17,5.71,4.89,27976.69,80534.19
3923,GURADIH NALLAH AT PANPOSH,DRAIN,ODISHA,2023-08-29,22.23754,84.803447,24.31,3.81,6.9,502.54,5.78,4.59,28108.93,78581.66
3923,GURADIH NALLAH AT PANPOSH,DRAIN,ODISHA,2023-09-28,22.23754,84.803447,25.82,3.64,6.76,506.49,5.52,4.47,25933.45,76403.63
3923,GURADIH NALLAH AT PANPOSH,DRAIN,ODISHA,2023-10-28,22.23754,84.803447,23.65,3.5,6.93,483.13,5.79,4.34,26207.89,80741.1
3923,GURADIH NALLAH AT PANPOSH,DRAIN,ODISHA,2023-11-27,22.23754,84.803447,23.39,3.56,6.56,496.24,5.64,4.61,27084.93,74403.25
3923,GURADIH NALLAH AT PANPOSH,DRAIN,ODISHA,2023-12-27,22.23754,84.803447,24.11,3.78,6.47,485.33,5.75,4.68,27106.62,78651.67
3923,GURADIH NALLAH AT PANPOSH,DRAIN,ODISHA,2024-01-26,22.23754,84.803447,24.35,3.54,6.32,446.48,5.2,4.65,26824.49,75820.89
3923,GURADIH NALLAH AT PANPOSH,DRAIN,ODISHA,2024-02-25,22.23754,84.803447,22.57,3.56,6.2,462.75,5.36,4.24,24798.12,70169.23
3923,GURADIH NALLAH AT PANPOSH,DRAIN,ODISHA,2024-03-26,22.23754,84.803447,24.02,3.48,6.61,452.96,5.27,4.62,24326.75,74217.87
3923,GURADIH NALLAH AT PANPOSH,DRAIN,ODISHA,2024-04-25,22.23754,84.803447,23.21,3.58,6.41,471.09,5.08,4.47,24470.72,75113.2
3923,GURADIH NALLAH AT PANPOSH,DRAIN,ODISHA,2024-05-25,22.23754,84.803447,22.98,3.32,6.24,422.54,5.06,4.31,24054.78,69360.15
3923,GURADIH NALLAH AT PANPOSH,DRAIN,ODISHA,2024-06-24,22.23754,84.803447,23.11,3.36,6.4,441.79,5.5,4.13,23618.0,74165.32
3923,GURADIH NALLAH AT PANPOSH,DRAIN,ODISHA,2024-07-24,22.23754,84.803447,23.67,3.3,6.17,424.46,5.34,4.28,24640.55,71541.63
3923,GURADIH NALLAH AT PANPOSH,DRAIN,ODISHA,2024-08-23,22.23754,84.803447,22.28,3.44,5.93,412.12,5.22,4.31,24778.08,73299.16
3923,GURADIH NALLAH AT PANPOSH,DRAIN,ODISHA,2024-09-22,22.23754,84.803447,23.38,3.38,6.04,429.27,5.1,4.05,24466.39,66432.06
3923,GURADIH NALLAH AT PANPOSH,DRAIN,ODISHA,2024-10-22,22.23754,84.803447,22.68,3.12,5.69,402.81,5.26,4.31,24046.35,71079.32
3923,GURADIH NALLAH AT PANPOSH,DRAIN,ODISHA,2024-11-21,22.23754,84.803447,22.55,3.23,5.77,436.11,4.97,3.97,23484.77,66757.65
20046,MADURAI,STP,TAMIL NADU,2023-01-01,9.871421,78.104005,30.54,3.12,7.47,1420.21,10.67,0.68,5746.43,11107.27
20046,MADURAI,STP,TAMIL NADU,2023-01-31,9.871421,78.104005,31.81,3.13,6.94,1501.8,10.69,0.65,5564.0,10991.72
20046,MADURAI,STP,TAMIL NADU,2023-03-02,9.871421,78.104005,32.69,3.05,6.88,1390.39,11.11,0.66,5169.99,10537.87
20046,MADURAI,STP,TAMIL NADU,2023-04-01,9.871421,78.104005,32.63,2.96,7.33,1413.82,11.17,0.63,5291.98,10933.1
20046,MADURAI,STP,TAMIL NADU,2023-05-01,9.871421,78.104005,31.24,2.89,6.72,1468.23,11.03,0.66,5248.07,10591.33
20046,MADURAI,STP,TAMIL NADU,2023-05-31,9.871421,78.104005,30.53,3.12,7.26,1430.53,10.25,0.6,5168.8,11077.84
20046,MADURAI,STP,TAMIL NADU,2023-06-30,9.871421,78.104005,30.72,3.1,6.85,1398.24,10.96,0.62,5376.98,10478.79
20046,MADURAI,STP,TAMIL NADU,2023-07-30,9.871421,78.104005,29.7,2.85,7.06,1308.23,10.71,0.62,5276.78,10349.67
20046,MADURAI,STP,TAMIL NADU,2023-08-29,9.871421,78.104005,30.32,2.92,6.97,1381.88,10.24,0.59,5282.46,9888.61
20046,MADURAI,STP,TAMIL NADU,2023-09-28,9.871421,78.104005,28.15,2.98,6.48,1288.05,10.37,0.63,5246.6,10548.93
20046,MADURAI,STP,TAMIL NADU,2023-10-28,9.871421,78.104005,29.85,2.73,6.51,1355.34,10.26,0.59,4887.95,10180.43
20046,MADURAI,STP,TAMIL NADU,2023-11-27,9.871421,78.104005,30.66,2.87,6.41,1289.49,9.63,0.58,4784.6,10265.54
20046,MADURAI,STP,TAMIL NADU,2023-12-27,9.871421,78.104005,29.95,2.84,6.31,1259.11,9.77,0.56,4696.64,10173.48
20046,MADURAI,STP,TAMIL NADU,2024-01-26,9.871421,78.104005,27.07,2.9,6.39,1295.85,9.75,0.59,4955.32,9524.52
20046,MADURAI,STP,TAMIL NADU,2024-02-25,9.871421,78.104005,29.39,2.84,6.5,1259.59,9.28,0.58,4949.58,10114.56
20046,MADURAI,STP,TAMIL NADU,2024-03-26,9.871421,78.104005,26.67,2.64,6.61,1309.63,9.12,0.57,5077.12,9931.6
20046,MADURAI,STP,TAMIL NADU,2024-04-25,9.871421,78.104005,26.75,2.78,6.2,1290.49,9.87,0.57,4660.94,9300.35
20046,MADURAI,STP,TAMIL NADU,2024-05-25,9.871421,78.104005,26.0,2.65,6.54,1288.76,9.99,0.53,4805.49,9185.63
20046,MADURAI,STP,TAMIL NADU,2024-06-24,9.871421,78.104005,26.48,2.6,6.07,1236.54,8.93,0.57,4617.7,9320.88
20046,MADURAI,STP,TAMIL NADU,2024-07-24,9.871421,78.104005,26.85,2.74,6.24,1163.56,9.46,0.58,4665.81,9568.16
20046,MADURAI,STP,TAMIL NADU,2024-08-23,9.871421,78.104005,25.67,2.7,5.73,1160.22,8.76,0.55,4643.68,9666.16
20046,MADURAI,STP,TAMIL NADU,2024-09-22,9.871421,78.104005,27.49,2.62,5.73,1177.61,9.0,0.55,4371.15,9286.05
20046,MADURAI,STP,TAMIL NADU,2024-10-22,9.871421,78.104005,25.28,2.5,5.76,1127.82,9.13,0.56,4741.73,9068.44
20046,MADURAI,STP,TAMIL NADU,2024-11-21,9.871421,78.104005,27.0,2.55,5.93,1128.99,8.4,0.54,4491.04,8722.67
3054,"RIVER GODAVARI - OUTLET OF ASH POND EFFLUENTS OF M/S.NTPC, RAMAGUNDAM",DRAIN,TELANGANA,2023-01-01,18.758647,79.451014,26.92,3.67,9.6,858.86,3.26,2.47,9.91,142.65
3054,"RIVER GODAVARI - OUTLET OF ASH POND EFFLUENTS OF M/S.NTPC, RAMAGUNDAM",DRAIN,TELANGANA,2023-01-31,18.758647,79.451014,27.24,3.86,10.26,803.53,3.13,2.44,9.22,149.09
3054,"RIVER GODAVARI - OUTLET OF ASH POND EFFLUENTS OF M/S.NTPC, RAMAGUNDAM",DRAIN,TELANGANA,2023-03-02,18.758647,79.451014,27.55,3.82,9.44,790.34,3.16,2.32,9.71,144.31
3054,"RIVER GODAVARI - OUTLET OF ASH POND EFFLUENTS OF M/S.NTPC, RAMAGUNDAM",DRAIN,TELANGANA,2023-04-01,18.758647,79.451014,26.17,3.77,9.51,822.76,3.31,2.41,9.75,150.56
3054,"RIVER GODAVARI - OUTLET OF ASH POND EFFLUENTS OF M/S.NTPC, RAMAGUNDAM",DRAIN,TELANGANA,2023-05-01,18.758647,79.451014,27.65,3.92,10.3,805.62,3.11,2.3,9.82,153.72
3054,"RIVER GODAVARI - OUTLET OF ASH POND EFFLUENTS OF M/S.NTPC, RAMAGUNDAM",DRAIN,TELANGANA,2023-05-31,18.758647,79.451014,25.85,3.95,10.29,807.11,3.26,2.39,9.85,145.08
3054,"RIVER GODAVARI - OUTLET OF ASH POND EFFLUENTS OF M/S.NTPC, RAMAGUNDAM",DRAIN,TELANGANA,2023-06-30,18.758647,79.451014,26.98,3.7,9.62,841.69,3.14,2.45,9.67,152.24
3054,"RIVER GODAVARI - OUTLET OF ASH POND EFFLUENTS OF M/S.NTPC, RAMAGUNDAM",DRAIN,TELANGANA,2023-07-30,18.758647,79.451014,27.54,3.85,9.68,793.24,3.09,2.32,9.69,146.46
3054,"RIVER GODAVARI - OUTLET OF ASH POND EFFLUENTS OF M/S.NTPC, RAMAGUNDAM",DRAIN,TELANGANA,2023-08-29,18.758647,79.451014,26.51,3.94,9.7,833.73,3.17,2.47,9.79,155.21
3054,"RIVER GODAVARI - OUTLET OF ASH POND EFFLUENTS OF M/S.NTPC, RAMAGUNDAM",DRAIN,TELANGANA,2023-09-28,18.758647,79.451014,27.32,3.91,9.74,817.67,3.14,2.26,9.74,147.22
3054,"RIVER GODAVARI - OUTLET OF ASH POND EFFLUENTS OF M/S.NTPC, RAMAGUNDAM",DRAIN,TELANGANA,2023-10-28,18.758647,79.451014,27.88,3.74,9.59,840.46,3.2,2.3,9.73,151.14
3054,"RIVER GODAVARI - OUTLET OF ASH POND EFFLUENTS OF M/S.NTPC, RAMAGUNDAM",DRAIN,TELANGANA,2023-11-27,18.758647,79.451014,25.69,3.74,10.34,803.29,3.26,2.46,9.28,154.52
3054,"RIVER GODAVARI - OUTLET OF ASH POND EFFLUENTS OF M/S.NTPC, RAMAGUNDAM",DRAIN,TELANGANA,2023-12-27,18.758647,79.451014,27.43,3.73,10.33,840.6,3.05,2.27,9.75,149.82
3054,"RIVER GODAVARI - OUTLET OF ASH POND EFFLUENTS OF M/S.NTPC, RAMAGUNDAM",DRAIN,TELANGANA,2024-01-26,18.758647,79.451014,25.86,3.62,10.18,797.49,3.36,2.39,9.24,145.17
3054,"RIVER GODAVARI - OUTLET OF ASH POND EFFLUENTS OF M/S.NTPC, RAMAGUNDAM",DRAIN,TELANGANA,2024-02-25,18.758647,79.451014,25.88,3.8,9.93,787.97,3.19,2.31,9.95,151.85
3054,"RIVER GODAVARI - OUTLET OF ASH POND EFFLUENTS OF M/S.NTPC, RAMAGUNDAM",DRAIN,TELANGANA,2024-03-26,18.758647,79.451014,27.73,3.79,10.11,816.07,3.27,2.39,9.93,152.37
3054,"RIVER GODAVARI - OUTLET OF ASH POND EFFLUENTS OF M/S.NTPC, RAMAGUNDAM",DRAIN,TELANGANA,2024-04-25,18.758647,79.451014,26.81,3.79,9.39,786.06,3.32,2.43,9.4,143.77
3054,"RIVER GODAVARI - OUTLET OF ASH POND EFFLUENTS OF M/S.NTPC, RAMAGUNDAM",DRAIN,TELANGANA,2024-05-25,18.758647,79.451014,27.51,3.97,9.6,859.89,3.35,2.34,9.84,145.06
3054,"RIVER GODAVARI - OUTLET OF ASH POND EFFLUENTS OF M/S.NTPC, RAMAGUNDAM",DRAIN,TELANGANA,2024-06-24,18.758647,79.451014,27.62,3.64,10.09,793.82,3.3,2.31,9.66,154.54
3054,"RIVER GODAVARI - OUTLET OF ASH POND EFFLUENTS OF M/S.NTPC, RAMAGUNDAM",DRAIN,TELANGANA,2024-07-24,18.758647,79.451014,25.7,3.95,10.04,825.45,3.2,2.27,9.97,150.16
3054,"RIVER GODAVARI - OUTLET OF ASH POND EFFLUENTS OF M/S.NTPC, RAMAGUNDAM",DRAIN,TELANGANA,2024-08-23,18.758647,79.451014,27.96,3.84,9.65,801.81,3.25,2.3,9.17,141.82
3054,"RIVER GODAVARI - OUTLET OF ASH POND EFFLUENTS OF M/S.NTPC, RAMAGUNDAM",DRAIN,TELANGANA,2024-09-22,18.758647,79.451014,26.08,3.94,9.77,802.51,3.05,2.33,9.42,145.19
3054,"RIVER GODAVARI - OUTLET OF ASH POND EFFLUENTS OF M/S.NTPC, RAMAGUNDAM",DRAIN,TELANGANA,2024-10-22,18.758647,79.451014,27.57,3.86,10.22,829.83,3.35,2.37,9.2,142.91
3054,"RIVER GODAVARI - OUTLET OF ASH POND EFFLUENTS OF M/S.NTPC, RAMAGUNDAM",DRAIN,TELANGANA,2024-11-21,18.758647,79.451014,25.83,3.94,9.81,852.44,3.18,2.43,9.58,143.73
4665,"RIVER MANERU (TRIBUTARY OF GODAVARI) - OUTLET OF KTPP ASH POND JOINING TO MORANCHA VAGU, CHELPUR (V), GHANPUR (MULUGU) (M), , JAYASHANKAR BHUPALAPALLI DISTRICT",DRAIN,TELANGANA,2023-01-01,18.387251,79.832883,26.33,4.23,8.55,686.1,2.54,8.29,2.09,44.0
4665,"RIVER MANERU (TRIBUTARY OF GODAVARI) - OUTLET OF KTPP ASH POND JOINING TO MORANCHA VAGU, CHELPUR (V), GHANPUR (MULUGU) (M), , JAYASHANKAR BHUPALAPALLI DISTRICT",DRAIN,TELANGANA,2023-01-31,18.387251,79.832883,27.3,4.47,7.93,657.87,2.38,8.84,1.94,42.07
4665,"RIVER MANERU (TRIBUTARY OF GODAVARI) - OUTLET OF KTPP ASH POND JOINING TO MORANCHA VAGU, CHELPUR (V), GHANPUR (MULUGU) (M), , JAYASHANKAR BHUPALAPALLI DISTRICT",DRAIN,TELANGANA,2023-03-02,18.387251,79.832883,25.95,4.3,8.35,681.69,2.43,8.36,2.01,39.99
4665,"RIVER MANERU (TRIBUTARY OF GODAVARI) - OUTLET OF KTPP ASH POND JOINING TO MORANCHA VAGU, CHELPUR (V), GHANPUR (MULUGU) (M), , JAYASHANKAR BHUPALAPALLI DISTRICT",DRAIN,TELANGANA,2023-04-01,18.387251,79.832883,25.63,4.49,7.94,681.55,2.54,8.87,1.91,42.98
4665,"RIVER MANERU (TRIBUTARY OF GODAVARI) - OUTLET OF KTPP ASH POND JOINING TO MORANCHA VAGU, CHELPUR (V), GHANPUR (MULUGU) (M), , JAYASHANKAR BHUPALAPALLI DISTRICT",DRAIN,TELANGANA,2023-05-01,18.387251,79.832883,26.55,4.35,7.74,707.22,2.51,8.73,2.01,43.69
4665,"RIVER MANERU (TRIBUTARY OF GODAVARI) - OUTLET OF KTPP ASH POND JOINING TO MORANCHA VAGU, CHELPUR (V), GHANPUR (MULUGU) (M), , JAYASHANKAR BHUPALAPALLI DISTRICT",DRAIN,TELANGANA,2023-05-31,18.387251,79.832883,25.35,4.36,8.12,672.08,2.48,8.71,2.05,43.51
4665,"RIVER MANERU (TRIBUTARY OF GODAVARI) - OUTLET OF KTPP ASH POND JOINING TO MORANCHA VAGU, CHELPUR (V), GHANPUR (MULUGU) (M), , JAYASHANKAR BHUPALAPALLI DISTRICT",DRAIN,TELANGANA,2023-06-30,18.387251,79.832883,26.1,4.48,7.78,654.55,2.59,8.45,2.01,40.78
4665,"RIVER MANERU (TRIBUTARY OF GODAVARI) - OUTLET OF KTPP ASH POND JOINING TO MORANCHA VAGU, CHELPUR (V), GHANPUR (MULUGU) (M), , JAYASHANKAR BHUPALAPALLI DISTRICT",DRAIN,TELANGANA,2023-07-30,18.387251,79.832883,25.72,4.55,8.04,668.97,2.47,9.05,1.91,43.2
4665,"RIVER MANERU (TRIBUTARY OF GODAVARI) - OUTLET OF KTPP ASH POND JOINING TO MORANCHA VAGU, CHELPUR (V), GHANPUR (MULUGU) (M), , JAYASHANKAR BHUPALAPALLI DISTRICT",DRAIN,TELANGANA,2023-08-29,18.387251,79.832883,26.95,4.51,8.1,722.66,2.53,8.93,2.0,41.06
4665,"RIVER MANERU (TRIBUTARY OF GODAVARI) - OUTLET OF KTPP ASH POND JOINING TO MORANCHA VAGU, CHELPUR (V), GHANPUR (MULUGU) (M), , JAYASHANKAR BHUPALAPALLI DISTRICT",DRAIN,TELANGANA,2023-09-28,18.387251,79.832883,27.09,4.24,8.36,660.47,2.55,8.9,2.06,42.51
4665,"RIVER MANERU (TRIBUTARY OF GODAVARI) - OUTLET OF KTPP ASH POND JOINING TO MORANCHA VAGU, CHELPUR (V), GHANPUR (MULUGU) (M), , JAYASHANKAR BHUPALAPALLI DISTRICT",DRAIN,TELANGANA,2023-10-28,18.387251,79.832883,27.08,4.27,8.38,703.66,2.5,8.97,2.08,43.74
4665,"RIVER MANERU (TRIBUTARY OF GODAVARI) - OUTLET OF KTPP ASH POND JOINING TO MORANCHA VAGU, CHELPUR (V), GHANPUR (MULUGU) (M), , JAYASHANKAR BHUPALAPALLI DISTRICT",DRAIN,TELANGANA,2023-11-27,18.387251,79.832883,25.48,4.56,8.03,672.22,2.5,8.45,2.05,42.57
4665,"RIVER MANERU (TRIBUTARY OF GODAVARI) - OUTLET OF KTPP ASH POND JOINING TO MORANCHA VAGU, CHELPUR (V), GHANPUR (MULUGU) (M), , JAYASHANKAR BHUPALAPALLI DISTRICT",DRAIN,TELANGANA,2023-12-27,18.387251,79.832883,25.99,4.61,8.23,722.48,2.6,8.54,1.98,41.74
4665,"RIVER MANERU (TRIBUTARY OF GODAVARI) - OUTLET OF KTPP ASH POND JOINING TO MORANCHA VAGU, CHELPUR (V), GHANPUR (MULUGU) (M), , JAYASHANKAR BHUPALAPALLI DISTRICT",DRAIN,TELANGANA,2024-01-26,18.387251,79.832883,25.9,4.3,7.75,710.97,2.44,9.08,2.0,43.74
4665,"RIVER MANERU (TRIBUTARY OF GODAVARI) - OUTLET OF KTPP ASH POND JOINING TO MORANCHA VAGU, CHELPUR (V), GHANPUR (MULUGU) (M), , JAYASHANKAR BHUPALAPALLI DISTRICT",DRAIN,TELANGANA,2024-02-25,18.387251,79.832883,25.93,4.4,7.84,690.35,2.49,8.59,2.02,41.42
4665,"RIVER MANERU (TRIBUTARY OF GODAVARI) - OUTLET OF KTPP ASH POND JOINING TO MORANCHA VAGU, CHELPUR (V), GHANPUR (MULUGU) (M), , JAYASHANKAR BHUPALAPALLI DISTRICT",DRAIN,TELANGANA,2024-03-26,18.387251,79.832883,27.78,4.62,8.44,718.04,2.46,8.83,1.99,40.59
4665,"RIVER MANERU (TRIBUTARY OF GODAVARI) - OUTLET OF KTPP ASH POND JOINING TO MORANCHA VAGU, CHELPUR (V), GHANPUR (MULUGU) (M), , JAYASHANKAR BHUPALAPALLI DISTRICT",DRAIN,TELANGANA,2024-04-25,18.387251,79.832883,25.58,4.52,8.01,723.05,2.42,9.01,2.1,42.92
4665,"RIVER MANERU (TRIBUTARY OF GODAVARI) - OUTLET OF KTPP ASH POND JOINING TO MORANCHA VAGU, CHELPUR (V), GHANPUR (MULUGU) (M), , JAYASHANKAR BHUPALAPALLI DISTRICT",DRAIN,TELANGANA,2024-05-25,18.387251,79.832883,25.55,4.27,8.29,712.26,2.49,8.84,2.03,43.38
4665,"RIVER MANERU (TRIBUTARY OF GODAVARI) - OUTLET OF KTPP ASH POND JOINING TO MORANCHA VAGU, CHELPUR (V), GHANPUR (MULUGU) (M), , JAYASHANKAR BHUPALAPALLI DISTRICT",DRAIN,TELANGANA,2024-06-24,18.387251,79.832883,27.06,4.48,7.89,699.12,2.61,8.41,1.98,42.07
4665,"RIVER MANERU (TRIBUTARY OF GODAVARI) - OUTLET OF KTPP ASH POND JOINING TO MORANCHA VAGU, CHELPUR (V), GHANPUR (MULUGU) (M), , JAYASHANKAR BHUPALAPALLI DISTRICT",DRAIN,TELANGANA,2024-07-24,18.387251,79.832883,26.36,4.24,8.14,707.83,2.45,8.3,1.9,43.41
4665,"RIVER MANERU (TRIBUTARY OF GODAVARI) - OUTLET OF KTPP ASH POND JOINING TO MORANCHA VAGU, CHELPUR (V), GHANPUR (MULUGU) (M), , JAYASHANKAR BHUPALAPALLI DISTRICT",DRAIN,TELANGANA,2024-08-23,18.387251,79.832883,27.77,4.58,8.56,698.85,2.62,8.65,1.9,41.28
4665,"RIVER MANERU (TRIBUTARY OF GODAVARI) - OUTLET OF KTPP ASH POND JOINING TO MORANCHA VAGU, CHELPUR (V), GHANPUR (MULUGU) (M), , JAYASHANKAR BHUPALAPALLI DISTRICT",DRAIN,TELANGANA,2024-09-22,18.387251,79.832883,26.0,4.3,8.3,700.66,2.53,8.96,2.01,41.65
4665,"RIVER MANERU (TRIBUTARY OF GODAVARI) - OUTLET OF KTPP ASH POND JOINING TO MORANCHA VAGU, CHELPUR (V), GHANPUR (MULUGU) (M), , JAYASHANKAR BHUPALAPALLI DISTRICT",DRAIN,TELANGANA,2024-10-22,18.387251,79.832883,26.33,4.65,7.83,686.53,2.44,8.29,1.9,42.25
4665,"RIVER MANERU (TRIBUTARY OF GODAVARI) - OUTLET OF KTPP ASH POND JOINING TO MORANCHA VAGU, CHELPUR (V), GHANPUR (MULUGU) (M), , JAYASHANKAR BHUPALAPALLI DISTRICT",DRAIN,TELANGANA,2024-11-21,18.387251,79.832883,27.59,4.57,8.2,682.02,2.51,8.3,1.94,41.8
3055,"AMBERPET STP (339 MLD) - OUTLET , AMBERPET (V&M), HYDERABAD",STP,TELANGANA,2023-01-01,17.375853,78.529522,28.6,2.86,7.29,1470.27,17.27,5.87,25.43,567.14
3055,"AMBERPET STP (339 MLD) - OUTLET , AMBERPET (V&M), HYDERABAD",STP,TELANGANA,2023-01-31,17.375853,78.529522,28.19,2.89,7.56,1458.72,16.49,5.92,26.41,553.77
3055,"AMBERPET STP (339 MLD) - OUTLET , AMBERPET (V&M), HYDERABAD",STP,TELANGANA,2023-03-02,17.375853,78.529522,28.86,2.81,7.77,1531.14,17.72,5.94,24.53,591.22
3055,"AMBERPET STP (339 MLD) - OUTLET , AMBERPET (V&M), HYDERABAD",STP,TELANGANA,2023-04-01,17.375853,78.529522,28.84,2.8,7.79,1529.61,17.13,6.08,26.68,609.59
3055,"AMBERPET STP (339 MLD) - OUTLET , AMBERPET (V&M), HYDERABAD",STP,TELANGANA,2023-05-01,17.375853,78.529522,28.04,2.9,7.94,1483.27,18.41,6.07,26.45,565.63
3055,"AMBERPET STP (339 MLD) - OUTLET , AMBERPET (V&M), HYDERABAD",STP,TELANGANA,2023-05-31,17.375853,78.529522,30.55,2.77,7.77,1581.14,18.51,6.28,24.83,619.82
3055,"AMBERPET STP (339 MLD) - OUTLET , AMBERPET (V&M), HYDERABAD",STP,TELANGANA,2023-06-30,17.375853,78.529522,30.63,2.85,8.11,1493.62,18.04,6.45,26.51,586.54
3055,"AMBERPET STP (339 MLD) - OUTLET , AMBERPET (V&M), HYDERABAD",STP,TELANGANA,2023-07-30,17.375853,78.529522,30.86,2.78,8.22,1612.95,18.18,6.48,27.1,606.43
3055,"AMBERPET STP (339 MLD) - OUTLET , AMBERPET (V&M), HYDERABAD",STP,TELANGANA,2023-08-29,17.375853,78.529522,29.3,2.9,7.95,1591.47,17.96,6.5,26.89,600.4
3055,"AMBERPET STP (339 MLD) - OUTLET , AMBERPET (V&M), HYDERABAD",STP,TELANGANA,2023-09-28,17.375853,78.529522,30.72,2.97,8.35,1613.11,18.83,6.8,27.72,620.74
3055,"AMBERPET STP (339 MLD) - OUTLET , AMBERPET (V&M), HYDERABAD",STP,TELANGANA,2023-10-28,17.375853,78.529522,29.88,2.94,7.98,1628.83,19.31,6.85,27.98,596.92
3055,"AMBERPET STP (339 MLD) - OUTLET , AMBERPET (V&M), HYDERABAD",STP,TELANGANA,2023-11-27,17.375853,78.529522,31.56,2.91,8.55,1617.99,18.18,6.71,26.17,621.7
3055,"AMBERPET STP (339 MLD) - OUTLET , AMBERPET (V&M), HYDERABAD",STP,TELANGANA,2023-12-27,17.375853,78.529522,30.31,3.04,8.15,1691.17,19.35,6.57,28.52,638.69
3055,"AMBERPET STP (339 MLD) - OUTLET , AMBERPET (V&M), HYDERABAD",STP,TELANGANA,2024-01-26,17.375853,78.529522,31.15,3.06,8.5,1656.22,19.7,6.68,27.01,631.8
3055,"AMBERPET STP (339 MLD) - OUTLET , AMBERPET (V&M), HYDERABAD",STP,TELANGANA,2024-02-25,17.375853,78.529522,31.76,2.96,8.67,1701.84,19.45,6.93,28.41,627.46
3055,"AMBERPET STP (339 MLD) - OUTLET , AMBERPET (V&M), HYDERABAD",STP,TELANGANA,2024-03-26,17.375853,78.529522,32.68,3.14,8.4,1716.17,19.63,6.69,29.11,652.97
3055,"AMBERPET STP (339 MLD) - OUTLET , AMBERPET (V&M), HYDERABAD",STP,TELANGANA,2024-04-25,17.375853,78.529522,30.95,3.19,8.82,1679.91,19.58,6.81,28.58,648.15
3055,"AMBERPET STP (339 MLD) - OUTLET , AMBERPET (V&M), HYDERABAD",STP,TELANGANA,2024-05-25,17.375853,78.529522,31.24,3.2,8.4,1767.48,19.26,7.22,28.56,650.68
3055,"AMBERPET STP (339 MLD) - OUTLET , AMBERPET (V&M), HYDERABAD",STP,TELANGANA,2024-06-24,17.375853,78.529522,31.9,3.18,8.4,1736.58,19.72,6.76,29.75,636.43
3055,"AMBERPET STP (339 MLD) - OUTLET , AMBERPET (V&M), HYDERABAD",STP,TELANGANA,2024-07-24,17.375853,78.529522,31.56,3.1,8.57,1746.36,19.37,7.25,27.82,685.81
3055,"AMBERPET STP (339 MLD) - OUTLET , AMBERPET (V&M), HYDERABAD",STP,TELANGANA,2024-08-23,17.375853,78.529522,32.97,3.31,8.58,1687.1,20.25,7.12,28.69,652.88
3055,"AMBERPET STP (339 MLD) - OUTLET , AMBERPET (V&M), HYDERABAD",STP,TELANGANA,2024-09-22,17.375853,78.529522,33.2,3.33,9.07,1756.38,19.65,7.47,28.75,673.29
3055,"AMBERPET STP (339 MLD) - OUTLET , AMBERPET (V&M), HYDERABAD",STP,TELANGANA,2024-10-22,17.375853,78.529522,33.82,3.27,9.09,1736.37,19.88,7.42,29.16,700.86
3055,"AMBERPET STP (339 MLD) - OUTLET , AMBERPET (V&M), HYDERABAD",STP,TELANGANA,2024-11-21,17.375853,78.529522,33.21,3.4,9.23,1797.87,19.94,7.01,28.91,652.86
3050,WATER WORKS- GHAZIABAD,WATER TREATMENT PLANT (RAW WATER),UTTAR PRADESH,2023-01-01,28.643984,77.405794,22.77,5.88,7.14,187.12,1.04,0.3,1.99,2.08
3050,WATER WORKS- GHAZIABAD,WATER TREATMENT PLANT (RAW WATER),UTTAR PRADESH,2023-01-31,28.643984,77.405794,21.04,5.9,7.53,181.96,0.96,0.31,2.02,1.95
3050,WATER WORKS- GHAZIABAD,WATER TREATMENT PLANT (RAW WATER),UTTAR PRADESH,2023-03-02,28.643984,77.405794,21.56,5.65,7.05,174.74,0.97,0.31,2.05,1.94
3050,WATER WORKS- GHAZIABAD,WATER TREATMENT PLANT (RAW WATER),UTTAR PRADESH,2023-04-01,28.643984,77.405794,21.67,5.86,7.49,182.4,0.99,0.29,2.08,2.07
3050,WATER WORKS- GHAZIABAD,WATER TREATMENT PLANT (RAW WATER),UTTAR PRADESH,2023-05-01,28.643984,77.405794,21.31,5.44,7.36,180.22,0.99,0.3,1.96,1.96
3050,WATER WORKS- GHAZIABAD,WATER TREATMENT PLANT (RAW WATER),UTTAR PRADESH,2023-05-31,28.643984,77.405794,22.56,5.93,7.19,172.09,1.03,0.31,1.93,1.93
3050,WATER WORKS- GHAZIABAD,WATER TREATMENT PLANT (RAW WATER),UTTAR PRADESH,2023-06-30,28.643984,77.405794,22.83,5.48,7.64,186.01,1.02,0.29,1.96,2.08
3050,WATER WORKS- GHAZIABAD,WATER TREATMENT PLANT (RAW WATER),UTTAR PRADESH,2023-07-30,28.643984,77.405794,21.74,5.62,7.01,181.17,1.02,0.29,1.94,1.94
3050,WATER WORKS- GHAZIABAD,WATER TREATMENT PLANT (RAW WATER),UTTAR PRADESH,2023-08-29,28.643984,77.405794,21.97,5.4,6.95,182.19,0.95,0.3,2.04,2.05
3050,WATER WORKS- GHAZIABAD,WATER TREATMENT PLANT (RAW WATER),UTTAR PRADESH,2023-09-28,28.643984,77.405794,21.65,5.79,7.1,186.39,0.99,0.29,1.92,1.98
3050,WATER WORKS- GHAZIABAD,WATER TREATMENT PLANT (RAW WATER),UTTAR PRADESH,2023-10-28,28.643984,77.405794,21.65,5.84,7.63,179.77,1.05,0.31,2.08,1.94
3050,WATER WORKS- GHAZIABAD,WATER TREATMENT PLANT (RAW WATER),UTTAR PRADESH,2023-11-27,28.643984,77.405794,22.72,5.47,7.27,180.76,0.97,0.31,2.02,1.95
3050,WATER WORKS- GHAZIABAD,WATER TREATMENT PLANT (RAW WATER),UTTAR PRADESH,2023-12-27,28.643984,77.405794,22.42,5.78,7.51,176.13,0.99,0.29,1.98,2.08
3050,WATER WORKS- GHAZIABAD,WATER TREATMENT PLANT (RAW WATER),UTTAR PRADESH,2024-01-26,28.643984,77.405794,21.32,5.8,7.19,175.89,1.04,0.31,2.04,2.08
3050,WATER WORKS- GHAZIABAD,WATER TREATMENT PLANT (RAW WATER),UTTAR PRADESH,2024-02-25,28.643984,77.405794,21.76,5.46,7.5,188.63,0.99,0.31,1.93,1.91
3050,WATER WORKS- GHAZIABAD,WATER TREATMENT PLANT (RAW WATER),UTTAR PRADESH,2024-03-26,28.643984,77.405794,22.36,5.53,7.66,173.48,1.01,0.3,1.91,1.99
3050,WATER WORKS- GHAZIABAD,WATER TREATMENT PLANT (RAW WATER),UTTAR PRADESH,2024-04-25,28.643984,77.405794,21.11,5.54,7.46,188.52,0.98,0.3,1.94,1.95
3050,WATER WORKS- GHAZIABAD,WATER TREATMENT PLANT (RAW WATER),UTTAR PRADESH,2024-05-25,28.643984,77.405794,21.86,5.79,7.39,188.54,1.01,0.31,2.03,2.02
3050,WATER WORKS- GHAZIABAD,WATER TREATMENT PLANT (RAW WATER),UTTAR PRADESH,2024-06-24,28.643984,77.405794,22.73,5.57,7.66,175.62,0.95,0.29,2.09,2.09
3050,WATER WORKS- GHAZIABAD,WATER TREATMENT PLANT (RAW WATER),UTTAR PRADESH,2024-07-24,28.643984,77.405794,21.31,5.57,7.11,183.77,0.96,0.3,2.07,2.08
3050,WATER WORKS- GHAZIABAD,WATER TREATMENT PLANT (RAW WATER),UTTAR PRADESH,2024-08-23,28.643984,77.405794,22.4,5.7,7.4,176.47,1.03,0.3,1.97,1.97
3050,WATER WORKS- GHAZIABAD,WATER TREATMENT PLANT (RAW WATER),UTTAR PRADESH,2024-09-22,28.643984,77.405794,21.63,5.56,6.94,176.18,1.01,0.3,2.01,1.94
3050,WATER WORKS- GHAZIABAD,WATER TREATMENT PLANT (RAW WATER),UTTAR PRADESH,2024-10-22,28.643984,77.405794,22.26,5.59,7.54,187.63,0.98,0.3,2.07,2.03
3050,WATER WORKS- GHAZIABAD,WATER TREATMENT PLANT (RAW WATER),UTTAR PRADESH,2024-11-21,28.643984,77.405794,21.78,5.54,6.99,187.35,1.0,0.29,1.95,2.04
